{"type": "FeatureCollection", "features": [{"type": "Feature", "properties": {"name": "Algeria", "iso3": "DZA", "label": [1.7899, 29.23]}, "geometry": {"type": "MultiPolygon", "coordinates": [[[[8.5766, 36.9372], [8.6013, 36.8339], [8.4442, 36.7607], [8.3696, 36.6325], [8.2076, 36.5189], [8.3027, 36.4556], [8.3487, 36.368], [8.2471, 35.8018], [8.3181, 35.6549], [8.3164, 35.4031], [8.3942, 35.2039], [8.2769, 34.9795], [8.2456, 34.7341], [8.1234, 34.5639], [7.8383, 34.4103], [7.7485, 34.2545], [7.5139, 34.0805], [7.5002, 33.8325], [7.7313, 33.2685], [8.1125, 33.0553], [8.2109, 32.9267], [8.3334, 32.5436], [9.044, 32.0724], [9.5188, 30.2294], [9.3103, 30.1152], [9.6401, 29.6364], [9.8053, 29.177], [9.8426, 28.967], [9.8156, 28.5602], [9.8582, 28.0433], [9.916, 27.7857], [9.7476, 27.3309], [9.7954, 27.0448], [9.8944, 26.8479], [9.8832, 26.6308], [9.8594, 26.552], [9.4914, 26.3337], [9.4224, 26.1471], [9.4482, 26.0671], [10.0007, 25.3321], [10.0281, 25.051], [10.1195, 24.7902], [10.2559, 24.591], [10.3959, 24.4856], [10.6861, 24.5514], [11.5076, 24.3144], [11.9679, 23.5179], [7.4817, 20.8731], [5.8366, 19.4792], [5.7483, 19.4342], [3.3234, 18.9884], [3.1197, 19.1032], [3.1061, 19.1501], [3.2559, 19.4109], [3.2017, 19.5604], [3.2037, 19.7897], [3.1303, 19.8502], [2.8657, 19.956], [2.4062, 20.0639], [2.2193, 20.2478], [1.9288, 20.2727], [1.7532, 20.3316], [1.6854, 20.3784], [1.6106, 20.5556], [1.2902, 20.7136], [1.1657, 20.8174], [1.1455, 21.1022], [-4.517, 24.8045], [-8.6834, 27.2859], [-8.6784, 28.6894], [-7.6852, 29.3495], [-7.4857, 29.3922], [-7.1602, 29.6126], [-6.6354, 29.5688], [-6.5206, 29.6599], [-6.4797, 29.8204], [-6.0043, 29.8313], [-5.4488, 29.9569], [-5.1801, 30.1662], [-4.9683, 30.4654], [-4.3229, 30.6989], [-3.9854, 30.9135], [-3.6668, 30.964], [-3.6269, 31.0009], [-3.6245, 31.0658], [-3.8334, 31.1978], [-3.7892, 31.3618], [-3.8467, 31.6199], [-3.7682, 31.6896], [-3.4398, 31.7045], [-3.0174, 31.8343], [-2.9309, 32.0425], [-2.8634, 32.0747], [-2.4484, 32.13], [-1.2259, 32.1072], [-1.2621, 32.2711], [-1.2403, 32.3376], [-1.0655, 32.4683], [-1.111, 32.5523], [-1.45, 32.7848], [-1.6792, 33.3187], [-1.6313, 33.5667], [-1.7141, 33.7818], [-1.7069, 34.1761], [-1.7918, 34.3679], [-1.7333, 34.467], [-1.8497, 34.6073], [-1.7956, 34.7519], [-2.1318, 34.9708], [-2.2196, 35.1042], [-1.9133, 35.0942], [-1.6736, 35.1831], [-1.3358, 35.3643], [-1.0877, 35.5789], [-0.4261, 35.8615], [-0.1892, 35.8191], [-0.0482, 35.8328], [0.0479, 35.9005], [0.1517, 36.0631], [0.3122, 36.1624], [0.9717, 36.4439], [1.2572, 36.5196], [2.3429, 36.6103], [2.5934, 36.6007], [2.9729, 36.7845], [3.5205, 36.7951], [3.779, 36.8962], [4.7581, 36.8963], [5.2954, 36.6482], [5.7255, 36.7996], [6.0647, 36.8643], [6.2491, 36.9383], [6.3278, 37.046], [6.4865, 37.0857], [6.5759, 37.003], [6.9275, 36.9194], [7.2385, 36.9685], [7.2043, 37.0924], [7.4324, 37.0593], [7.6077, 36.9998], [7.7916, 36.8803], [7.9104, 36.8563], [8.1271, 36.9104], [8.5766, 36.9372]]]]}}, {"type": "Feature", "properties": {"name": "Angola", "iso3": "AGO", "label": [18.1238, -11.6588]}, "geometry": {"type": "MultiPolygon", "coordinates": [[[[13.0728, -4.6348], [12.8297, -4.7366], [12.5962, -4.9784], [12.4515, -5.0715], [12.5224, -5.1489], [12.5037, -5.6958], [12.2137, -5.7587], [12.1555, -5.6327], [12.2065, -5.4683], [12.1771, -5.3248], [12.0184, -5.0043], [12.2043, -4.7786], [12.3079, -4.7655], [12.3846, -4.6191], [12.6417, -4.5312], [12.7982, -4.4306], [12.8811, -4.4451], [13.048, -4.6192], [13.0728, -4.6348]]], [[[23.9665, -10.8718], [24.0467, -11.4054], [23.971, -11.6358], [23.9589, -12.1178], [23.9913, -12.4222], [23.8824, -12.799], [23.963, -12.9885], [21.9789, -13.001], [21.9798, -15.9556], [22.0402, -16.2628], [22.1507, -16.5972], [22.4595, -16.8151], [23.3807, -17.6406], [21.4169, -18.0007], [21.1135, -17.9558], [20.7455, -18.0197], [20.6251, -17.9967], [20.393, -17.8874], [19.6394, -17.8687], [18.9553, -17.8035], [18.7181, -17.7032], [18.4866, -17.4428], [18.3964, -17.3994], [14.4147, -17.3877], [14.0175, -17.4089], [13.938, -17.3888], [13.6943, -17.2335], [13.476, -17.04], [13.1012, -16.9677], [12.5481, -17.2127], [12.2134, -17.21], [12.1144, -17.1646], [12.014, -17.1686], [11.9025, -17.2266], [11.7431, -17.2492], [11.8189, -16.7041], [11.797, -15.9864], [11.7509, -15.8319], [11.8999, -15.7198], [12.0161, -15.5137], [12.0732, -15.2482], [12.2805, -14.6375], [12.3789, -14.0391], [12.5037, -13.7555], [12.5505, -13.4378], [12.8977, -13.0277], [12.9832, -12.7757], [13.417, -12.5204], [13.5979, -12.2861], [13.6855, -12.1238], [13.7854, -11.8128], [13.7843, -11.488], [13.8475, -11.0544], [13.8336, -10.9297], [13.739, -10.7571], [13.7214, -10.6336], [13.5395, -10.4207], [13.4954, -10.2571], [13.3322, -9.9989], [13.2875, -9.8268], [13.2094, -9.7032], [13.1557, -9.3896], [12.9985, -9.048], [12.9985, -8.991], [13.0468, -8.9223], [13.0928, -8.8997], [13.0538, -9.0068], [13.359, -8.6872], [13.3785, -8.3697], [12.8623, -7.2318], [12.8234, -6.9548], [12.5213, -6.5903], [12.2833, -6.1243], [12.3025, -6.0926], [12.7906, -6.0039], [13.0682, -5.8648], [13.1844, -5.8563], [13.3026, -5.8818], [13.9785, -5.8572], [14.3986, -5.8927], [16.3152, -5.8656], [16.4314, -5.9002], [16.5371, -5.9658], [16.6973, -6.1643], [16.743, -6.6185], [16.9194, -6.934], [16.9848, -7.2574], [17.1551, -7.4613], [17.536, -8.0759], [17.5796, -8.099], [17.9131, -8.0677], [18.0088, -8.1076], [18.1915, -8.0238], [18.5627, -7.9359], [18.9444, -8.0015], [19.3408, -7.9666], [19.3717, -7.6551], [19.4799, -7.4722], [19.4838, -7.2795], [19.5276, -7.1444], [19.6604, -7.0371], [19.8752, -6.9863], [20.59, -6.9199], [20.5358, -7.1828], [20.6078, -7.2777], [21.7816, -7.3146], [21.8416, -7.421], [21.7801, -7.8654], [21.8009, -8.1119], [21.8959, -8.3411], [21.9054, -8.6934], [21.8132, -9.4688], [21.8566, -9.5942], [22.0892, -9.8628], [22.1978, -10.0406], [22.2745, -10.2591], [22.307, -10.6913], [22.2805, -10.784], [22.2035, -10.8295], [22.1779, -10.8923], [22.2262, -11.122], [22.2788, -11.1941], [22.3149, -11.1986], [22.561, -11.0559], [23.0763, -11.0879], [23.464, -10.9693], [23.8339, -11.0137], [23.9012, -10.9832], [23.9287, -10.8915], [23.9665, -10.8718]]]]}}, {"type": "Feature", "properties": {"name": "Benin", "iso3": "BEN", "label": [2.3457, 9.6969]}, "geometry": {"type": "MultiPolygon", "coordinates": [[[[1.6227, 6.2168], [1.6109, 6.2508], [1.7779, 6.2946], [1.7432, 6.4263], [1.5985, 6.6102], [1.582, 6.877], [1.531, 6.9924], [1.6247, 6.9973], [1.6002, 9.05], [1.5663, 9.1373], [1.3857, 9.3617], [1.3471, 9.5675], [1.3301, 9.997], [0.78, 10.3596], [0.7875, 10.7103], [0.9005, 10.9933], [0.9851, 11.079], [1.0846, 11.0764], [1.1458, 11.2519], [1.3174, 11.2953], [1.4268, 11.4471], [1.5614, 11.4491], [1.6, 11.4006], [1.8576, 11.4434], [1.9804, 11.4184], [2.2309, 11.6291], [2.3633, 11.8401], [2.4127, 11.9993], [2.366, 12.2219], [2.6484, 12.2968], [2.8053, 12.3838], [2.8781, 12.3677], [3.1496, 12.1181], [3.2991, 11.9271], [3.4498, 11.852], [3.5954, 11.6963], [3.4905, 11.4992], [3.4878, 11.3954], [3.7164, 11.0796], [3.7568, 10.7688], [3.8345, 10.6074], [3.7718, 10.4176], [3.6466, 10.409], [3.5779, 10.2925], [3.6459, 10.1602], [3.5572, 9.9073], [3.3545, 9.8128], [3.3252, 9.7785], [3.3295, 9.667], [3.1361, 9.4516], [3.148, 9.3206], [3.0449, 9.0838], [2.7748, 9.0485], [2.7329, 8.7825], [2.686, 7.8737], [2.7193, 7.6163], [2.7852, 7.4769], [2.7505, 7.3951], [2.7567, 7.0679], [2.7214, 6.9803], [2.7746, 6.7117], [2.7064, 6.3692], [1.8182, 6.2606], [1.6227, 6.2168]]]]}}, {"type": "Feature", "properties": {"name": "Botswana", "iso3": "BWA", "label": [24.5847, -22.5234]}, "geometry": {"type": "MultiPolygon", "coordinates": [[[[25.2588, -17.7936], [25.224, -17.9152], [25.2423, -17.969], [25.3844, -18.142], [25.5583, -18.4418], [25.7612, -18.6492], [25.8119, -18.7971], [25.9394, -18.9387], [25.9507, -19.0817], [26.1681, -19.5383], [26.6782, -19.8928], [27.1782, -20.101], [27.2567, -20.232], [27.2808, -20.4787], [27.6246, -20.4836], [27.6996, -20.5307], [27.6694, -21.0643], [27.8441, -21.2615], [28.0141, -21.5542], [28.532, -21.6513], [29.0256, -21.7969], [29.0424, -22.0184], [29.1068, -22.0657], [29.2372, -22.0795], [29.3648, -22.1939], [29.1299, -22.2133], [29.0135, -22.2784], [28.9458, -22.3951], [28.8398, -22.4809], [28.3817, -22.5934], [28.2102, -22.6937], [28.0279, -22.8737], [27.9313, -23.0336], [27.7686, -23.1489], [27.7583, -23.1968], [27.6438, -23.2177], [27.4987, -23.3684], [27.3134, -23.4242], [27.0855, -23.5779], [26.987, -23.7046], [26.8351, -24.2408], [26.6178, -24.3955], [26.3972, -24.6136], [25.9121, -24.7475], [25.5838, -25.6062], [25.4437, -25.7145], [25.2134, -25.7563], [24.9989, -25.754], [24.8692, -25.8135], [24.7481, -25.8174], [24.3306, -25.7429], [24.193, -25.6329], [23.8938, -25.6009], [23.6707, -25.434], [23.3893, -25.2914], [23.266, -25.2666], [23.1487, -25.2887], [23.0221, -25.3241], [22.8788, -25.4579], [22.5977, -26.1327], [22.2176, -26.3889], [22.0909, -26.5802], [21.7883, -26.7101], [21.6947, -26.8409], [21.071, -26.8518], [20.8709, -26.8088], [20.7398, -26.8488], [20.6851, -26.8225], [20.6414, -26.7422], [20.6268, -26.4438], [20.815, -26.1649], [20.7932, -25.9156], [20.4307, -25.1471], [20.3452, -25.0299], [19.9805, -24.7768], [19.9773, -22.0002], [20.971, -22.0002], [20.9741, -18.3188], [22.0114, -18.1986], [23.2193, -17.9997], [23.2986, -18.0273], [23.5997, -18.46], [23.7005, -18.4243], [24.0026, -18.1541], [24.2439, -18.0234], [24.359, -17.9782], [24.5306, -18.0527], [24.7922, -17.8646], [24.9091, -17.8214], [25.216, -17.7876], [25.2588, -17.7936]]]]}}, {"type": "Feature", "properties": {"name": "Burkina Faso", "iso3": "BFA", "label": [-1.6035, 11.9745]}, "geometry": {"type": "MultiPolygon", "coordinates": [[[[0.9005, 10.9933], [0.4927, 10.955], [0.4842, 10.992], [-0.2995, 11.1669], [-0.3458, 11.0879], [-0.4303, 11.0933], [-0.4917, 11.0076], [-0.6271, 10.9274], [-0.7014, 10.989], [-1.0425, 11.0101], [-2.8299, 10.9984], [-2.9149, 10.5923], [-2.7866, 10.4019], [-2.8234, 10.3629], [-2.7665, 10.2382], [-2.7885, 10.1926], [-2.7498, 9.7972], [-2.7805, 9.7459], [-2.6959, 9.4813], [-2.7666, 9.4247], [-2.8167, 9.4258], [-2.9883, 9.6874], [-3.0958, 9.7521], [-3.2235, 9.8955], [-3.7906, 9.9172], [-4.2672, 9.7433], [-4.3322, 9.6457], [-4.4062, 9.648], [-4.5266, 9.7235], [-4.6258, 9.7136], [-4.9699, 9.9301], [-4.994, 10.0465], [-5.0999, 10.2416], [-5.2623, 10.3197], [-5.3823, 10.314], [-5.5235, 10.426], [-5.4571, 10.7714], [-5.4905, 11.0424], [-5.3474, 11.1303], [-5.2502, 11.3758], [-5.2294, 11.5225], [-5.2905, 11.6833], [-5.2881, 11.8279], [-5.1059, 11.9675], [-4.6993, 12.0762], [-4.5869, 12.155], [-4.4287, 12.3376], [-4.4219, 12.5816], [-4.4806, 12.6722], [-4.2271, 12.7937], [-4.2252, 12.8795], [-4.3287, 13.119], [-4.151, 13.3062], [-4.0512, 13.3824], [-3.9473, 13.4022], [-3.5276, 13.1827], [-3.3018, 13.2808], [-3.2486, 13.6584], [-2.9508, 13.6484], [-2.9171, 13.6795], [-2.9259, 13.7868], [-2.8739, 13.9507], [-2.7789, 14.0737], [-2.5867, 14.2276], [-2.4572, 14.2741], [-2.1132, 14.1685], [-2.0571, 14.1946], [-1.973, 14.4565], [-1.6951, 14.5085], [-1.0496, 14.8195], [-0.7604, 15.0478], [-0.6665, 15.0698], [-0.5365, 15.0779], [-0.4545, 15.0597], [-0.4054, 15.0125], [-0.2359, 15.0594], [0.2175, 14.9115], [0.1639, 14.4972], [0.3825, 14.2458], [0.3549, 14.139], [0.4292, 13.9721], [0.6182, 13.7034], [0.8979, 13.6109], [0.9777, 13.552], [1.0179, 13.4679], [1.2012, 13.3575], [1.1709, 13.3296], [0.9885, 13.3648], [0.9873, 13.0419], [1.0968, 13.0011], [1.5649, 12.6354], [1.7898, 12.6133], [1.9562, 12.7074], [2.0738, 12.714], [2.2115, 12.5384], [2.2214, 12.4272], [2.0584, 12.358], [2.3892, 11.8971], [2.2872, 11.6913], [1.9804, 11.4184], [1.8576, 11.4434], [1.6, 11.4006], [1.5614, 11.4491], [1.4268, 11.4471], [1.3174, 11.2953], [1.1458, 11.2519], [1.0846, 11.0764], [0.9851, 11.079], [0.9246, 10.9928], [0.9005, 10.9933]]]]}}, {"type": "Feature", "properties": {"name": "Burundi", "iso3": "BDI", "label": [29.9962, -3.0541]}, "geometry": {"type": "MultiPolygon", "coordinates": [[[[30.5536, -2.4001], [30.4242, -2.6416], [30.4733, -2.6943], [30.424, -2.824], [30.4335, -2.8745], [30.7803, -2.9849], [30.8111, -3.1164], [30.7902, -3.2746], [30.6261, -3.3474], [30.6319, -3.4187], [30.425, -3.5889], [30.3791, -3.7308], [30.2686, -3.8505], [30.1472, -4.0854], [29.9473, -4.3073], [29.7178, -4.4559], [29.4032, -4.4493], [29.3313, -4.0954], [29.2232, -3.9108], [29.2118, -3.8338], [29.2244, -3.0535], [29.0166, -2.7996], [29.0286, -2.6646], [29.0632, -2.6025], [29.1021, -2.5957], [29.2971, -2.673], [29.3498, -2.7915], [29.3902, -2.8086], [29.698, -2.7947], [29.8682, -2.7164], [29.9302, -2.3396], [30.1173, -2.4166], [30.2338, -2.3471], [30.4085, -2.313], [30.5289, -2.3956], [30.5536, -2.4001]]]]}}, {"type": "Feature", "properties": {"name": "Cabo Verde", "iso3": "CPV", "label": [-23.6492, 15.1308]}, "geometry": {"type": "MultiPolygon", "coordinates": [[[[-25.1698, 16.9465], [-25.3083, 16.9358], [-25.3371, 17.091], [-25.1135, 17.1937], [-25.0347, 17.1765], [-24.9797, 17.0947], [-25.0171, 17.0493], [-25.1698, 16.9465]]], [[[-23.4442, 15.008], [-23.5047, 14.9161], [-23.6372, 14.9235], [-23.7054, 14.9613], [-23.785, 15.0769], [-23.7481, 15.3285], [-23.5353, 15.1393], [-23.4442, 15.008]]], [[[-24.8871, 16.8181], [-25.02, 16.7972], [-25.0931, 16.8325], [-25.0701, 16.8707], [-24.9365, 16.9221], [-24.8919, 16.8465], [-24.8871, 16.8181]]], [[[-22.9177, 16.2373], [-22.7494, 16.2215], [-22.6819, 16.1133], [-22.7101, 16.0434], [-22.8205, 15.986], [-22.8841, 15.9927], [-22.9593, 16.0451], [-22.9161, 16.1484], [-22.9177, 16.2373]]], [[[-24.3083, 14.8563], [-24.3861, 14.8182], [-24.4405, 14.8348], [-24.5171, 14.9313], [-24.4969, 14.9803], [-24.392, 15.0383], [-24.3295, 15.0195], [-24.2958, 14.9295], [-24.3083, 14.8563]]], [[[-24.0877, 16.6225], [-24.0327, 16.572], [-24.2431, 16.5994], [-24.3224, 16.4931], [-24.3981, 16.6184], [-24.3929, 16.6645], [-24.2711, 16.6449], [-24.0877, 16.6225]]], [[[-22.8883, 16.6591], [-22.9203, 16.6079], [-22.9806, 16.7009], [-22.9909, 16.8088], [-22.9047, 16.8438], [-22.9039, 16.7321], [-22.8883, 16.6591]]], [[[-23.1821, 15.1368], [-23.2518, 15.1781], [-23.2103, 15.3235], [-23.1377, 15.3177], [-23.1159, 15.1667], [-23.1821, 15.1368]]]]}}, {"type": "Feature", "properties": {"name": "Cameroon", "iso3": "CMR", "label": [12.9941, 6.2528]}, "geometry": {"type": "MultiPolygon", "coordinates": [[[[8.5559, 4.7552], [8.801, 5.1975], [8.9351, 5.781], [8.9972, 5.9177], [9.3733, 6.3196], [9.66, 6.532], [9.7799, 6.7602], [10.1436, 6.9964], [10.2055, 6.8916], [10.4823, 6.8913], [10.5563, 7.0375], [10.6062, 7.0631], [10.7376, 6.9883], [11.0087, 6.7391], [11.1064, 6.4577], [11.2373, 6.4505], [11.4775, 6.5974], [11.5517, 6.6973], [11.5801, 6.8889], [11.8614, 7.1164], [11.7674, 7.2723], [12.016, 7.5897], [12.0252, 7.7278], [12.156, 7.9425], [12.2334, 8.2823], [12.4035, 8.5956], [12.5827, 8.6241], [12.7822, 8.8179], [12.8757, 9.3035], [12.9295, 9.4263], [13.1987, 9.5638], [13.2699, 10.0362], [13.4146, 10.1714], [13.5354, 10.6051], [13.6999, 10.8731], [13.8921, 11.1401], [13.9814, 11.2119], [14.2023, 11.2682], [14.5598, 11.4923], [14.6197, 12.151], [14.5189, 12.2982], [14.1975, 12.3838], [14.064, 13.0785], [14.2448, 13.0773], [14.4617, 13.0218], [14.5162, 12.9797], [14.5447, 12.8202], [14.6232, 12.7299], [14.7612, 12.6556], [14.8471, 12.5021], [14.8807, 12.2694], [15.0813, 11.8455], [15.078, 11.6426], [15.122, 11.5413], [15.0555, 11.3686], [15.0299, 11.1137], [15.1322, 10.6485], [15.2761, 10.3574], [15.5319, 10.0885], [15.6549, 10.0078], [15.5409, 9.9603], [15.1327, 9.9829], [14.8358, 9.9417], [14.2433, 9.9797], [14.1397, 9.9018], [13.9772, 9.6916], [14.005, 9.5887], [14.3323, 9.2035], [14.7328, 8.8657], [14.8607, 8.7986], [15.1162, 8.5573], [15.2523, 8.3224], [15.443, 7.8519], [15.5498, 7.7879], [15.5578, 7.738], [15.5324, 7.6044], [15.3791, 7.3582], [15.2067, 7.2062], [15.0346, 6.7844], [14.8619, 6.5557], [14.7641, 6.3164], [14.6995, 6.2502], [14.5121, 6.1619], [14.4312, 6.0387], [14.5031, 5.9169], [14.5772, 5.916], [14.6169, 5.8651], [14.6169, 5.4955], [14.563, 5.2799], [14.6406, 5.1791], [14.709, 4.6656], [14.7704, 4.5581], [15.0228, 4.3585], [15.0636, 4.2849], [15.1369, 4.0691], [15.1154, 4.0245], [15.0349, 4.0164], [15.0621, 3.9472], [15.1287, 3.8269], [15.775, 3.1272], [15.9049, 3.0958], [16.0635, 2.9086], [16.1067, 2.4735], [16.1834, 2.2701], [16.1766, 2.2048], [16.0801, 2.1068], [16.0696, 2.0217], [16.1361, 1.7242], [16.0594, 1.6762], [15.7416, 1.915], [15.6003, 1.9504], [15.3388, 1.9447], [15.1601, 2.0356], [15.0996, 2.0023], [14.9024, 2.0123], [14.875, 2.0805], [14.7629, 2.0752], [14.5789, 2.1991], [14.4841, 2.1547], [13.2936, 2.1616], [13.2203, 2.2564], [11.559, 2.3022], [11.3484, 2.2997], [11.3287, 2.1674], [9.9799, 2.1678], [9.8701, 2.2133], [9.8008, 2.3044], [9.8854, 2.9166], [9.9484, 3.0791], [9.915, 3.2396], [9.6721, 3.5376], [9.7657, 3.6238], [9.6424, 3.6118], [9.5562, 3.798], [9.6281, 3.87], [9.7396, 3.8529], [9.6399, 3.9653], [9.6889, 4.0564], [9.6695, 4.0767], [9.6004, 4.0269], [9.5506, 4.0284], [9.4837, 4.0661], [9.5008, 4.0007], [9.4253, 3.9223], [9.3109, 3.9404], [9.2491, 3.9979], [9.0001, 4.0916], [8.9771, 4.2304], [8.9136, 4.3578], [8.9183, 4.5538], [8.7619, 4.58], [8.6604, 4.671], [8.6896, 4.5502], [8.6562, 4.5164], [8.5744, 4.5262], [8.5328, 4.6059], [8.5705, 4.7521], [8.5559, 4.7552]]]]}}, {"type": "Feature", "properties": {"name": "Central African Rep.", "iso3": "CAF", "label": [20.0847, 6.3944]}, "geometry": {"type": "MultiPolygon", "coordinates": [[[[24.1474, 8.6656], [24.2209, 8.6083], [24.18, 8.4611], [24.2084, 8.3691], [24.2914, 8.2914], [24.7367, 8.1916], [24.8533, 8.1375], [25.2004, 7.8079], [25.2474, 7.7246], [25.1813, 7.5572], [25.2789, 7.4275], [25.3807, 7.3334], [25.889, 7.0649], [26.0365, 6.9552], [26.1693, 6.7817], [26.3618, 6.6353], [26.3086, 6.4553], [26.5143, 6.0692], [26.5937, 6.0175], [26.7264, 5.9982], [27.1439, 5.7229], [27.2291, 5.5625], [27.2567, 5.2896], [27.4033, 5.1092], [27.0719, 5.1998], [26.8221, 5.0624], [25.5251, 5.3121], [25.4002, 5.2559], [25.2493, 5.0246], [25.0652, 4.9674], [24.9784, 4.983], [24.7655, 4.9301], [24.4371, 5.01], [24.3198, 4.9941], [23.4172, 4.6631], [23.3129, 4.6635], [23.1159, 4.7369], [22.8646, 4.7239], [22.7117, 4.5917], [22.5057, 4.2077], [22.4222, 4.135], [21.687, 4.2814], [21.5376, 4.2448], [21.3502, 4.3114], [21.2298, 4.3022], [21.1256, 4.3322], [20.9558, 4.4131], [20.5581, 4.4627], [20.3936, 4.6862], [20.2264, 4.8296], [19.8065, 5.0893], [19.501, 5.1275], [19.3234, 5.0708], [19.0686, 4.8914], [18.8317, 4.5234], [18.6999, 4.3826], [18.5941, 4.3462], [18.5675, 4.2576], [18.6199, 4.1166], [18.6337, 3.9543], [18.5967, 3.6787], [18.6104, 3.4784], [18.4744, 3.623], [18.1609, 3.4998], [18.1113, 3.5511], [17.8804, 3.5539], [17.4916, 3.6873], [17.2247, 3.5984], [16.6733, 3.5352], [16.6107, 3.5054], [16.5704, 3.4631], [16.4768, 3.1651], [16.4686, 2.8317], [16.1834, 2.2701], [16.1067, 2.4735], [16.0635, 2.9086], [15.9049, 3.0958], [15.775, 3.1272], [15.1287, 3.8269], [15.0349, 4.0164], [15.1358, 4.0369], [15.0636, 4.2849], [15.0228, 4.3585], [14.7312, 4.6024], [14.6406, 5.1791], [14.563, 5.2799], [14.6169, 5.4955], [14.6169, 5.8651], [14.5772, 5.916], [14.5031, 5.9169], [14.4312, 6.0387], [14.4407, 6.0867], [14.5121, 6.1619], [14.7393, 6.2798], [14.8619, 6.5557], [15.0346, 6.7844], [15.2067, 7.2062], [15.3791, 7.3582], [15.4801, 7.5238], [15.845, 7.4753], [15.9576, 7.5076], [16.0307, 7.5721], [16.3789, 7.6835], [16.4044, 7.7724], [16.5453, 7.8655], [16.589, 7.7434], [16.7848, 7.551], [16.8903, 7.6337], [17.118, 7.7019], [17.247, 7.813], [17.6494, 7.9836], [18.5642, 8.0459], [18.6336, 8.1677], [18.9064, 8.4051], [19.1087, 8.6562], [18.886, 8.836], [18.8883, 8.8897], [19.0479, 8.995], [19.1455, 9.016], [19.6684, 9.0209], [19.9535, 9.0751], [20.0727, 9.1332], [20.3421, 9.1271], [20.6314, 9.3014], [20.891, 9.5271], [21.0095, 9.7132], [21.2639, 9.9746], [21.3524, 9.9691], [21.396, 10.0014], [21.528, 10.2078], [21.6327, 10.2383], [21.6827, 10.2898], [21.7258, 10.3666], [21.7065, 10.5748], [21.7715, 10.6428], [21.9648, 10.7367], [22.0432, 10.8227], [22.1562, 10.8261], [22.2359, 10.8941], [22.4938, 10.9962], [22.8601, 10.9197], [22.9644, 10.7518], [23.3123, 10.3879], [23.6463, 9.8229], [23.6227, 9.3406], [23.5961, 9.2619], [23.4683, 9.1147], [23.4891, 8.9933], [23.5519, 8.9432], [23.5373, 8.8158], [23.6793, 8.7325], [24.0481, 8.6913], [24.1474, 8.6656]]]]}}, {"type": "Feature", "properties": {"name": "Chad", "iso3": "TCD", "label": [18.9781, 12.7904]}, "geometry": {"type": "MultiPolygon", "coordinates": [[[[23.9803, 19.4966], [23.9708, 15.7215], [23.604, 15.746], [23.1052, 15.7025], [22.9339, 15.5331], [22.9695, 15.3113], [22.9323, 15.1621], [22.7633, 14.9987], [22.6792, 14.8515], [22.6709, 14.7225], [22.4678, 14.6334], [22.3815, 14.5505], [22.4493, 14.2842], [22.5386, 14.1619], [22.1731, 13.9106], [22.1064, 13.7998], [22.1076, 13.7303], [22.2214, 13.4716], [22.2281, 13.3296], [22.158, 13.215], [21.9902, 13.1131], [21.9077, 13.001], [21.8253, 12.7905], [21.8781, 12.6994], [21.9281, 12.6781], [22.2334, 12.7095], [22.3523, 12.6604], [22.4145, 12.5464], [22.3902, 12.463], [22.4725, 12.0678], [22.5644, 12.033], [22.581, 11.9901], [22.5563, 11.6695], [22.5911, 11.5799], [22.7834, 11.41], [22.849, 11.4033], [22.9227, 11.3449], [22.9377, 11.192], [22.8601, 10.9197], [22.4938, 10.9962], [22.2359, 10.8941], [22.1562, 10.8261], [22.0432, 10.8227], [21.9648, 10.7367], [21.7715, 10.6428], [21.7065, 10.5748], [21.7258, 10.3666], [21.6827, 10.2898], [21.6327, 10.2383], [21.528, 10.2078], [21.396, 10.0014], [21.3524, 9.9691], [21.2639, 9.9746], [21.0095, 9.7132], [20.9842, 9.6363], [20.7732, 9.4057], [20.3421, 9.1271], [20.0727, 9.1332], [19.9535, 9.0751], [19.6684, 9.0209], [19.1455, 9.016], [18.9563, 8.9389], [18.8883, 8.8897], [18.886, 8.836], [19.1087, 8.6562], [18.9064, 8.4051], [18.6336, 8.1677], [18.5642, 8.0459], [17.6494, 7.9836], [17.247, 7.813], [17.118, 7.7019], [16.8903, 7.6337], [16.7848, 7.551], [16.589, 7.7434], [16.5453, 7.8655], [16.4044, 7.7724], [16.3789, 7.6835], [16.0307, 7.5721], [15.9576, 7.5076], [15.845, 7.4753], [15.4801, 7.5238], [15.5526, 7.6645], [15.5498, 7.7879], [15.443, 7.8519], [15.2523, 8.3224], [15.1162, 8.5573], [14.8607, 8.7986], [14.7328, 8.8657], [14.3323, 9.2035], [14.005, 9.5887], [13.9772, 9.6916], [14.1397, 9.9018], [14.2433, 9.9797], [14.8358, 9.9417], [15.1327, 9.9829], [15.5409, 9.9603], [15.6549, 10.0078], [15.5319, 10.0885], [15.2761, 10.3574], [15.1322, 10.6485], [15.0299, 11.1137], [15.0555, 11.3686], [15.122, 11.5413], [15.078, 11.6426], [15.0813, 11.8455], [14.8807, 12.2694], [14.8471, 12.5021], [14.7612, 12.6556], [14.6232, 12.7299], [14.5447, 12.8202], [14.5162, 12.9797], [14.4617, 13.0218], [14.2448, 13.0773], [14.064, 13.0785], [13.6063, 13.7046], [13.4482, 14.3807], [13.6424, 14.6308], [13.8071, 14.9661], [14.368, 15.7501], [15.4743, 16.9084], [15.7351, 19.9041], [15.9632, 20.3462], [15.5871, 20.7333], [15.5403, 20.8749], [15.6073, 20.9544], [15.2937, 21.4115], [15.1818, 21.5234], [15.1723, 21.9221], [14.979, 22.9962], [15.9841, 23.4452], [23.5013, 19.7332], [23.9803, 19.4966]]]]}}, {"type": "Feature", "properties": {"name": "Comoros", "iso3": "COM", "label": [43.368, -11.6696]}, "geometry": {"type": "MultiPolygon", "coordinates": [[[[44.4764, -12.0815], [44.5268, -12.2195], [44.505, -12.3565], [44.2201, -12.1714], [44.3791, -12.1656], [44.4519, -12.0714], [44.4764, -12.0815]]], [[[43.7887, -12.307], [43.859, -12.3683], [43.6637, -12.3429], [43.6313, -12.2471], [43.7043, -12.256], [43.7887, -12.307]]], [[[43.4658, -11.9013], [43.3033, -11.844], [43.2267, -11.7519], [43.2561, -11.4321], [43.299, -11.3745], [43.3415, -11.3685], [43.393, -11.4086], [43.3794, -11.6142], [43.4915, -11.8621], [43.4658, -11.9013]]]]}}, {"type": "Feature", "properties": {"name": "Congo", "iso3": "COG", "label": [14.3746, -1.144]}, "geometry": {"type": "MultiPolygon", "coordinates": [[[[11.1302, -3.9163], [11.2345, -3.6908], [11.5043, -3.5203], [11.6857, -3.682], [11.8491, -3.6967], [11.8799, -3.6659], [11.8329, -3.5314], [11.9342, -3.3186], [11.7154, -3.177], [11.6891, -3.127], [11.7602, -2.9831], [11.6391, -2.8554], [11.5378, -2.8367], [11.5945, -2.671], [11.5752, -2.3971], [11.6055, -2.3426], [11.7268, -2.3947], [11.9503, -2.3448], [12.0645, -2.4126], [12.4464, -2.33], [12.4785, -2.112], [12.4321, -1.9289], [12.5904, -1.8269], [12.7936, -1.9318], [12.992, -2.3134], [13.3573, -2.4048], [13.4649, -2.3954], [13.6186, -2.2786], [13.7338, -2.1385], [13.7844, -2.1638], [13.8785, -2.3302], [13.8618, -2.4299], [13.8869, -2.4654], [13.9938, -2.4906], [14.0874, -2.4669], [14.1998, -2.3542], [14.1629, -2.2176], [14.2018, -2.1799], [14.2515, -2.0015], [14.384, -1.89], [14.4232, -1.7115], [14.4029, -1.5934], [14.4473, -1.5251], [14.4556, -1.4132], [14.4106, -0.9721], [14.4741, -0.5734], [14.3638, -0.4686], [14.2067, -0.4273], [14.0694, -0.2701], [13.898, -0.2426], [13.8601, -0.2033], [13.8846, 0.1908], [13.9496, 0.3538], [14.0875, 0.5366], [14.231, 0.5511], [14.3242, 0.6242], [14.4345, 0.8115], [14.4299, 0.9015], [14.303, 1.1208], [14.2397, 1.3226], [14.1809, 1.3702], [13.8514, 1.4187], [13.2741, 1.241], [13.2163, 1.2484], [13.1901, 1.2792], [13.2474, 1.3667], [13.1627, 1.6481], [13.1722, 1.7886], [13.2936, 2.1616], [14.4841, 2.1547], [14.5789, 2.1991], [14.7629, 2.0752], [14.875, 2.0805], [14.9024, 2.0123], [15.0996, 2.0023], [15.1601, 2.0356], [15.3388, 1.9447], [15.6003, 1.9504], [15.7416, 1.915], [16.0594, 1.6762], [16.1361, 1.7242], [16.0696, 2.0217], [16.0801, 2.1068], [16.1766, 2.2048], [16.1834, 2.2701], [16.4686, 2.8317], [16.4768, 3.1651], [16.5704, 3.4631], [16.6107, 3.5054], [16.6733, 3.5352], [17.2247, 3.5984], [17.438, 3.6846], [17.8804, 3.5539], [18.1113, 3.5511], [18.1609, 3.4998], [18.3182, 3.5808], [18.4744, 3.623], [18.4998, 3.6041], [18.5538, 3.5102], [18.6104, 3.4784], [18.6222, 3.3041], [18.4909, 2.9244], [18.2116, 2.4149], [18.0722, 2.0133], [18.0578, 1.5349], [17.9024, 1.1181], [17.8857, 0.8569], [17.9252, 0.5373], [17.8877, 0.2341], [17.7731, -0.0524], [17.7241, -0.2775], [17.7528, -0.549], [17.2788, -0.9996], [17.1076, -1.0645], [16.8799, -1.2259], [16.5407, -1.8401], [16.2153, -2.1778], [16.1916, -2.2791], [16.2174, -3.0303], [16.1468, -3.4642], [15.8725, -3.9343], [15.6001, -4.031], [15.526, -4.088], [15.481, -4.1718], [15.2672, -4.3076], [14.7793, -4.8457], [14.7079, -4.8817], [14.4616, -4.8649], [14.4107, -4.8312], [14.3654, -4.5855], [14.4498, -4.4495], [14.3583, -4.2994], [13.9409, -4.4847], [13.778, -4.4339], [13.7171, -4.4545], [13.6596, -4.7215], [13.4149, -4.8374], [13.2196, -4.7059], [13.1366, -4.6043], [13.0874, -4.602], [13.0728, -4.6348], [12.8811, -4.4451], [12.7982, -4.4306], [12.6417, -4.5312], [12.3846, -4.6191], [12.3079, -4.7655], [12.2043, -4.7786], [12.0184, -5.0043], [11.8207, -4.7555], [11.7809, -4.6766], [11.7775, -4.5658], [11.3938, -4.2003], [11.3645, -4.1306], [11.1302, -3.9163]]]]}}, {"type": "Feature", "properties": {"name": "C\u00f4te d'Ivoire", "iso3": "CIV", "label": [-5.8251, 8.0198]}, "geometry": {"type": "MultiPolygon", "coordinates": [[[[-3.0867, 5.1283], [-3.114, 5.0887], [-3.2464, 5.1141], [-3.2149, 5.1472], [-3.0867, 5.1283]]], [[[-7.9906, 10.1625], [-7.8142, 10.2366], [-7.6611, 10.4274], [-7.4979, 10.4398], [-7.3851, 10.3401], [-7.3632, 10.2594], [-7.1049, 10.2035], [-7.0171, 10.1433], [-6.9682, 10.1762], [-6.9917, 10.2519], [-6.9503, 10.3423], [-6.6933, 10.3495], [-6.6693, 10.3922], [-6.6861, 10.578], [-6.6541, 10.6564], [-6.5646, 10.5864], [-6.4239, 10.5591], [-6.4259, 10.6718], [-6.2611, 10.7241], [-6.1907, 10.4003], [-6.2384, 10.2616], [-6.1172, 10.2019], [-6.0346, 10.1948], [-5.8438, 10.3896], [-5.5566, 10.4399], [-5.3823, 10.314], [-5.2623, 10.3197], [-5.0999, 10.2416], [-4.994, 10.0465], [-4.9699, 9.9301], [-4.6258, 9.7136], [-4.5266, 9.7235], [-4.4062, 9.648], [-4.3322, 9.6457], [-4.2672, 9.7433], [-3.7906, 9.9172], [-3.2235, 9.8955], [-3.0958, 9.7521], [-2.9883, 9.6874], [-2.8167, 9.4258], [-2.7666, 9.4247], [-2.6959, 9.4813], [-2.7018, 9.3017], [-2.6742, 9.2826], [-2.7469, 9.0451], [-2.6899, 9.0251], [-2.6004, 8.8004], [-2.5059, 8.2087], [-2.6117, 8.1476], [-2.6134, 8.0467], [-2.7897, 7.9319], [-2.9591, 7.4545], [-2.9858, 7.2049], [-3.2358, 6.8072], [-3.2439, 6.6487], [-3.2006, 6.3482], [-2.9983, 5.7113], [-2.9623, 5.643], [-2.7937, 5.6001], [-2.755, 5.4325], [-2.8157, 5.153], [-2.9483, 5.1188], [-3.1687, 5.203], [-3.1514, 5.3483], [-3.2, 5.3545], [-3.2376, 5.3354], [-3.3476, 5.1307], [-3.8706, 5.2207], [-3.9842, 5.2932], [-4.1202, 5.3097], [-4.5528, 5.2799], [-4.6089, 5.2359], [-4.1152, 5.2616], [-4.0372, 5.2301], [-4.8997, 5.1383], [-4.9701, 5.1478], [-5.0237, 5.2036], [-5.2824, 5.2103], [-5.3675, 5.1508], [-5.1049, 5.1622], [-5.0618, 5.1307], [-5.5647, 5.0895], [-5.9138, 5.0109], [-6.8452, 4.6715], [-7.4261, 4.376], [-7.545, 4.3513], [-7.5716, 4.3864], [-7.5912, 4.8215], [-7.5689, 5.0807], [-7.5098, 5.1085], [-7.4852, 5.2364], [-7.4298, 5.3245], [-7.3999, 5.5506], [-7.4544, 5.8413], [-7.7304, 5.919], [-7.7965, 5.9751], [-7.8886, 6.2349], [-7.9816, 6.2861], [-8.2871, 6.319], [-8.4499, 6.4625], [-8.5396, 6.4681], [-8.6036, 6.5078], [-8.3326, 6.8016], [-8.3023, 6.981], [-8.2966, 7.074], [-8.4372, 7.5164], [-8.4864, 7.5585], [-8.43, 7.6019], [-8.2319, 7.5567], [-8.1154, 7.7607], [-8.1269, 7.8677], [-8.0099, 8.0785], [-8.0486, 8.1697], [-8.1406, 8.1814], [-8.2561, 8.2537], [-8.237, 8.4557], [-8.21, 8.4833], [-8.0491, 8.4953], [-7.8236, 8.4677], [-7.739, 8.3752], [-7.6961, 8.3756], [-7.6812, 8.4104], [-7.7196, 8.643], [-7.784, 8.7206], [-7.951, 8.7868], [-7.9382, 8.9798], [-7.778, 9.0809], [-7.9181, 9.1885], [-7.8962, 9.4159], [-8.031, 9.3977], [-8.137, 9.4957], [-8.1552, 9.9732], [-8.0135, 10.1253], [-7.9906, 10.1625]]]]}}, {"type": "Feature", "properties": {"name": "Dem. Rep. Congo", "iso3": "COD", "label": [23.7156, -4.5468]}, "geometry": {"type": "MultiPolygon", "coordinates": [[[[30.7512, -8.1937], [28.8981, -8.4854], [28.9345, -8.5902], [28.8695, -8.7858], [28.6812, -9.0146], [28.4007, -9.2248], [28.4002, -9.275], [28.5405, -9.5101], [28.6301, -9.8313], [28.6074, -10.3974], [28.6455, -10.5502], [28.6389, -10.6692], [28.5442, -10.8023], [28.3572, -11.483], [28.4825, -11.8121], [28.85, -12.1205], [29.0644, -12.3488], [29.4275, -12.4313], [29.4855, -12.4185], [29.5082, -12.2282], [29.7951, -12.1555], [29.7965, -13.3697], [29.7752, -13.4381], [29.7227, -13.4538], [29.6518, -13.4144], [29.6303, -13.2985], [29.5542, -13.2489], [29.2019, -13.3983], [29.1116, -13.3951], [29.0143, -13.3688], [28.9423, -13.3071], [28.9217, -13.2146], [28.6729, -12.8613], [28.5509, -12.8361], [28.4129, -12.5181], [27.8574, -12.2849], [27.6443, -12.2668], [27.5334, -12.1953], [27.4236, -11.9445], [27.2381, -11.7835], [27.1964, -11.6051], [27.1592, -11.5792], [27.0461, -11.6159], [26.9496, -11.8988], [26.824, -11.9652], [26.5964, -11.9721], [26.026, -11.8901], [25.6188, -11.7441], [25.5119, -11.7534], [25.3494, -11.623], [25.2826, -11.405], [25.3193, -11.2369], [25.2888, -11.2124], [24.6683, -11.3529], [24.5186, -11.4385], [24.3779, -11.4171], [24.3352, -11.3713], [24.3963, -11.2552], [24.3657, -11.1299], [24.3199, -11.0718], [24.1365, -11.026], [24.0784, -10.8915], [23.9665, -10.8718], [23.9287, -10.8915], [23.9012, -10.9832], [23.8339, -11.0137], [23.464, -10.9693], [23.0763, -11.0879], [22.561, -11.0559], [22.2788, -11.1941], [22.2262, -11.122], [22.1779, -10.8923], [22.2035, -10.8295], [22.2805, -10.784], [22.307, -10.6913], [22.2745, -10.2591], [22.1978, -10.0406], [22.0892, -9.8628], [21.8566, -9.5942], [21.8132, -9.4688], [21.9054, -8.6934], [21.8959, -8.3411], [21.8009, -8.1119], [21.7801, -7.8654], [21.8416, -7.421], [21.7816, -7.3146], [20.6078, -7.2777], [20.5358, -7.1828], [20.59, -6.9199], [19.8752, -6.9863], [19.6604, -7.0371], [19.5276, -7.1444], [19.4838, -7.2795], [19.4799, -7.4722], [19.3717, -7.6551], [19.3408, -7.9666], [18.9444, -8.0015], [18.5627, -7.9359], [18.1915, -8.0238], [18.0088, -8.1076], [17.9131, -8.0677], [17.5796, -8.099], [17.536, -8.0759], [17.1551, -7.4613], [16.9848, -7.2574], [16.9521, -7.157], [16.9658, -7.0621], [16.9194, -6.934], [16.743, -6.6185], [16.6973, -6.1643], [16.5371, -5.9658], [16.4314, -5.9002], [16.3152, -5.8656], [14.3986, -5.8927], [13.7646, -5.8552], [13.3026, -5.8818], [13.0033, -5.8361], [12.7916, -5.8777], [12.6807, -5.9608], [12.5146, -6.0042], [12.4117, -5.9863], [12.2137, -5.7587], [12.5037, -5.6958], [12.5224, -5.1489], [12.4515, -5.0715], [12.5962, -4.9784], [12.8297, -4.7366], [13.0573, -4.6511], [13.0874, -4.602], [13.1366, -4.6043], [13.2196, -4.7059], [13.4149, -4.8374], [13.6596, -4.7215], [13.7171, -4.4545], [13.778, -4.4339], [13.9409, -4.4847], [14.3583, -4.2994], [14.4498, -4.4495], [14.3654, -4.5855], [14.4107, -4.8312], [14.4616, -4.8649], [14.7079, -4.8817], [14.7793, -4.8457], [15.2672, -4.3076], [15.3946, -4.2449], [15.6001, -4.031], [15.8725, -3.9343], [15.99, -3.7662], [16.1468, -3.4642], [16.2174, -3.0303], [16.1916, -2.2791], [16.2153, -2.1778], [16.5407, -1.8401], [16.8799, -1.2259], [17.1076, -1.0645], [17.2788, -0.9996], [17.7528, -0.549], [17.7241, -0.2775], [17.7731, -0.0524], [17.8877, 0.2341], [17.9252, 0.5373], [17.8857, 0.8569], [17.9024, 1.1181], [18.0578, 1.5349], [18.0722, 2.0133], [18.2116, 2.4149], [18.4909, 2.9244], [18.6222, 3.3041], [18.5967, 3.6787], [18.6337, 3.9543], [18.6199, 4.1166], [18.5675, 4.2576], [18.5941, 4.3462], [18.6999, 4.3826], [18.8317, 4.5234], [19.0686, 4.8914], [19.3234, 5.0708], [19.501, 5.1275], [19.686, 5.1214], [19.8065, 5.0893], [20.2264, 4.8296], [20.3936, 4.6862], [20.5581, 4.4627], [20.9558, 4.4131], [21.1256, 4.3322], [21.2298, 4.3022], [21.3502, 4.3114], [21.5376, 4.2448], [21.687, 4.2814], [22.4222, 4.135], [22.5057, 4.2077], [22.7117, 4.5917], [22.8646, 4.7239], [23.1159, 4.7369], [23.3129, 4.6635], [23.4172, 4.6631], [24.3198, 4.9941], [24.4371, 5.01], [24.7655, 4.9301], [24.9784, 4.983], [25.0652, 4.9674], [25.2493, 5.0246], [25.4002, 5.2559], [25.5251, 5.3121], [26.8221, 5.0624], [27.0206, 5.1844], [27.1149, 5.1979], [27.4033, 5.1092], [27.491, 4.9676], [27.6642, 4.846], [27.7881, 4.6447], [27.9807, 4.5321], [28.1921, 4.3502], [28.4275, 4.3242], [28.7271, 4.505], [28.9394, 4.4871], [29.1515, 4.3882], [29.2249, 4.3919], [29.3849, 4.4984], [29.4696, 4.6118], [29.5521, 4.636], [29.6769, 4.5869], [29.8702, 4.3271], [30.1949, 3.9819], [30.5083, 3.8357], [30.5867, 3.6242], [30.7572, 3.6242], [30.8386, 3.4907], [30.8953, 3.4637], [30.9064, 3.4089], [30.8278, 3.2826], [30.754, 3.0418], [30.8508, 2.8937], [30.7695, 2.678], [30.7286, 2.4554], [30.8301, 2.4004], [30.9619, 2.4033], [31.0821, 2.2881], [31.1764, 2.2701], [31.274, 2.1463], [31.2527, 2.0446], [30.9426, 1.6828], [30.4778, 1.2388], [30.3211, 1.1853], [30.2401, 1.1028], [30.1829, 0.9735], [29.9429, 0.8192], [29.9345, 0.499], [29.7778, 0.1664], [29.7177, 0.0983], [29.6332, -0.4417], [29.6479, -0.5353], [29.5619, -0.9773], [29.577, -1.3879], [29.3517, -1.5176], [29.1966, -1.7199], [29.1294, -1.8603], [29.1315, -2.1951], [28.8764, -2.4003], [28.8576, -2.4467], [28.9218, -2.682], [29.0144, -2.7202], [29.0166, -2.7996], [29.2244, -3.0535], [29.2118, -3.8338], [29.2232, -3.9108], [29.3313, -4.0954], [29.4032, -4.4493], [29.3234, -4.8988], [29.607, -5.7227], [29.4801, -6.025], [29.5408, -6.3139], [29.7097, -6.6169], [30.1062, -6.915], [30.2127, -7.0379], [30.7209, -8.1044], [30.7512, -8.1937]]]]}}, {"type": "Feature", "properties": {"name": "Djibouti", "iso3": "DJI", "label": [42.6348, 11.7523]}, "geometry": {"type": "MultiPolygon", "coordinates": [[[[43.246, 11.4998], [42.9228, 10.9993], [42.783, 11.0093], [42.655, 11.0783], [42.5577, 11.0808], [41.9574, 10.941], [41.7982, 10.9805], [41.7646, 11.4129], [41.7927, 11.686], [41.9959, 11.9124], [42.3785, 12.4664], [42.45, 12.5213], [42.7037, 12.3803], [42.7675, 12.4229], [42.8659, 12.6228], [43.1167, 12.7086], [43.3535, 12.367], [43.4098, 12.1899], [43.3803, 12.0913], [43.2721, 11.9695], [43.048, 11.8291], [42.799, 11.7394], [42.64, 11.5601], [42.5218, 11.5722], [42.5397, 11.5043], [42.5838, 11.4968], [42.9115, 11.5866], [43.1617, 11.566], [43.246, 11.4998]]]]}}, {"type": "Feature", "properties": {"name": "Egypt", "iso3": "EGY", "label": [30.8037, 27.6394]}, "geometry": {"type": "MultiPolygon", "coordinates": [[[[36.8714, 21.9967], [31.4345, 21.9959], [31.4861, 22.1478], [31.4643, 22.1915], [31.4003, 22.2024], [31.3585, 22.1886], [31.2606, 22.0023], [31.2092, 21.9949], [24.9803, 21.9959], [24.9803, 29.1819], [24.7032, 30.2011], [24.8775, 30.4575], [24.9614, 30.6785], [24.9739, 30.7766], [24.8775, 31.0612], [24.8527, 31.3348], [25.112, 31.6269], [25.1505, 31.655], [25.2255, 31.5338], [25.3822, 31.5128], [25.8933, 31.6209], [27.248, 31.3779], [27.54, 31.2127], [27.83, 31.195], [27.9676, 31.0974], [28.5148, 31.0504], [29.0721, 30.8303], [29.4285, 30.9274], [29.9298, 31.2275], [30.0494, 31.2654], [30.2227, 31.2584], [30.3951, 31.4576], [30.571, 31.473], [30.9235, 31.5668], [30.8842, 31.5224], [30.563, 31.417], [30.7005, 31.4039], [31.0018, 31.4628], [31.0829, 31.6033], [31.5244, 31.4583], [31.6065, 31.4558], [31.889, 31.5414], [32.136, 31.3411], [32.0761, 31.3445], [31.8922, 31.4825], [31.8759, 31.4137], [31.7711, 31.2926], [32.0085, 31.2205], [32.1018, 31.0928], [32.2065, 31.119], [32.2818, 31.2009], [32.2162, 31.2937], [32.3235, 31.2561], [32.6033, 31.0688], [33.1299, 31.1682], [33.1943, 31.0845], [33.3779, 31.131], [33.6665, 31.1304], [33.9025, 31.181], [34.1981, 31.3226], [34.5297, 30.446], [34.6586, 30.1915], [34.9043, 29.4773], [34.7364, 29.2706], [34.6172, 28.7579], [34.4465, 28.3573], [34.3997, 28.016], [34.2201, 27.7643], [34.0451, 27.8289], [33.7603, 28.0477], [33.5941, 28.2556], [33.2478, 28.5677], [33.1302, 28.9783], [32.8706, 29.2862], [32.7215, 29.5218], [32.5657, 29.974], [32.473, 29.9254], [32.4895, 29.8515], [32.3598, 29.6307], [32.3973, 29.5338], [32.599, 29.3219], [32.6381, 29.1822], [32.6318, 28.9922], [32.8982, 28.5652], [33.2021, 28.2083], [33.4949, 27.9745], [33.5471, 27.8981], [33.5498, 27.6074], [33.6973, 27.3411], [33.8017, 27.2682], [33.8493, 27.1849], [33.9591, 26.649], [34.0495, 26.5507], [34.3293, 26.0244], [34.5651, 25.6912], [35.1941, 24.4751], [35.4778, 24.1548], [35.7839, 23.9378], [35.632, 23.9503], [35.5408, 23.9207], [35.5044, 23.7793], [35.5228, 23.4425], [35.6979, 22.9462], [35.9134, 22.7396], [36.2297, 22.6288], [36.4146, 22.3942], [36.8297, 22.0977], [36.8704, 22.0158], [36.8714, 21.9967]]]]}}, {"type": "Feature", "properties": {"name": "Eq. Guinea", "iso3": "GNQ", "label": [10.1763, 1.4908]}, "geometry": {"type": "MultiPolygon", "coordinates": [[[[8.7357, 3.7583], [8.9101, 3.7582], [8.9507, 3.7053], [8.9461, 3.6275], [8.7922, 3.4004], [8.7635, 3.3046], [8.704, 3.2236], [8.6523, 3.2171], [8.4749, 3.2646], [8.4343, 3.3324], [8.4646, 3.4506], [8.5772, 3.4824], [8.6759, 3.7359], [8.7357, 3.7583]]], [[[11.3287, 2.1674], [11.3354, 0.9997], [10.0285, 1.004], [9.9067, 0.9601], [9.8039, 0.9987], [9.7605, 1.0747], [9.6765, 1.0747], [9.5908, 1.032], [9.5994, 1.0544], [9.5099, 1.1148], [9.3859, 1.1393], [9.4942, 1.4353], [9.6321, 1.5655], [9.807, 1.9275], [9.7797, 2.0682], [9.8008, 2.3044], [9.8701, 2.2133], [9.9799, 2.1678], [11.0966, 2.1675], [11.3287, 2.1674]]]]}}, {"type": "Feature", "properties": {"name": "Eritrea", "iso3": "ERI", "label": [39.2128, 15.0632]}, "geometry": {"type": "MultiPolygon", "coordinates": [[[[36.5243, 14.2568], [36.4268, 15.1321], [36.5218, 15.2501], [36.9138, 16.2962], [36.8878, 16.6247], [36.9787, 16.8006], [37.009, 17.0589], [37.411, 17.0617], [37.5475, 17.3241], [37.7824, 17.458], [38.2535, 17.5848], [38.3737, 17.7173], [38.4225, 17.8239], [38.6095, 18.0051], [38.9117, 17.4271], [39.0345, 17.0855], [39.1426, 16.7292], [39.2226, 16.1937], [39.2989, 15.9211], [39.4223, 15.7867], [39.5065, 15.5321], [39.5788, 15.5225], [39.6313, 15.4525], [39.7208, 15.2137], [39.7855, 15.1249], [39.8194, 15.2013], [39.7903, 15.3188], [39.8638, 15.4703], [40.041, 15.3345], [40.0841, 15.152], [40.2041, 15.0141], [40.5463, 14.9336], [40.7993, 14.743], [41.1765, 14.6203], [41.6582, 13.9831], [42.2451, 13.5876], [42.3465, 13.3981], [42.3993, 13.2126], [42.5229, 13.2215], [42.7345, 13.0186], [42.7962, 12.8643], [42.9695, 12.8084], [42.999, 12.8995], [43.0829, 12.8246], [43.1167, 12.7086], [42.8659, 12.6228], [42.7675, 12.4229], [42.7037, 12.3803], [42.6701, 12.3766], [42.4794, 12.5136], [42.3785, 12.4664], [42.1343, 12.7714], [41.9521, 12.8823], [41.765, 13.1839], [41.3629, 13.4998], [41.1224, 13.7361], [40.8201, 14.1117], [40.5244, 14.2252], [40.2215, 14.4312], [40.1406, 14.4561], [39.8951, 14.4407], [39.7562, 14.499], [39.5318, 14.5367], [39.2701, 14.4703], [39.198, 14.4794], [39.1354, 14.5819], [39.0238, 14.6282], [38.812, 14.4823], [38.4314, 14.4286], [38.2215, 14.6497], [38.0025, 14.7371], [37.8842, 14.8523], [37.5712, 14.1491], [37.5072, 14.1564], [37.3537, 14.3725], [37.2572, 14.4538], [37.1326, 14.4061], [37.0245, 14.272], [36.8119, 14.315], [36.6791, 14.3076], [36.5424, 14.2582], [36.5243, 14.2568]]], [[[40.0765, 16.0824], [40.1101, 15.9857], [39.9961, 16.0427], [40.0481, 16.1045], [40.0765, 16.0824]]], [[[40.1412, 15.6961], [40.1825, 15.6429], [40.2501, 15.7035], [40.4082, 15.6292], [40.399, 15.5799], [39.9752, 15.6125], [39.9475, 15.6961], [40.0239, 15.6556], [40.0705, 15.6766], [40.0163, 15.7333], [39.9399, 15.7445], [39.9452, 15.7891], [40.0005, 15.8283], [39.9567, 15.8894], [40.0426, 15.8755], [40.1324, 15.7953], [40.1412, 15.6961]]]]}}, {"type": "Feature", "properties": {"name": "Ethiopia", "iso3": "ETH", "label": [38.9354, 9.1646]}, "geometry": {"type": "MultiPolygon", "coordinates": [[[[35.2684, 5.4923], [35.0819, 5.6731], [34.9836, 5.8583], [34.959, 6.0451], [34.7106, 6.6603], [34.5628, 6.7798], [34.4844, 6.8984], [34.2793, 7.0028], [34.0643, 7.2257], [34.0204, 7.368], [33.9024, 7.5095], [33.6661, 7.671], [33.226, 7.7606], [33.0808, 7.8237], [33.0146, 7.8686], [33.0126, 7.9515], [33.2343, 8.3964], [33.2811, 8.4373], [33.9533, 8.4435], [34.0945, 8.5822], [34.0793, 9.5135], [34.1591, 9.8534], [34.3112, 10.1909], [34.2757, 10.5281], [34.4314, 10.7878], [34.5719, 10.8802], [34.7713, 10.7462], [34.9314, 10.8648], [34.9607, 11.2768], [35.1123, 11.8166], [35.2524, 11.957], [35.6702, 12.6237], [35.8206, 12.6849], [36.1075, 12.7265], [36.1602, 13.0933], [36.2122, 13.2711], [36.3906, 13.6261], [36.4471, 13.842], [36.4439, 13.9884], [36.5243, 14.2568], [36.8119, 14.315], [37.0245, 14.272], [37.1326, 14.4061], [37.2572, 14.4538], [37.3537, 14.3725], [37.5072, 14.1564], [37.5712, 14.1491], [37.8842, 14.8523], [38.0025, 14.7371], [38.2215, 14.6497], [38.4314, 14.4286], [38.812, 14.4823], [39.0238, 14.6282], [39.0742, 14.6282], [39.198, 14.4794], [39.2701, 14.4703], [39.5318, 14.5367], [39.7562, 14.499], [39.8951, 14.4407], [40.1406, 14.4561], [40.2215, 14.4312], [40.5244, 14.2252], [40.8201, 14.1117], [41.1224, 13.7361], [41.3629, 13.4998], [41.765, 13.1839], [41.9521, 12.8823], [42.1343, 12.7714], [42.3785, 12.4664], [41.9959, 11.9124], [41.7927, 11.686], [41.7646, 11.4129], [41.7982, 10.9805], [41.9574, 10.941], [42.5577, 11.0808], [42.655, 11.0783], [42.783, 11.0093], [42.9228, 10.9993], [42.6564, 10.6], [42.8416, 10.2031], [43.0689, 9.9262], [43.1816, 9.88], [43.3031, 9.6091], [43.4825, 9.3795], [43.6205, 9.3374], [43.9838, 9.0088], [46.9782, 7.9971], [47.9782, 7.9971], [46.4229, 6.4973], [44.9405, 4.912], [43.9889, 4.9505], [43.5835, 4.855], [43.1257, 4.6445], [43.016, 4.5633], [42.8566, 4.3242], [42.0241, 4.1379], [41.884, 3.9777], [41.3189, 3.9431], [41.1404, 3.963], [40.7652, 4.273], [39.8422, 3.8515], [39.6575, 3.5778], [39.4944, 3.4561], [38.9678, 3.5206], [38.608, 3.6001], [38.0861, 3.6488], [36.9056, 4.4115], [36.022, 4.4681], [35.7631, 4.808], [35.7562, 4.9505], [35.8003, 5.1569], [35.7914, 5.2786], [35.745, 5.344], [35.4687, 5.4191], [35.3253, 5.3649], [35.2646, 5.4121], [35.2639, 5.4579], [35.2684, 5.4923]]]]}}, {"type": "Feature", "properties": {"name": "Gabon", "iso3": "GAB", "label": [11.6222, -0.8628]}, "geometry": {"type": "MultiPolygon", "coordinates": [[[[13.2936, 2.1616], [13.1722, 1.7886], [13.1627, 1.6481], [13.2474, 1.3667], [13.1901, 1.2792], [13.2163, 1.2484], [13.2741, 1.241], [13.8514, 1.4187], [14.1809, 1.3702], [14.2397, 1.3226], [14.303, 1.1208], [14.4299, 0.9015], [14.4345, 0.8115], [14.3242, 0.6242], [14.231, 0.5511], [14.0875, 0.5366], [13.9496, 0.3538], [13.8846, 0.1908], [13.8601, -0.2033], [13.898, -0.2426], [14.0694, -0.2701], [14.2067, -0.4273], [14.3638, -0.4686], [14.4741, -0.5734], [14.4106, -0.9721], [14.4556, -1.4132], [14.4473, -1.5251], [14.4029, -1.5934], [14.4232, -1.7115], [14.384, -1.89], [14.2515, -2.0015], [14.2018, -2.1799], [14.1629, -2.2176], [14.1998, -2.3542], [14.0874, -2.4669], [13.9938, -2.4906], [13.8869, -2.4654], [13.8618, -2.4299], [13.8785, -2.3302], [13.7844, -2.1638], [13.7338, -2.1385], [13.6186, -2.2786], [13.4649, -2.3954], [13.3573, -2.4048], [12.992, -2.3134], [12.7936, -1.9318], [12.5904, -1.8269], [12.4321, -1.9289], [12.4785, -2.112], [12.4464, -2.33], [12.0645, -2.4126], [11.9503, -2.3448], [11.7268, -2.3947], [11.6055, -2.3426], [11.5752, -2.3971], [11.5945, -2.671], [11.5378, -2.8367], [11.6391, -2.8554], [11.7602, -2.9831], [11.6891, -3.127], [11.7154, -3.177], [11.9342, -3.3186], [11.8329, -3.5314], [11.8799, -3.6659], [11.8491, -3.6967], [11.6857, -3.682], [11.5043, -3.5203], [11.2345, -3.6908], [11.1302, -3.9163], [11.032, -3.8265], [10.9473, -3.6621], [10.6407, -3.398], [10.5854, -3.278], [10.3477, -3.0131], [10.0062, -2.7483], [9.7221, -2.4676], [10.002, -2.5884], [10.062, -2.5499], [9.8608, -2.4426], [9.6764, -2.4156], [9.6246, -2.3671], [9.5332, -2.1639], [9.2989, -1.903], [9.3425, -1.8937], [9.4828, -1.9623], [9.4832, -1.8946], [9.2656, -1.8251], [9.2584, -1.7263], [9.0363, -1.3089], [9.3188, -1.632], [9.5233, -1.5983], [9.5011, -1.5552], [9.4483, -1.5089], [9.3307, -1.5346], [9.2958, -1.5152], [9.2802, -1.4819], [9.3467, -1.325], [9.2038, -1.3824], [9.0646, -1.2983], [8.8442, -0.9136], [8.7031, -0.591], [8.7572, -0.6149], [8.8214, -0.7084], [8.9464, -0.6888], [8.9952, -0.6347], [9.0815, -0.6243], [9.1365, -0.5733], [9.2967, -0.3513], [9.3391, -0.0583], [9.3019, 0.2885], [9.3549, 0.3436], [9.4111, 0.2004], [9.4682, 0.1598], [9.5743, 0.1489], [9.7968, 0.0442], [9.8127, 0.1256], [10.0015, 0.195], [9.9444, 0.2199], [9.7767, 0.1925], [9.5465, 0.2959], [9.3248, 0.5521], [9.33, 0.6108], [9.4953, 0.6648], [9.539, 0.6587], [9.5566, 0.5942], [9.618, 0.5765], [9.5908, 1.032], [9.6765, 1.0747], [9.7605, 1.0747], [9.8039, 0.9987], [9.9067, 0.9601], [10.0285, 1.004], [11.3354, 0.9997], [11.3484, 2.2997], [12.3613, 2.296], [12.8675, 2.2468], [13.2203, 2.2564], [13.2699, 2.2242], [13.2936, 2.1616]]]]}}, {"type": "Feature", "properties": {"name": "Gambia", "iso3": "GMB", "label": [-15.5057, 13.4364]}, "geometry": {"type": "MultiPolygon", "coordinates": [[[[-16.5623, 13.5873], [-15.5097, 13.5862], [-15.4269, 13.727], [-15.1083, 13.8121], [-14.9358, 13.7852], [-14.766, 13.6691], [-14.5709, 13.6162], [-14.4055, 13.5037], [-14.3255, 13.4886], [-13.9774, 13.5435], [-13.8528, 13.4786], [-13.8267, 13.4078], [-13.8475, 13.3353], [-14.2468, 13.2358], [-14.4386, 13.2689], [-15.1511, 13.5565], [-15.2862, 13.396], [-15.8144, 13.3251], [-15.8343, 13.1564], [-16.6488, 13.1541], [-16.7633, 13.0642], [-16.8248, 13.3411], [-16.6693, 13.475], [-16.6148, 13.4353], [-16.5564, 13.3032], [-16.4134, 13.2697], [-16.1851, 13.2827], [-16.1584, 13.384], [-15.4275, 13.4684], [-15.5695, 13.4999], [-16.1354, 13.4482], [-16.3518, 13.3434], [-16.4405, 13.3532], [-16.5301, 13.458], [-16.5623, 13.5873]]]]}}, {"type": "Feature", "properties": {"name": "Ghana", "iso3": "GHA", "label": [-1.0789, 8.298]}, "geometry": {"type": "MultiPolygon", "coordinates": [[[[-0.0686, 11.1156], [0.0094, 11.021], [-0.0863, 10.673], [0.216, 10.3905], [0.3809, 10.2918], [0.3239, 9.6876], [0.2646, 9.6447], [0.3426, 9.6042], [0.2755, 9.5706], [0.2334, 9.4635], [0.26, 9.426], [0.4053, 9.4915], [0.5257, 9.3985], [0.4661, 9.1153], [0.4888, 8.8515], [0.3726, 8.7593], [0.4153, 8.6527], [0.6162, 8.4796], [0.6863, 8.3549], [0.6881, 8.3042], [0.5992, 8.2096], [0.5836, 8.1458], [0.6052, 7.7282], [0.5, 7.5469], [0.5096, 7.4351], [0.6348, 7.3537], [0.5925, 7.034], [0.523, 6.9389], [0.5256, 6.8509], [0.7022, 6.5808], [0.7369, 6.4526], [0.9122, 6.3286], [0.985, 6.3203], [1.0499, 6.2026], [1.1851, 6.145], [1.1872, 6.0894], [1.0503, 5.994], [0.9497, 5.8103], [0.7488, 5.7601], [0.2597, 5.7573], [-0.1265, 5.5682], [-0.3487, 5.5008], [-0.7977, 5.2267], [-1.0643, 5.1827], [-1.5017, 5.038], [-2.0019, 4.7625], [-2.0902, 4.7641], [-2.3989, 4.9293], [-3.114, 5.0887], [-3.0867, 5.1283], [-2.9483, 5.1188], [-2.8157, 5.153], [-2.755, 5.4325], [-2.7937, 5.6001], [-2.9623, 5.643], [-2.9983, 5.7113], [-3.224, 6.4411], [-3.2358, 6.8072], [-2.9858, 7.2049], [-2.9591, 7.4545], [-2.7897, 7.9319], [-2.6134, 8.0467], [-2.6117, 8.1476], [-2.5059, 8.2087], [-2.6004, 8.8004], [-2.6899, 9.0251], [-2.7469, 9.0451], [-2.6742, 9.2826], [-2.7018, 9.3017], [-2.7062, 9.5339], [-2.7805, 9.7459], [-2.7498, 9.7972], [-2.7885, 10.1926], [-2.7665, 10.2382], [-2.8203, 10.3229], [-2.7912, 10.4324], [-2.8372, 10.4546], [-2.9149, 10.5923], [-2.9073, 10.728], [-2.8299, 10.9984], [-1.0425, 11.0101], [-0.7014, 10.989], [-0.6271, 10.9274], [-0.4917, 11.0076], [-0.4303, 11.0933], [-0.3458, 11.0879], [-0.2995, 11.1669], [-0.0686, 11.1156]]]]}}, {"type": "Feature", "properties": {"name": "Guinea", "iso3": "GIN", "label": [-10.7146, 10.105]}, "geometry": {"type": "MultiPolygon", "coordinates": [[[[-10.2832, 8.4852], [-10.3944, 8.481], [-10.5577, 8.3157], [-10.7121, 8.3353], [-10.6285, 8.53], [-10.5005, 8.6875], [-10.6056, 8.8676], [-10.616, 9.0592], [-10.747, 9.0953], [-10.6905, 9.3143], [-11.2057, 9.9777], [-11.9111, 9.993], [-11.9228, 9.9228], [-12.1423, 9.8754], [-12.2777, 9.9298], [-12.428, 9.8981], [-12.5015, 9.8622], [-12.5579, 9.705], [-12.7559, 9.3736], [-12.8311, 9.3022], [-12.9588, 9.2633], [-13.028, 9.1036], [-13.1299, 9.0476], [-13.2342, 9.0701], [-13.2927, 9.0492], [-13.2695, 9.1706], [-13.3961, 9.3143], [-13.4363, 9.4203], [-13.5683, 9.5434], [-13.6914, 9.5358], [-13.6571, 9.6391], [-13.6898, 9.9278], [-13.7537, 9.8703], [-13.8201, 9.8872], [-13.9546, 9.9687], [-14.0219, 10.0479], [-14.045, 10.1413], [-14.1704, 10.1286], [-14.4269, 10.2483], [-14.6096, 10.5499], [-14.5935, 10.7667], [-14.6773, 10.689], [-14.7759, 10.9316], [-14.8867, 10.9681], [-14.9248, 10.9449], [-14.975, 10.8034], [-15.0512, 10.8346], [-15.043, 10.9401], [-14.9444, 11.0722], [-14.7793, 11.4055], [-14.683, 11.5085], [-14.4524, 11.5562], [-14.2656, 11.6599], [-13.9532, 11.6646], [-13.7328, 11.736], [-13.738, 12.0097], [-13.9489, 12.1782], [-13.9473, 12.2152], [-13.8495, 12.263], [-13.7598, 12.2624], [-13.7079, 12.3127], [-13.6735, 12.4785], [-13.7326, 12.5928], [-13.7292, 12.6739], [-13.0829, 12.6335], [-13.0613, 12.49], [-13.0119, 12.4776], [-12.9307, 12.5323], [-12.7973, 12.4519], [-12.4574, 12.3784], [-12.3991, 12.3401], [-12.2912, 12.328], [-12.0424, 12.398], [-11.8081, 12.3873], [-11.5737, 12.4263], [-11.3894, 12.4044], [-11.5022, 12.1986], [-11.3052, 12.0154], [-11.2097, 12.0249], [-11.0658, 12.1708], [-11.0045, 12.2075], [-10.9332, 12.2052], [-10.7092, 11.8987], [-10.619, 11.9412], [-10.4658, 12.1387], [-10.2749, 12.2126], [-9.754, 12.0299], [-9.7147, 12.0425], [-9.6583, 12.1431], [-9.3581, 12.2554], [-9.3315, 12.3237], [-9.3954, 12.4646], [-9.2155, 12.4829], [-9.0431, 12.4023], [-8.8183, 11.9225], [-8.822, 11.6732], [-8.7114, 11.6178], [-8.6649, 11.515], [-8.3985, 11.3666], [-8.4253, 11.3047], [-8.5673, 11.177], [-8.6667, 11.0095], [-8.6062, 10.987], [-8.4747, 11.0484], [-8.3374, 10.9906], [-8.3063, 10.8961], [-8.3241, 10.7495], [-8.2667, 10.486], [-8.2315, 10.438], [-8.0073, 10.3219], [-7.9857, 10.2784], [-7.9906, 10.1625], [-8.1552, 9.9732], [-8.137, 9.4957], [-8.031, 9.3977], [-7.8962, 9.4159], [-7.9181, 9.1885], [-7.778, 9.0809], [-7.9382, 8.9798], [-7.951, 8.7868], [-7.784, 8.7206], [-7.7196, 8.643], [-7.6812, 8.4104], [-7.6961, 8.3756], [-7.739, 8.3752], [-7.8236, 8.4677], [-8.21, 8.4833], [-8.237, 8.4557], [-8.2561, 8.2537], [-8.1406, 8.1814], [-8.0486, 8.1697], [-8.0099, 8.0785], [-8.1269, 7.8677], [-8.1154, 7.7607], [-8.206, 7.5902], [-8.2319, 7.5567], [-8.43, 7.6019], [-8.4864, 7.5585], [-8.5644, 7.6251], [-8.5789, 7.6771], [-8.6598, 7.6884], [-8.7083, 7.6589], [-8.7402, 7.4957], [-8.8896, 7.2627], [-8.961, 7.2746], [-9.1176, 7.2159], [-9.2633, 7.3777], [-9.4638, 7.4159], [-9.384, 7.5719], [-9.3691, 7.7038], [-9.4464, 7.9085], [-9.5183, 8.3461], [-9.6839, 8.4844], [-9.7356, 8.454], [-9.782, 8.5377], [-10.0644, 8.4299], [-10.0977, 8.5059], [-10.2331, 8.4888], [-10.2832, 8.4852]]]]}}, {"type": "Feature", "properties": {"name": "Guinea-Bissau", "iso3": "GNB", "label": [-15.1135, 11.8743]}, "geometry": {"type": "MultiPolygon", "coordinates": [[[[-16.7118, 12.3548], [-16.5213, 12.3486], [-16.1442, 12.4574], [-15.8396, 12.4379], [-15.5748, 12.4904], [-15.1961, 12.6799], [-13.7292, 12.6739], [-13.7326, 12.5928], [-13.6735, 12.4785], [-13.7301, 12.2808], [-13.9473, 12.2152], [-13.9489, 12.1782], [-13.738, 12.0097], [-13.7328, 11.736], [-13.9532, 11.6646], [-14.2656, 11.6599], [-14.4524, 11.5562], [-14.683, 11.5085], [-14.7793, 11.4055], [-14.9444, 11.0722], [-15.043, 10.9401], [-15.0938, 11.011], [-15.0546, 11.1419], [-15.0968, 11.14], [-15.1811, 11.0342], [-15.2221, 11.0309], [-15.2167, 11.1562], [-15.3175, 11.152], [-15.3931, 11.2172], [-15.3945, 11.3345], [-15.3547, 11.3963], [-15.4795, 11.4103], [-15.4291, 11.4989], [-15.2526, 11.5733], [-15.0727, 11.5978], [-15.1224, 11.6616], [-15.2304, 11.6868], [-15.413, 11.6152], [-15.5019, 11.7238], [-15.4672, 11.8428], [-15.4157, 11.8718], [-15.2108, 11.8709], [-15.1017, 11.914], [-15.0783, 11.969], [-15.1881, 11.9273], [-15.4348, 11.9436], [-15.6507, 11.8184], [-15.8194, 11.7635], [-15.9417, 11.7866], [-15.9027, 11.9197], [-15.9588, 11.9596], [-16.1384, 11.9173], [-16.2743, 11.9781], [-16.3281, 12.0516], [-16.3188, 12.1438], [-16.2446, 12.2371], [-16.4368, 12.2042], [-16.7118, 12.3548]]], [[[-16.1145, 11.0594], [-16.1945, 11.0446], [-16.2364, 11.1134], [-16.0673, 11.1972], [-16.0722, 11.0841], [-16.1145, 11.0594]]], [[[-15.8959, 11.0825], [-15.9052, 11.0547], [-15.964, 11.059], [-15.9377, 11.1928], [-15.9053, 11.1483], [-15.8959, 11.0825]]], [[[-15.7251, 11.2155], [-15.7251, 11.1745], [-15.7798, 11.1945], [-15.7175, 11.3018], [-15.6584, 11.2865], [-15.6871, 11.2343], [-15.7251, 11.2155]]], [[[-15.5534, 11.537], [-15.5628, 11.5138], [-15.6196, 11.5335], [-15.4825, 11.6323], [-15.4844, 11.5675], [-15.5262, 11.5539], [-15.5534, 11.537]]], [[[-15.9018, 11.4658], [-15.9487, 11.4344], [-16.0232, 11.4771], [-15.9646, 11.5983], [-15.9153, 11.5891], [-15.9018, 11.4658]]], [[[-15.9864, 11.882], [-16.0383, 11.7597], [-16.1024, 11.7732], [-16.1524, 11.8768], [-16.0219, 11.8867], [-15.9864, 11.882]]]]}}, {"type": "Feature", "properties": {"name": "Kenya", "iso3": "KEN", "label": [37.5328, 0.6671]}, "geometry": {"type": "MultiPolygon", "coordinates": [[[[40.9944, -2.1584], [40.9573, -2.1673], [40.9765, -2.1098], [41.086, -2.0365], [41.1393, -2.0698], [41.1182, -2.1001], [40.9944, -2.1584]]], [[[33.9032, -1.0021], [33.9432, 0.1738], [34.0372, 0.2945], [34.1609, 0.6052], [34.2726, 0.6864], [34.4108, 0.8673], [34.4817, 1.0421], [34.602, 1.1564], [34.7986, 1.2445], [34.7836, 1.3812], [34.9652, 1.6434], [34.9782, 1.7736], [34.9641, 2.0624], [34.883, 2.4179], [34.9058, 2.4797], [34.8662, 2.5897], [34.8145, 2.6198], [34.7425, 2.8181], [34.5892, 2.9248], [34.5226, 3.12], [34.4479, 3.1635], [34.3994, 3.4127], [34.4377, 3.6506], [34.165, 3.813], [34.1857, 3.8698], [34.132, 3.8892], [33.9761, 4.2202], [35.2684, 5.4923], [35.2646, 5.4121], [35.3253, 5.3649], [35.4687, 5.4191], [35.745, 5.344], [35.7914, 5.2786], [35.8003, 5.1569], [35.7562, 4.9505], [35.7631, 4.808], [36.022, 4.4681], [36.9056, 4.4115], [38.0861, 3.6488], [38.608, 3.6001], [38.9678, 3.5206], [39.4944, 3.4561], [39.6575, 3.5778], [39.8422, 3.8515], [40.7652, 4.273], [41.1404, 3.963], [41.3189, 3.9431], [41.884, 3.9777], [41.3418, 3.2017], [40.9645, 2.8146], [40.9787, -0.8703], [41.5219, -1.5723], [41.5327, -1.6953], [41.3869, -1.867], [41.2675, -1.945], [41.1068, -1.9823], [40.9955, -1.9506], [40.9521, -2.056], [40.8897, -2.0235], [40.9224, -2.1938], [40.8982, -2.2699], [40.8201, -2.3363], [40.8132, -2.3924], [40.6441, -2.5395], [40.4045, -2.5557], [40.2225, -2.6884], [40.1798, -2.819], [40.1947, -3.0192], [40.1154, -3.2506], [39.9917, -3.3507], [39.8609, -3.5768], [39.8191, -3.786], [39.7316, -3.9933], [39.4909, -4.4784], [39.377, -4.6255], [39.2875, -4.6086], [39.2218, -4.6924], [39.1901, -4.6772], [37.7973, -3.6744], [37.711, -3.5408], [37.6082, -3.4971], [37.688, -3.2462], [37.6438, -3.0454], [33.9794, -1.0021], [33.9032, -1.0021]]]]}}, {"type": "Feature", "properties": {"name": "Lesotho", "iso3": "LSO", "label": [28.1997, -29.6771]}, "geometry": {"type": "MultiPolygon", "coordinates": [[[[28.7369, -30.102], [28.3921, -30.1476], [28.1391, -30.4499], [28.0568, -30.6311], [27.7531, -30.6], [27.492, -30.364], [27.3885, -30.3159], [27.3497, -30.2474], [27.3554, -30.1586], [27.1305, -29.8402], [27.0569, -29.6256], [27.2945, -29.5193], [27.7355, -28.94], [27.9599, -28.8733], [28.2326, -28.7013], [28.6258, -28.5817], [28.9537, -28.8814], [29.3014, -29.0898], [29.3907, -29.2697], [29.2936, -29.5669], [29.1422, -29.701], [29.098, -29.919], [28.9011, -30.0385], [28.7369, -30.102]]]]}}, {"type": "Feature", "properties": {"name": "Liberia", "iso3": "LBR", "label": [-9.1074, 6.9859]}, "geometry": {"type": "MultiPolygon", "coordinates": [[[[-11.5075, 6.9065], [-11.2677, 7.2326], [-10.6475, 7.7594], [-10.5709, 8.0711], [-10.5167, 8.1253], [-10.3598, 8.1879], [-10.2832, 8.4852], [-10.1474, 8.5197], [-10.0977, 8.5059], [-10.0644, 8.4299], [-9.782, 8.5377], [-9.7356, 8.454], [-9.6636, 8.4735], [-9.5183, 8.3461], [-9.4464, 7.9085], [-9.3691, 7.7038], [-9.384, 7.5719], [-9.4638, 7.4159], [-9.2633, 7.3777], [-9.1176, 7.2159], [-8.961, 7.2746], [-8.8896, 7.2627], [-8.7402, 7.4957], [-8.7083, 7.6589], [-8.6598, 7.6884], [-8.5789, 7.6771], [-8.5644, 7.6251], [-8.4372, 7.5164], [-8.2966, 7.074], [-8.3326, 6.8016], [-8.6036, 6.5078], [-8.5396, 6.4681], [-8.4499, 6.4625], [-8.2871, 6.319], [-7.9816, 6.2861], [-7.8886, 6.2349], [-7.7965, 5.9751], [-7.7304, 5.919], [-7.4544, 5.8413], [-7.3999, 5.5506], [-7.4298, 5.3245], [-7.4852, 5.2364], [-7.5098, 5.1085], [-7.5689, 5.0807], [-7.5912, 4.8215], [-7.5716, 4.3864], [-7.545, 4.3513], [-7.66, 4.3668], [-8.259, 4.59], [-9.1322, 5.0546], [-9.3748, 5.2411], [-10.2764, 6.0776], [-10.4182, 6.1673], [-10.7076, 6.2585], [-10.7856, 6.3102], [-10.849, 6.4651], [-11.2916, 6.6882], [-11.5075, 6.9065]]]]}}, {"type": "Feature", "properties": {"name": "Libya", "iso3": "LBY", "label": [17.6332, 28.1804]}, "geometry": {"type": "MultiPolygon", "coordinates": [[[[9.5188, 30.2294], [9.895, 30.3873], [10.2164, 30.7832], [10.257, 30.9408], [10.1149, 31.4638], [10.2746, 31.685], [10.4758, 31.736], [10.6089, 31.9295], [10.8264, 32.0807], [11.505, 32.4137], [11.5338, 32.525], [11.4539, 32.6426], [11.5046, 33.1819], [11.8135, 33.0937], [12.2799, 32.8585], [12.7535, 32.8011], [13.2835, 32.9146], [13.5363, 32.8243], [13.8354, 32.7918], [14.1557, 32.7098], [14.5134, 32.5111], [15.1766, 32.3912], [15.2669, 32.3117], [15.3591, 32.1597], [15.3631, 31.9712], [15.4964, 31.6568], [15.706, 31.4264], [16.123, 31.2645], [16.7815, 31.2147], [17.3492, 31.0815], [17.8305, 30.9276], [17.9493, 30.8519], [18.1904, 30.7773], [18.6698, 30.4157], [18.9364, 30.2904], [19.1237, 30.2661], [19.2917, 30.2881], [19.7133, 30.4884], [20.0132, 30.8007], [20.1115, 30.9637], [20.151, 31.0786], [20.1411, 31.1955], [19.9612, 31.556], [19.9264, 31.8175], [20.031, 32.1079], [20.3706, 32.4308], [20.6211, 32.5802], [21.0623, 32.7755], [21.4247, 32.7992], [21.6359, 32.9373], [21.8395, 32.9086], [22.1874, 32.9183], [23.0906, 32.6187], [23.1297, 32.4481], [23.1062, 32.3314], [23.2863, 32.2138], [23.7977, 32.1587], [24.1297, 32.0092], [24.6839, 32.016], [24.9507, 31.9537], [25.025, 31.8834], [25.1505, 31.655], [24.8527, 31.3348], [24.8775, 31.0612], [24.9739, 30.7766], [24.9614, 30.6785], [24.8775, 30.4575], [24.7032, 30.2011], [24.9803, 29.1819], [24.9795, 20.0026], [23.9803, 19.9959], [23.9803, 19.4966], [15.9841, 23.4452], [14.2155, 22.6197], [13.5986, 23.1195], [13.4812, 23.1802], [11.9679, 23.5179], [11.5076, 24.3144], [10.6861, 24.5514], [10.439, 24.4802], [10.3258, 24.5302], [10.1195, 24.7902], [10.0281, 25.051], [10.0007, 25.3321], [9.4482, 26.0671], [9.4224, 26.1471], [9.4914, 26.3337], [9.8594, 26.552], [9.8832, 26.6308], [9.8944, 26.8479], [9.7954, 27.0448], [9.7476, 27.3309], [9.916, 27.7857], [9.8582, 28.0433], [9.8156, 28.5602], [9.8426, 28.967], [9.8207, 29.1148], [9.6401, 29.6364], [9.3103, 30.1152], [9.421, 30.1793], [9.5188, 30.2294]]]]}}, {"type": "Feature", "properties": {"name": "Madagascar", "iso3": "MDG", "label": [46.8721, -17.9134]}, "geometry": {"type": "MultiPolygon", "coordinates": [[[[49.5383, -12.4321], [49.6378, -12.6371], [49.9375, -13.0723], [50.1738, -14.0402], [50.2354, -14.732], [50.4413, -15.1493], [50.4827, -15.3856], [50.4046, -15.6291], [50.2915, -15.8585], [50.185, -15.9578], [50.0204, -15.8018], [49.8926, -15.4577], [49.7437, -15.4495], [49.6644, -15.5216], [49.7128, -16.0768], [49.8311, -16.2559], [49.8391, -16.4865], [49.8113, -16.603], [49.734, -16.703], [49.7672, -16.8151], [49.5952, -16.9312], [49.4493, -17.2406], [49.4371, -17.3467], [49.4937, -17.6695], [49.4778, -17.8985], [49.3629, -18.3363], [48.9181, -19.5305], [48.4686, -20.9], [48.3508, -21.349], [47.9084, -22.4658], [47.8041, -22.9915], [47.558, -23.8746], [47.3726, -24.2185], [47.1773, -24.7872], [47.035, -24.979], [46.7285, -25.1499], [46.3867, -25.1728], [46.1587, -25.2304], [45.6046, -25.5287], [45.508, -25.5632], [45.2058, -25.5705], [45.1152, -25.5431], [44.8129, -25.3342], [44.3459, -25.2261], [44.2562, -25.1169], [44.0354, -24.9957], [43.9096, -24.6406], [43.67, -24.3003], [43.6461, -23.7419], [43.7223, -23.5297], [43.5695, -23.0805], [43.3979, -22.8863], [43.3575, -22.7908], [43.2648, -22.3836], [43.2905, -21.9325], [43.4378, -21.6467], [43.5019, -21.3564], [43.8002, -21.1792], [43.9111, -20.8658], [44.2396, -20.3797], [44.3481, -20.1455], [44.4047, -19.9221], [44.4488, -19.4287], [44.2388, -19.0752], [44.2331, -18.7406], [44.1088, -18.5035], [44.04, -18.2885], [44.0137, -17.8045], [43.9436, -17.5814], [43.9794, -17.3916], [44.4214, -16.7026], [44.4271, -16.2891], [44.4762, -16.2173], [44.9092, -16.1745], [45.2229, -15.9505], [45.3422, -16.0367], [45.4863, -15.9858], [45.5982, -15.9926], [45.6615, -15.8389], [45.7002, -15.8138], [46.1575, -15.7383], [46.3141, -15.9046], [46.3996, -15.9246], [46.4416, -15.8959], [46.3413, -15.8134], [46.3314, -15.7137], [46.3852, -15.6001], [46.4751, -15.5135], [46.882, -15.2296], [46.9423, -15.219], [46.9933, -15.2432], [47.0274, -15.4522], [47.0992, -15.4342], [47.1352, -15.3016], [47.0926, -15.1501], [47.2805, -14.9427], [47.352, -14.7661], [47.4647, -14.7133], [47.4964, -14.8184], [47.4292, -14.9957], [47.4783, -15.0094], [47.5247, -14.9922], [47.67, -14.7433], [47.774, -14.6367], [47.9642, -14.6726], [47.8115, -14.5448], [47.7733, -14.3699], [47.9955, -13.9604], [47.9014, -13.8582], [47.896, -13.7307], [47.9818, -13.6146], [48.0398, -13.5963], [48.1871, -13.7065], [48.2553, -13.7193], [48.4051, -13.538], [48.6214, -13.426], [48.7965, -13.2675], [48.9194, -12.8391], [48.7863, -12.4709], [48.8039, -12.44], [48.9317, -12.4391], [49.207, -12.0796], [49.2635, -12.0802], [49.3121, -12.1239], [49.364, -12.2363], [49.4798, -12.3484], [49.5383, -12.4321]]], [[[48.3422, -13.3639], [48.3436, -13.4004], [48.2119, -13.3853], [48.1912, -13.26], [48.2557, -13.2561], [48.2697, -13.2046], [48.3089, -13.1982], [48.3511, -13.3096], [48.3422, -13.3639]]], [[[49.9364, -16.9029], [49.824, -17.0865], [49.8557, -16.9332], [50.023, -16.6953], [49.9364, -16.9029]]]]}}, {"type": "Feature", "properties": {"name": "Malawi", "iso3": "MWI", "label": [34.0495, -12.7939]}, "geometry": {"type": "MultiPolygon", "coordinates": [[[[34.7193, -12.1106], [34.6621, -12.1008], [34.6799, -12.0089], [34.756, -12.0308], [34.746, -12.0884], [34.7193, -12.1106]]], [[[34.6416, -12.0137], [34.6218, -12.0666], [34.5805, -12.0658], [34.5416, -12.0187], [34.554, -11.9822], [34.6242, -11.9848], [34.6416, -12.0137]]], [[[33.2018, -14.0134], [33.148, -13.9409], [32.9921, -14.0222], [32.8672, -13.8174], [32.7651, -13.761], [32.7975, -13.6885], [32.6704, -13.5904], [32.8519, -13.457], [32.9676, -13.225], [33.0, -12.8996], [32.9456, -12.8044], [33.0216, -12.6305], [33.3979, -12.4898], [33.5123, -12.3478], [33.3401, -12.3083], [33.2523, -12.1126], [33.301, -11.8882], [33.3039, -11.6908], [33.2883, -11.6111], [33.2264, -11.5349], [33.2327, -11.4177], [33.2684, -11.4039], [33.3798, -11.1579], [33.2613, -10.8934], [33.3449, -10.8127], [33.4647, -10.7831], [33.6591, -10.5905], [33.6615, -10.5531], [33.5537, -10.3913], [33.5289, -10.2347], [33.3115, -10.038], [33.351, -9.8622], [33.25, -9.7596], [33.1957, -9.6262], [33.1045, -9.6026], [33.0725, -9.6382], [32.996, -9.6229], [32.9199, -9.4074], [32.974, -9.395], [33.1305, -9.4959], [33.3309, -9.5191], [33.4209, -9.608], [33.6977, -9.5981], [33.8889, -9.6701], [33.9537, -9.6582], [33.9496, -9.5653], [33.9956, -9.4954], [34.0886, -9.5378], [34.3209, -9.7315], [34.5242, -10.0302], [34.58, -10.3198], [34.5836, -10.5251], [34.6618, -10.7101], [34.6079, -11.0805], [34.7738, -11.3417], [34.8506, -11.352], [34.8906, -11.3936], [34.9595, -11.5781], [34.6596, -11.5887], [34.6186, -11.6202], [34.5539, -11.8341], [34.3578, -12.1647], [34.4829, -12.6668], [34.5637, -13.3602], [34.6616, -13.4867], [34.9068, -13.5517], [35.2475, -13.8969], [35.8472, -14.6709], [35.8928, -14.8918], [35.8054, -15.2656], [35.8199, -15.6804], [35.7553, -16.0583], [35.5993, -16.1259], [35.3585, -16.1605], [35.2915, -16.2472], [35.1672, -16.5603], [35.2298, -16.6393], [35.2812, -16.8078], [35.2726, -17.1185], [35.1246, -17.1272], [35.0646, -17.0786], [35.0439, -17.0169], [35.0942, -16.9738], [35.1121, -16.8985], [35.0799, -16.8339], [34.9334, -16.7604], [34.5281, -16.3191], [34.4164, -16.2468], [34.403, -16.0803], [34.2482, -15.8875], [34.2461, -15.8294], [34.358, -15.7053], [34.435, -15.4771], [34.5408, -15.2973], [34.5576, -15.0159], [34.5053, -14.5981], [34.375, -14.4248], [34.3325, -14.4086], [34.1019, -14.4493], [34.0494, -14.4853], [33.6961, -14.5303], [33.6364, -14.5682], [33.3899, -14.2895], [33.2436, -14.0431], [33.2018, -14.0134]]]]}}, {"type": "Feature", "properties": {"name": "Mali", "iso3": "MLI", "label": [-5.4339, 14.8177]}, "geometry": {"type": "MultiPolygon", "coordinates": [[[[-11.3894, 12.4044], [-11.3824, 12.4792], [-11.4506, 12.5577], [-11.3904, 12.942], [-11.5488, 13.1703], [-11.635, 13.3699], [-11.7583, 13.3945], [-11.8317, 13.3158], [-11.8946, 13.4444], [-12.0542, 13.6331], [-12.0441, 13.7339], [-11.9842, 13.7881], [-11.9609, 13.8753], [-12.0201, 13.9747], [-12.0192, 14.2065], [-12.2284, 14.4586], [-12.1865, 14.6481], [-12.2806, 14.809], [-12.1047, 14.7454], [-11.9409, 14.8869], [-11.8729, 14.9952], [-11.7602, 15.4255], [-11.5027, 15.6368], [-11.4552, 15.6254], [-10.9482, 15.1511], [-10.8956, 15.1505], [-10.6966, 15.4227], [-10.4118, 15.4379], [-9.9414, 15.3738], [-9.4469, 15.4582], [-9.4266, 15.623], [-9.3506, 15.6774], [-9.3354, 15.5257], [-9.1768, 15.4961], [-5.5125, 15.4963], [-5.3599, 16.2829], [-5.6287, 16.5687], [-6.5941, 24.9946], [-4.8226, 24.9956], [1.1455, 21.1022], [1.1657, 20.8174], [1.2902, 20.7136], [1.6106, 20.5556], [1.6854, 20.3784], [1.7532, 20.3316], [1.9288, 20.2727], [2.2193, 20.2478], [2.4062, 20.0639], [2.8657, 19.956], [3.1303, 19.8502], [3.2037, 19.7897], [3.2017, 19.5604], [3.2559, 19.4109], [3.1061, 19.1501], [3.1197, 19.1032], [3.256, 19.0133], [3.4009, 18.9884], [4.2276, 19.1428], [4.2347, 16.9964], [4.2029, 16.9627], [4.1821, 16.5818], [4.1213, 16.3577], [4.0148, 16.1927], [3.877, 15.7553], [3.8165, 15.674], [3.7096, 15.6417], [3.5205, 15.4831], [3.5043, 15.3563], [3.0602, 15.4272], [3.0105, 15.4083], [3.0011, 15.341], [1.3002, 15.2723], [0.9475, 14.9821], [0.7187, 14.9549], [0.2862, 14.9802], [0.2287, 14.9637], [0.2175, 14.9115], [-0.2359, 15.0594], [-0.4054, 15.0125], [-0.4545, 15.0597], [-0.5365, 15.0779], [-0.6665, 15.0698], [-0.7604, 15.0478], [-1.0496, 14.8195], [-1.6951, 14.5085], [-1.973, 14.4565], [-2.0571, 14.1946], [-2.1132, 14.1685], [-2.4572, 14.2741], [-2.5867, 14.2276], [-2.7789, 14.0737], [-2.8739, 13.9507], [-2.9259, 13.7868], [-2.9171, 13.6795], [-2.9508, 13.6484], [-3.2486, 13.6584], [-3.3018, 13.2808], [-3.5276, 13.1827], [-3.9473, 13.4022], [-4.0512, 13.3824], [-4.3287, 13.119], [-4.2252, 12.8795], [-4.2271, 12.7937], [-4.4806, 12.6722], [-4.4219, 12.5816], [-4.4287, 12.3376], [-4.5869, 12.155], [-4.6993, 12.0762], [-5.1059, 11.9675], [-5.2881, 11.8279], [-5.2905, 11.6833], [-5.2294, 11.5225], [-5.2502, 11.3758], [-5.3474, 11.1303], [-5.4905, 11.0424], [-5.4571, 10.7714], [-5.5235, 10.426], [-5.6943, 10.4332], [-5.8438, 10.3896], [-6.0346, 10.1948], [-6.2384, 10.2616], [-6.1907, 10.4003], [-6.2611, 10.7241], [-6.4259, 10.6718], [-6.4239, 10.5591], [-6.5646, 10.5864], [-6.6541, 10.6564], [-6.6861, 10.578], [-6.6693, 10.3922], [-6.6933, 10.3495], [-6.9503, 10.3423], [-6.9917, 10.2519], [-6.9682, 10.1762], [-7.0171, 10.1433], [-7.1049, 10.2035], [-7.3632, 10.2594], [-7.3851, 10.3401], [-7.4979, 10.4398], [-7.6611, 10.4274], [-7.8142, 10.2366], [-7.9906, 10.1625], [-7.9745, 10.2295], [-8.0073, 10.3219], [-8.2315, 10.438], [-8.2667, 10.486], [-8.3374, 10.9906], [-8.4747, 11.0484], [-8.6062, 10.987], [-8.6667, 11.0095], [-8.5673, 11.177], [-8.4253, 11.3047], [-8.3985, 11.3666], [-8.6649, 11.515], [-8.7114, 11.6178], [-8.822, 11.6732], [-8.8183, 11.9225], [-8.9989, 12.3459], [-9.1205, 12.45], [-9.3, 12.4903], [-9.3954, 12.4646], [-9.3315, 12.3237], [-9.3581, 12.2554], [-9.6583, 12.1431], [-9.7147, 12.0425], [-9.8207, 12.0425], [-10.2749, 12.2126], [-10.4658, 12.1387], [-10.6773, 11.8994], [-10.7349, 11.9165], [-10.9332, 12.2052], [-11.0045, 12.2075], [-11.0658, 12.1708], [-11.2097, 12.0249], [-11.3052, 12.0154], [-11.4924, 12.1669], [-11.4181, 12.3777], [-11.3894, 12.4044]]]]}}, {"type": "Feature", "properties": {"name": "Mauritania", "iso3": "MRT", "label": [-11.499, 19.7765]}, "geometry": {"type": "MultiPolygon", "coordinates": [[[[-16.3733, 19.7064], [-16.4375, 19.6093], [-16.477, 19.7104], [-16.3933, 19.8493], [-16.3437, 19.8662], [-16.3733, 19.7064]]], [[[-12.2806, 14.809], [-12.4087, 14.889], [-12.5436, 15.039], [-12.6596, 15.0821], [-12.8585, 15.2425], [-12.8627, 15.3404], [-12.9309, 15.453], [-12.9943, 15.5049], [-13.0793, 15.5104], [-13.1424, 15.6033], [-13.2064, 15.6169], [-13.4097, 16.0592], [-13.507, 16.1352], [-13.6847, 16.1269], [-13.7566, 16.1725], [-13.8098, 16.138], [-13.8685, 16.1481], [-14.0856, 16.4188], [-14.3001, 16.5803], [-14.5337, 16.656], [-14.7867, 16.6459], [-14.9906, 16.6769], [-15.0219, 16.6475], [-15.0906, 16.6574], [-15.1214, 16.6036], [-15.38, 16.582], [-15.7682, 16.4851], [-15.959, 16.4921], [-16.1684, 16.5471], [-16.239, 16.5313], [-16.441, 16.2045], [-16.5353, 15.8384], [-16.5357, 16.2868], [-16.4636, 16.6015], [-16.0789, 17.5459], [-16.0303, 17.8879], [-16.0467, 18.2231], [-16.085, 18.5212], [-16.2131, 19.0033], [-16.3059, 19.1538], [-16.4762, 19.2851], [-16.5145, 19.362], [-16.3713, 19.4103], [-16.3053, 19.5126], [-16.4449, 19.4731], [-16.2834, 19.7872], [-16.2104, 20.2279], [-16.3337, 20.4159], [-16.4298, 20.6523], [-16.5304, 20.7095], [-16.5627, 20.6042], [-16.6225, 20.6342], [-16.8761, 21.0861], [-16.9279, 21.1148], [-16.9982, 21.0397], [-17.048, 20.8062], [-17.064, 20.8988], [-16.9646, 21.3292], [-13.0162, 21.3339], [-13.0943, 22.496], [-13.156, 22.6893], [-13.1533, 22.8205], [-13.0315, 23.0002], [-12.6204, 23.2713], [-12.3729, 23.318], [-12.0234, 23.4676], [-12.0163, 25.9954], [-8.6822, 25.9955], [-8.6834, 27.2859], [-4.8226, 24.9956], [-6.5941, 24.9946], [-5.6287, 16.5687], [-5.3599, 16.2829], [-5.5125, 15.4963], [-9.1768, 15.4961], [-9.3354, 15.5257], [-9.3506, 15.6774], [-9.4266, 15.623], [-9.4469, 15.4582], [-9.9414, 15.3738], [-10.4118, 15.4379], [-10.6966, 15.4227], [-10.8956, 15.1505], [-10.9482, 15.1511], [-11.4552, 15.6254], [-11.5027, 15.6368], [-11.7602, 15.4255], [-11.8729, 14.9952], [-11.9409, 14.8869], [-12.1047, 14.7454], [-12.2806, 14.809]]]]}}, {"type": "Feature", "properties": {"name": "Morocco", "iso3": "MAR", "label": [-9.0283, 28.4857]}, "geometry": {"type": "MultiPolygon", "coordinates": [[[[-2.2196, 35.1042], [-2.1318, 34.9708], [-1.7956, 34.7519], [-1.8497, 34.6073], [-1.7333, 34.467], [-1.7918, 34.3679], [-1.7069, 34.1761], [-1.7141, 33.7818], [-1.6313, 33.5667], [-1.6792, 33.3187], [-1.45, 32.7848], [-1.111, 32.5523], [-1.0655, 32.4683], [-1.2403, 32.3376], [-1.2621, 32.2711], [-1.2259, 32.1072], [-2.4484, 32.13], [-2.8634, 32.0747], [-2.9309, 32.0425], [-3.0174, 31.8343], [-3.4398, 31.7045], [-3.7682, 31.6896], [-3.8467, 31.6199], [-3.7892, 31.3618], [-3.8334, 31.1978], [-3.6245, 31.0658], [-3.6269, 31.0009], [-3.6668, 30.964], [-3.9854, 30.9135], [-4.3229, 30.6989], [-4.9683, 30.4654], [-5.1801, 30.1662], [-5.4488, 29.9569], [-6.0043, 29.8313], [-6.4797, 29.8204], [-6.5206, 29.6599], [-6.6354, 29.5688], [-7.1424, 29.6196], [-7.4857, 29.3922], [-7.6852, 29.3495], [-8.2652, 28.9805], [-8.6784, 28.6894], [-8.6834, 27.6564], [-8.8178, 27.6564], [-8.7744, 27.4605], [-8.7968, 27.3082], [-8.7539, 27.191], [-8.7949, 27.1207], [-9.413, 27.0885], [-9.7354, 26.8609], [-9.8179, 26.8502], [-9.9003, 26.8502], [-10.0327, 26.9107], [-10.2515, 26.8609], [-10.5513, 26.9908], [-10.7578, 27.0201], [-10.9228, 27.0104], [-11.3926, 26.8834], [-11.3168, 26.7447], [-11.3379, 26.6334], [-11.5117, 26.4703], [-11.6845, 26.2135], [-11.7182, 26.1041], [-12.0308, 26.0309], [-12.061, 25.9908], [-12.311, 25.1109], [-12.4312, 24.8307], [-12.9912, 24.4703], [-13.311, 23.9811], [-13.7709, 23.7906], [-13.8911, 23.691], [-14.021, 23.4107], [-14.1011, 23.1002], [-14.2212, 22.3102], [-14.6309, 21.8609], [-14.6108, 21.7506], [-14.751, 21.5006], [-14.8408, 21.4508], [-14.9711, 21.441], [-16.041, 21.5006], [-16.731, 21.4703], [-17.0031, 21.4207], [-16.9309, 21.9], [-16.7933, 22.1597], [-16.684, 22.2744], [-16.5144, 22.3335], [-16.3587, 22.5945], [-16.3043, 22.8348], [-16.2019, 22.9454], [-16.1697, 23.0319], [-16.2103, 23.0979], [-15.7893, 23.7929], [-15.8017, 23.8422], [-15.9807, 23.6703], [-15.8993, 23.8444], [-15.5863, 24.0728], [-15.1886, 24.4788], [-15.0389, 24.5488], [-14.9043, 24.7198], [-14.8561, 24.8716], [-14.8429, 25.2201], [-14.7949, 25.4042], [-14.5228, 25.9252], [-14.4706, 26.163], [-14.4139, 26.2537], [-14.1684, 26.4154], [-13.9521, 26.4888], [-13.5758, 26.7351], [-13.176, 27.6557], [-13.0407, 27.7698], [-12.9489, 27.9142], [-12.7937, 27.9784], [-12.4689, 28.0094], [-11.9861, 28.1293], [-11.5527, 28.3101], [-11.4302, 28.382], [-11.081, 28.7138], [-10.4865, 29.0649], [-10.2006, 29.3804], [-9.7435, 29.9582], [-9.6671, 30.1093], [-9.6238, 30.3526], [-9.6529, 30.4476], [-9.7731, 30.6031], [-9.8539, 30.6446], [-9.8755, 30.7179], [-9.8324, 30.8473], [-9.8087, 31.4246], [-9.675, 31.711], [-9.3475, 32.0864], [-9.2866, 32.2406], [-9.2459, 32.5725], [-8.8362, 32.9205], [-8.5128, 33.2524], [-8.3012, 33.3744], [-7.5624, 33.6403], [-6.901, 33.969], [-6.7558, 34.1329], [-6.3531, 34.7761], [-5.9248, 35.7858], [-5.6229, 35.8289], [-5.3974, 35.9299], [-5.2778, 35.9027], [-5.3376, 35.8565], [-5.3376, 35.7452], [-5.2527, 35.6147], [-5.1054, 35.4678], [-4.8372, 35.2813], [-4.6283, 35.2064], [-4.33, 35.1615], [-3.6933, 35.28], [-3.5906, 35.2283], [-3.3947, 35.2118], [-3.206, 35.2391], [-2.9722, 35.4073], [-2.9536, 35.3151], [-2.8399, 35.1278], [-2.4237, 35.1235], [-2.2196, 35.1042]]]]}}, {"type": "Feature", "properties": {"name": "Mozambique", "iso3": "MOZ", "label": [35.3442, -17.3224]}, "geometry": {"type": "MultiPolygon", "coordinates": [[[[31.2879, -22.4021], [31.4295, -22.2988], [32.4298, -21.2971], [32.3536, -21.1365], [32.4762, -20.9501], [32.4924, -20.6598], [32.6726, -20.5161], [32.9928, -19.9849], [33.0067, -19.8738], [32.8308, -19.5582], [32.7776, -19.3888], [32.8498, -19.1044], [32.8262, -19.0588], [32.7165, -19.0019], [32.6997, -18.9409], [32.722, -18.8284], [32.8846, -18.7285], [32.9931, -18.3596], [32.9556, -18.0829], [32.9693, -17.2516], [32.8844, -17.0378], [32.8763, -16.8836], [32.948, -16.7123], [32.7418, -16.6776], [32.6358, -16.5895], [32.2433, -16.4487], [31.9398, -16.4288], [31.6876, -16.2142], [31.4898, -16.1797], [31.2362, -16.0236], [30.4094, -15.9782], [30.3799, -15.5059], [30.3506, -15.3497], [30.2521, -15.1832], [30.2318, -14.9903], [30.6733, -14.8191], [31.5379, -14.5771], [33.2018, -14.0134], [33.3899, -14.2895], [33.6364, -14.5682], [33.6961, -14.5303], [34.0494, -14.4853], [34.2088, -14.4237], [34.375, -14.4248], [34.5053, -14.5981], [34.5555, -15.1409], [34.5408, -15.2973], [34.435, -15.4771], [34.358, -15.7053], [34.2461, -15.8294], [34.2482, -15.8875], [34.403, -16.0803], [34.4164, -16.2468], [34.5281, -16.3191], [34.9334, -16.7604], [35.0799, -16.8339], [35.1121, -16.8985], [35.0942, -16.9738], [35.0439, -17.0169], [35.0646, -17.0786], [35.1246, -17.1272], [35.2726, -17.1185], [35.2812, -16.8078], [35.2298, -16.6393], [35.1672, -16.5603], [35.2915, -16.2472], [35.3585, -16.1605], [35.5993, -16.1259], [35.7553, -16.0583], [35.8199, -15.6804], [35.8054, -15.2656], [35.8928, -14.8918], [35.8472, -14.6709], [35.2475, -13.8969], [34.9068, -13.5517], [34.6616, -13.4867], [34.5637, -13.3602], [34.4829, -12.6668], [34.3578, -12.1647], [34.5539, -11.8341], [34.6186, -11.6202], [34.6596, -11.5887], [34.8266, -11.5757], [35.5644, -11.6023], [35.631, -11.582], [35.7854, -11.4529], [35.9113, -11.4547], [36.0822, -11.5373], [36.1755, -11.6093], [36.1913, -11.6707], [36.3057, -11.7063], [36.5187, -11.7162], [36.6738, -11.6843], [36.8727, -11.5713], [36.9789, -11.567], [37.2184, -11.6865], [37.3729, -11.7104], [37.5417, -11.6751], [37.7248, -11.5807], [37.8293, -11.4819], [37.8854, -11.3167], [37.9202, -11.2947], [38.1766, -11.2787], [38.3151, -11.3111], [38.4918, -11.4133], [38.7947, -11.2289], [38.9875, -11.1673], [39.171, -11.1669], [39.3216, -11.1226], [39.4392, -11.0346], [39.8171, -10.9124], [39.9887, -10.8208], [40.4636, -10.4644], [40.6117, -10.6615], [40.4866, -10.7651], [40.5972, -10.8307], [40.5161, -10.9296], [40.5063, -10.9984], [40.5445, -11.0656], [40.4028, -11.332], [40.4651, -11.4494], [40.4331, -11.6573], [40.5315, -12.0046], [40.5015, -12.1194], [40.5231, -12.3928], [40.4871, -12.4922], [40.5483, -12.5266], [40.5809, -12.6355], [40.5533, -12.8246], [40.4477, -12.9048], [40.4368, -12.9831], [40.5688, -12.9847], [40.552, -13.2937], [40.5829, -13.374], [40.5451, -13.4629], [40.5957, -14.1229], [40.6025, -14.1674], [40.7156, -14.2145], [40.7131, -14.2906], [40.6399, -14.39], [40.6461, -14.5387], [40.7267, -14.4207], [40.775, -14.4213], [40.8182, -14.4676], [40.8445, -14.7187], [40.8352, -14.7915], [40.7007, -14.9298], [40.6943, -15.0652], [40.6178, -15.1155], [40.651, -15.2609], [40.559, -15.4734], [40.1088, -15.9793], [40.0992, -16.0653], [39.9836, -16.2255], [39.7909, -16.2945], [39.8446, -16.4356], [39.2423, -16.7926], [39.0844, -16.9729], [38.8848, -17.0416], [38.6699, -17.0503], [38.1449, -17.2428], [38.0482, -17.3214], [37.8395, -17.3932], [37.5123, -17.5707], [37.2445, -17.7399], [36.9394, -17.9935], [36.8996, -18.129], [36.5401, -18.5182], [36.4122, -18.693], [36.4037, -18.7697], [36.3272, -18.7932], [36.2629, -18.7196], [36.2356, -18.8613], [36.125, -18.8424], [35.8537, -18.9934], [35.6513, -19.1639], [35.3653, -19.4939], [34.9479, -19.8127], [34.8523, -19.8205], [34.721, -19.7096], [34.6494, -19.7014], [34.7558, -19.822], [34.7051, -20.473], [34.9823, -20.8062], [35.1176, -21.1952], [35.128, -21.3953], [35.2677, -21.651], [35.3293, -22.0374], [35.3157, -22.3969], [35.383, -22.4546], [35.4188, -22.1776], [35.4563, -22.1159], [35.4937, -22.1247], [35.5301, -22.2481], [35.542, -22.3766], [35.4902, -22.6577], [35.5754, -22.9631], [35.4944, -23.1852], [35.3704, -23.7982], [35.4621, -23.8511], [35.4854, -23.7845], [35.5225, -23.785], [35.542, -23.8244], [35.4896, -24.0655], [35.2549, -24.4303], [35.156, -24.5414], [34.9921, -24.6506], [34.6073, -24.8213], [33.836, -25.068], [33.3475, -25.2609], [32.9611, -25.4904], [32.7922, -25.6443], [32.7226, -25.8209], [32.5904, -26.0041], [32.7035, -26.1585], [32.8488, -26.2681], [32.9164, -26.0869], [32.9549, -26.0836], [32.8861, -26.8493], [32.1129, -26.8395], [32.106, -26.52], [32.0414, -26.2812], [32.0605, -26.0184], [31.9482, -25.9576], [31.9203, -25.7739], [31.9846, -25.6319], [31.9858, -24.4606], [31.7996, -23.8922], [31.5456, -23.4823], [31.5317, -23.2795], [31.2932, -22.4547], [31.2879, -22.4021]], [[34.6416, -12.0137], [34.5914, -11.9711], [34.554, -11.9822], [34.5416, -12.0187], [34.5805, -12.0658], [34.6218, -12.0666], [34.6416, -12.0137]], [[34.7193, -12.1106], [34.756, -12.0308], [34.7149, -12.0027], [34.6675, -12.0476], [34.6842, -12.1187], [34.7193, -12.1106]]]]}}, {"type": "Feature", "properties": {"name": "Namibia", "iso3": "NAM", "label": [18.1414, -21.8205]}, "geometry": {"type": "MultiPolygon", "coordinates": [[[[23.3807, -17.6406], [24.2749, -17.4811], [24.7329, -17.5178], [25.0018, -17.5686], [25.2588, -17.7936], [24.9091, -17.8214], [24.7922, -17.8646], [24.5306, -18.0527], [24.359, -17.9782], [24.2439, -18.0234], [24.0026, -18.1541], [23.7005, -18.4243], [23.5997, -18.46], [23.2986, -18.0273], [23.2193, -17.9997], [22.0114, -18.1986], [20.9741, -18.3188], [20.971, -22.0002], [19.9773, -22.0002], [19.9805, -28.4513], [19.6715, -28.5039], [19.5398, -28.5746], [19.4829, -28.6616], [19.3127, -28.7333], [19.271, -28.7777], [19.2822, -28.8479], [19.2458, -28.9017], [19.1617, -28.9388], [18.8388, -28.8691], [18.1027, -28.8717], [17.9761, -28.8113], [17.4479, -28.6981], [17.3479, -28.5012], [17.3857, -28.3532], [17.3587, -28.2694], [17.2046, -28.1988], [17.1494, -28.0822], [17.0562, -28.0311], [16.9333, -28.0696], [16.8753, -28.1279], [16.7558, -28.4521], [16.6262, -28.4879], [16.4476, -28.6176], [15.8909, -28.1525], [15.719, -27.9658], [15.2876, -27.275], [15.1328, -26.7876], [15.1237, -26.6679], [15.1633, -26.6002], [15.1391, -26.508], [15.0966, -26.4258], [14.9678, -26.3181], [14.9313, -25.9582], [14.8452, -25.7257], [14.8371, -25.0332], [14.768, -24.788], [14.6279, -24.548], [14.5016, -24.202], [14.4738, -23.2812], [14.4033, -22.9681], [14.4385, -22.8806], [14.4957, -22.9214], [14.5199, -22.8052], [14.526, -22.7025], [14.4628, -22.4491], [14.3219, -22.1899], [13.9732, -21.7676], [13.8394, -21.4732], [13.4506, -20.9167], [13.1684, -20.1847], [13.0421, -20.0282], [12.4582, -18.9268], [12.3287, -18.7511], [12.0412, -18.4707], [11.7759, -18.0018], [11.7335, -17.751], [11.7431, -17.2492], [11.9025, -17.2266], [12.014, -17.1686], [12.1144, -17.1646], [12.2134, -17.21], [12.5481, -17.2127], [13.1012, -16.9677], [13.476, -17.04], [13.6943, -17.2335], [14.0175, -17.4089], [14.4147, -17.3877], [18.3964, -17.3994], [18.4866, -17.4428], [18.7181, -17.7032], [18.9553, -17.8035], [19.6394, -17.8687], [20.393, -17.8874], [20.6251, -17.9967], [20.7455, -18.0197], [21.1135, -17.9558], [21.4169, -18.0007], [23.0683, -17.6988], [23.3807, -17.6406]]]]}}, {"type": "Feature", "properties": {"name": "Niger", "iso3": "NER", "label": [6.3703, 15.3453]}, "geometry": {"type": "MultiPolygon", "coordinates": [[[[13.6063, 13.7046], [13.3238, 13.6708], [13.1938, 13.573], [12.8717, 13.449], [12.6548, 13.3266], [12.5102, 13.1943], [12.4632, 13.0938], [12.118, 13.0904], [11.99, 13.1918], [11.6934, 13.2977], [11.4119, 13.3536], [10.9589, 13.3715], [10.4759, 13.3302], [10.1847, 13.2701], [10.0451, 13.2062], [9.9293, 13.1353], [9.6159, 12.8106], [9.2016, 12.8215], [8.7506, 12.9082], [8.095, 13.2912], [7.8305, 13.3409], [7.3578, 13.1072], [7.173, 13.0863], [7.0567, 13.0002], [6.9372, 13.0082], [6.8043, 13.1077], [6.5899, 13.4091], [6.2998, 13.6588], [6.1843, 13.6637], [5.492, 13.8729], [5.3616, 13.8369], [5.2419, 13.7572], [4.6648, 13.7332], [4.4214, 13.6475], [4.1476, 13.4577], [4.0874, 13.0555], [4.0388, 12.9347], [3.9479, 12.775], [3.6467, 12.53], [3.6406, 11.9704], [3.6118, 11.8873], [3.6647, 11.7625], [3.5954, 11.6963], [3.4498, 11.852], [3.2991, 11.9271], [3.1496, 12.1181], [2.8781, 12.3677], [2.8053, 12.3838], [2.6484, 12.2968], [2.366, 12.2219], [2.4127, 11.9993], [2.3892, 11.8971], [2.0729, 12.3094], [2.0686, 12.3791], [2.2038, 12.4126], [2.2263, 12.4661], [2.1046, 12.7013], [1.9562, 12.7074], [1.7898, 12.6133], [1.5649, 12.6354], [1.0968, 13.0011], [0.9873, 13.0419], [0.9885, 13.3648], [1.1709, 13.3296], [1.2012, 13.3575], [1.0179, 13.4679], [0.9777, 13.552], [0.8979, 13.6109], [0.6182, 13.7034], [0.374, 14.0764], [0.3549, 14.139], [0.3825, 14.2458], [0.1639, 14.4972], [0.2287, 14.9637], [0.7187, 14.9549], [0.9475, 14.9821], [1.3002, 15.2723], [3.0011, 15.341], [3.0105, 15.4083], [3.0602, 15.4272], [3.5043, 15.3563], [3.5205, 15.4831], [3.7096, 15.6417], [3.8165, 15.674], [3.877, 15.7553], [4.0148, 16.1927], [4.1213, 16.3577], [4.1821, 16.5818], [4.2029, 16.9627], [4.2347, 16.9964], [4.2276, 19.1428], [5.7483, 19.4342], [5.8366, 19.4792], [7.4817, 20.8731], [11.9679, 23.5179], [13.4812, 23.1802], [13.5986, 23.1195], [14.2155, 22.6197], [14.9789, 22.9963], [15.1723, 21.9221], [15.1818, 21.5234], [15.2937, 21.4115], [15.6073, 20.9544], [15.5403, 20.8749], [15.5871, 20.7333], [15.9632, 20.3462], [15.7351, 19.9041], [15.4743, 16.9084], [14.368, 15.7501], [13.8071, 14.9661], [13.6424, 14.6308], [13.4482, 14.3807], [13.5058, 14.1344], [13.6063, 13.7046]]]]}}, {"type": "Feature", "properties": {"name": "Nigeria", "iso3": "NGA", "label": [7.7616, 8.634]}, "geometry": {"type": "MultiPolygon", "coordinates": [[[[7.3008, 4.4182], [7.1404, 4.3951], [7.2273, 4.5273], [7.3279, 4.4872], [7.3008, 4.4182]]], [[[13.6063, 13.7046], [14.064, 13.0785], [14.1975, 12.3838], [14.5189, 12.2982], [14.6197, 12.151], [14.5974, 11.8298], [14.5618, 11.7287], [14.5754, 11.5324], [14.4961, 11.4461], [14.2023, 11.2682], [13.9814, 11.2119], [13.8921, 11.1401], [13.6999, 10.8731], [13.5354, 10.6051], [13.4146, 10.1714], [13.2699, 10.0362], [13.1987, 9.5638], [12.9295, 9.4263], [12.8757, 9.3035], [12.8065, 8.8866], [12.7312, 8.7457], [12.5827, 8.6241], [12.4035, 8.5956], [12.2334, 8.2823], [12.156, 7.9425], [12.0252, 7.7278], [12.016, 7.5897], [11.7674, 7.2723], [11.8614, 7.1164], [11.5801, 6.8889], [11.5517, 6.6973], [11.4018, 6.5339], [11.2373, 6.4505], [11.1064, 6.4577], [11.0087, 6.7391], [10.7376, 6.9883], [10.6062, 7.0631], [10.5563, 7.0375], [10.4823, 6.8913], [10.4132, 6.8777], [10.2055, 6.8916], [10.1436, 6.9964], [9.7799, 6.7602], [9.66, 6.532], [9.3733, 6.3196], [9.0602, 6.0091], [8.9351, 5.781], [8.801, 5.1975], [8.5559, 4.7552], [8.5148, 4.7247], [8.4313, 4.7462], [8.3937, 4.8138], [8.3421, 4.8248], [8.2527, 4.924], [8.2338, 4.9075], [8.328, 4.6561], [8.2931, 4.5576], [7.6442, 4.5253], [7.5656, 4.5609], [7.5308, 4.6552], [7.4599, 4.5552], [7.2844, 4.5477], [7.0766, 4.7162], [7.1642, 4.6156], [7.1547, 4.5144], [7.0134, 4.3973], [6.9232, 4.3907], [6.8679, 4.4411], [6.8247, 4.6453], [6.7677, 4.7247], [6.7931, 4.4691], [6.8604, 4.3733], [6.633, 4.3402], [6.58, 4.476], [6.5546, 4.3414], [6.2637, 4.3094], [6.271, 4.4321], [6.2146, 4.3855], [6.2056, 4.2923], [6.1733, 4.2774], [5.9707, 4.3386], [5.5878, 4.6472], [5.3833, 5.129], [5.4521, 5.1266], [5.476, 5.1539], [5.3883, 5.1738], [5.3642, 5.2593], [5.368, 5.3377], [5.5009, 5.3786], [5.5497, 5.4742], [5.3858, 5.4018], [5.2324, 5.4838], [5.1992, 5.5335], [5.2158, 5.5717], [5.3938, 5.5745], [5.4566, 5.6117], [5.3503, 5.6233], [5.3273, 5.7075], [5.2763, 5.6416], [5.1729, 5.6027], [5.1124, 5.6416], [5.0931, 5.7671], [4.861, 6.0263], [4.4313, 6.3486], [4.1259, 6.4114], [3.4508, 6.4271], [3.7517, 6.5838], [3.717, 6.5979], [3.4302, 6.525], [3.3355, 6.3969], [2.7064, 6.3692], [2.7746, 6.7117], [2.7214, 6.9803], [2.7567, 7.0679], [2.7505, 7.3951], [2.7852, 7.4769], [2.7193, 7.6163], [2.686, 7.8737], [2.7329, 8.7825], [2.7748, 9.0485], [3.0449, 9.0838], [3.148, 9.3206], [3.1361, 9.4516], [3.3295, 9.667], [3.3252, 9.7785], [3.5572, 9.9073], [3.6021, 10.0045], [3.6459, 10.1602], [3.5766, 10.2684], [3.6041, 10.3507], [3.6803, 10.4278], [3.7585, 10.4127], [3.7838, 10.4359], [3.8297, 10.6538], [3.7568, 10.7688], [3.7164, 11.0796], [3.4878, 11.3954], [3.4905, 11.4992], [3.5539, 11.6319], [3.6647, 11.7625], [3.6118, 11.8873], [3.6406, 11.9704], [3.6467, 12.53], [3.9479, 12.775], [4.0388, 12.9347], [4.0874, 13.0555], [4.1476, 13.4577], [4.4214, 13.6475], [4.8233, 13.7598], [5.2419, 13.7572], [5.3616, 13.8369], [5.492, 13.8729], [6.1843, 13.6637], [6.2998, 13.6588], [6.5899, 13.4091], [6.8043, 13.1077], [6.9372, 13.0082], [7.0567, 13.0002], [7.173, 13.0863], [7.3578, 13.1072], [7.8305, 13.3409], [8.095, 13.2912], [8.7506, 12.9082], [9.2016, 12.8215], [9.6159, 12.8106], [9.9293, 13.1353], [10.0451, 13.2062], [10.1847, 13.2701], [10.4759, 13.3302], [10.9589, 13.3715], [11.4119, 13.3536], [11.6934, 13.2977], [11.99, 13.1918], [12.118, 13.0904], [12.4632, 13.0938], [12.5102, 13.1943], [12.6548, 13.3266], [13.427, 13.7018], [13.6063, 13.7046]]]]}}, {"type": "Feature", "properties": {"name": "Rwanda", "iso3": "RWA", "label": [29.9123, -2.0058]}, "geometry": {"type": "MultiPolygon", "coordinates": [[[[29.577, -1.3879], [29.8254, -1.3355], [29.8816, -1.4518], [29.9301, -1.4699], [30.1016, -1.3687], [30.3603, -1.0746], [30.51, -1.0673], [30.4702, -1.1312], [30.5081, -1.2082], [30.6319, -1.3675], [30.7107, -1.3968], [30.8126, -1.5631], [30.8191, -1.9675], [30.8766, -2.1434], [30.8287, -2.3385], [30.5536, -2.4001], [30.4085, -2.313], [30.2338, -2.3471], [30.1173, -2.4166], [29.9302, -2.3396], [29.8682, -2.7164], [29.698, -2.7947], [29.3902, -2.8086], [29.3498, -2.7915], [29.2971, -2.673], [29.1021, -2.5957], [29.0632, -2.6025], [29.0144, -2.7202], [28.9218, -2.682], [28.8576, -2.4467], [28.8764, -2.4003], [29.1315, -2.1951], [29.1433, -1.816], [29.3517, -1.5176], [29.5378, -1.4098], [29.577, -1.3879]]]]}}, {"type": "Feature", "properties": {"name": "S. Sudan", "iso3": "SSD", "label": [30.3452, 7.9034]}, "geometry": {"type": "MultiPolygon", "coordinates": [[[[33.9761, 4.2202], [33.4894, 3.7551], [33.1541, 3.7747], [32.9973, 3.8802], [32.8381, 3.7985], [32.3357, 3.7062], [32.1967, 3.6078], [32.1359, 3.5197], [31.9418, 3.6076], [31.798, 3.8026], [31.5472, 3.6776], [31.1523, 3.7856], [30.9294, 3.6341], [30.8386, 3.4907], [30.7572, 3.6242], [30.5867, 3.6242], [30.5083, 3.8357], [30.1949, 3.9819], [29.8702, 4.3271], [29.6769, 4.5869], [29.5521, 4.636], [29.4696, 4.6118], [29.3849, 4.4984], [29.2249, 4.3919], [29.1515, 4.3882], [28.9394, 4.4871], [28.7271, 4.505], [28.4275, 4.3242], [28.1921, 4.3502], [28.0786, 4.4248], [27.9807, 4.5321], [27.7881, 4.6447], [27.6642, 4.846], [27.491, 4.9676], [27.2567, 5.2896], [27.2291, 5.5625], [27.1439, 5.7229], [26.7264, 5.9982], [26.5937, 6.0175], [26.5143, 6.0692], [26.3086, 6.4553], [26.3618, 6.6353], [26.1693, 6.7817], [26.0365, 6.9552], [25.889, 7.0649], [25.3807, 7.3334], [25.2789, 7.4275], [25.1813, 7.5572], [25.2474, 7.7246], [25.2004, 7.8079], [24.8533, 8.1375], [24.7367, 8.1916], [24.3755, 8.2584], [24.2084, 8.3691], [24.18, 8.4611], [24.2209, 8.6083], [24.1474, 8.6656], [24.1604, 8.6963], [24.2136, 8.7678], [24.3002, 8.8143], [24.5319, 8.8869], [24.5494, 9.0068], [24.648, 9.1791], [24.6736, 9.3893], [24.7826, 9.5273], [24.7853, 9.7747], [25.0029, 10.0553], [25.0236, 10.2358], [25.104, 10.3118], [25.2852, 10.3185], [25.798, 10.4205], [25.8582, 10.4065], [25.8915, 10.2027], [26.1695, 9.9659], [26.5514, 9.5258], [26.6587, 9.4841], [26.7632, 9.4992], [27.0742, 9.6138], [27.8809, 9.6016], [28.0489, 9.3286], [28.8445, 9.3261], [28.8395, 9.4591], [28.9796, 9.5942], [29.2424, 9.7181], [29.4731, 9.7686], [29.6039, 9.9214], [29.6055, 10.0651], [30.003, 10.2774], [30.4746, 9.979], [30.7554, 9.7312], [31.1545, 9.7709], [31.2249, 9.7993], [31.6549, 10.2211], [31.8543, 10.4791], [31.933, 10.6625], [32.4208, 11.0891], [32.3389, 11.3145], [32.3385, 11.7101], [32.0723, 12.0067], [32.7367, 12.0097], [32.7219, 12.2231], [33.1993, 12.2173], [33.1351, 11.9416], [33.1225, 11.6932], [33.0733, 11.6061], [33.1722, 10.8501], [33.1301, 10.7459], [33.3714, 10.6527], [33.907, 10.1814], [33.9568, 10.0542], [33.9633, 9.8618], [33.8949, 9.7176], [33.8715, 9.5062], [33.8909, 9.4622], [34.0781, 9.4615], [34.1018, 8.6764], [34.0728, 8.5453], [33.9533, 8.4435], [33.2811, 8.4373], [33.2343, 8.3964], [32.9989, 7.8995], [33.0808, 7.8237], [33.226, 7.7606], [33.6661, 7.671], [33.9024, 7.5095], [34.0204, 7.368], [34.0643, 7.2257], [34.2793, 7.0028], [34.4844, 6.8984], [34.5628, 6.7798], [34.7106, 6.6603], [34.959, 6.0451], [34.9836, 5.8583], [35.0819, 5.6731], [35.2684, 5.4923], [34.1769, 4.4191], [33.9761, 4.2202]]]]}}, {"type": "Feature", "properties": {"name": "Senegal", "iso3": "SEN", "label": [-14.3807, 14.0332]}, "geometry": {"type": "MultiPolygon", "coordinates": [[[[-12.2806, 14.809], [-12.1865, 14.6481], [-12.2284, 14.4586], [-12.0192, 14.2065], [-12.0201, 13.9747], [-11.9609, 13.8753], [-11.9842, 13.7881], [-12.0441, 13.7339], [-12.0542, 13.6331], [-11.8946, 13.4444], [-11.8317, 13.3158], [-11.7583, 13.3945], [-11.635, 13.3699], [-11.5488, 13.1703], [-11.3904, 12.942], [-11.4506, 12.5577], [-11.3824, 12.4792], [-11.3894, 12.4044], [-11.5737, 12.4263], [-11.8081, 12.3873], [-12.0424, 12.398], [-12.2912, 12.328], [-12.7973, 12.4519], [-12.9307, 12.5323], [-13.0119, 12.4776], [-13.0613, 12.49], [-13.0829, 12.6335], [-13.7292, 12.6739], [-15.1961, 12.6799], [-15.5748, 12.4904], [-15.8396, 12.4379], [-16.1442, 12.4574], [-16.5213, 12.3486], [-16.7118, 12.3548], [-16.7849, 12.4725], [-16.7603, 12.5258], [-16.5532, 12.6049], [-16.45, 12.5807], [-16.4429, 12.6095], [-16.5977, 12.7153], [-16.7014, 12.6032], [-16.7439, 12.5854], [-16.768, 12.6284], [-16.7633, 13.0642], [-16.6488, 13.1541], [-15.8343, 13.1564], [-15.8144, 13.3251], [-15.2862, 13.396], [-15.1511, 13.5565], [-14.4386, 13.2689], [-14.2468, 13.2358], [-13.8475, 13.3353], [-13.8267, 13.4078], [-13.8528, 13.4786], [-13.9774, 13.5435], [-14.3255, 13.4886], [-14.4055, 13.5037], [-14.5709, 13.6162], [-14.766, 13.6691], [-14.9358, 13.7852], [-15.1083, 13.8121], [-15.4269, 13.727], [-15.5097, 13.5862], [-16.5623, 13.5873], [-16.5878, 13.6896], [-16.7454, 13.8404], [-16.7669, 13.9049], [-16.6181, 14.0405], [-16.7917, 14.0041], [-16.7978, 14.0933], [-16.9738, 14.4032], [-17.0794, 14.4831], [-17.1681, 14.6406], [-17.3458, 14.7293], [-17.4185, 14.7235], [-17.445, 14.6516], [-17.5356, 14.7551], [-17.1472, 14.922], [-16.8434, 15.294], [-16.5708, 15.7344], [-16.441, 16.2045], [-16.4043, 16.2249], [-16.239, 16.5313], [-16.1684, 16.5471], [-15.959, 16.4921], [-15.7682, 16.4851], [-15.38, 16.582], [-15.1214, 16.6036], [-15.0906, 16.6574], [-15.0552, 16.641], [-14.9595, 16.6789], [-14.9286, 16.6535], [-14.5337, 16.656], [-14.3001, 16.5803], [-13.975, 16.3111], [-13.9682, 16.2572], [-13.8685, 16.1481], [-13.8098, 16.138], [-13.7566, 16.1725], [-13.6847, 16.1269], [-13.507, 16.1352], [-13.3476, 15.9735], [-13.2064, 15.6169], [-13.1424, 15.6033], [-13.0793, 15.5104], [-12.9943, 15.5049], [-12.9309, 15.453], [-12.8627, 15.3404], [-12.8585, 15.2425], [-12.6596, 15.0821], [-12.5436, 15.039], [-12.3025, 14.817], [-12.2806, 14.809]]]]}}, {"type": "Feature", "properties": {"name": "Sierra Leone", "iso3": "SLE", "label": [-11.8689, 8.6262]}, "geometry": {"type": "MultiPolygon", "coordinates": [[[[-10.2832, 8.4852], [-10.3598, 8.1879], [-10.5167, 8.1253], [-10.5709, 8.0711], [-10.6475, 7.7594], [-11.2677, 7.2326], [-11.5075, 6.9065], [-11.7334, 7.0886], [-12.4856, 7.3863], [-12.4327, 7.545], [-12.5104, 7.6657], [-12.4803, 7.7533], [-12.5702, 7.7006], [-12.6976, 7.7159], [-12.8509, 7.8187], [-12.9569, 8.1453], [-13.0208, 8.2009], [-13.149, 8.2146], [-13.2728, 8.4297], [-13.2612, 8.4876], [-13.085, 8.4248], [-12.8941, 8.6298], [-12.904, 8.6562], [-12.9534, 8.6151], [-13.0882, 8.6257], [-13.1818, 8.5769], [-13.2284, 8.6959], [-13.2069, 8.8431], [-13.071, 8.8563], [-13.0595, 8.8812], [-13.1537, 8.8977], [-13.2716, 8.9874], [-13.2927, 9.0492], [-13.2342, 9.0701], [-13.1299, 9.0476], [-13.028, 9.1036], [-12.9588, 9.2633], [-12.8311, 9.3022], [-12.7559, 9.3736], [-12.5579, 9.705], [-12.5015, 9.8622], [-12.428, 9.8981], [-12.2777, 9.9298], [-12.1423, 9.8754], [-11.9228, 9.9228], [-11.9111, 9.993], [-11.2736, 9.9965], [-11.2057, 9.9777], [-10.6905, 9.3143], [-10.747, 9.0953], [-10.616, 9.0592], [-10.6056, 8.8676], [-10.5005, 8.6875], [-10.6285, 8.53], [-10.7121, 8.3353], [-10.5577, 8.3157], [-10.3601, 8.4955], [-10.2832, 8.4852]]], [[[-12.5261, 7.4363], [-12.5406, 7.4103], [-12.6072, 7.4745], [-12.9516, 7.5709], [-12.8544, 7.622], [-12.6152, 7.6372], [-12.5125, 7.5824], [-12.5006, 7.5351], [-12.5261, 7.4363]]]]}}, {"type": "Feature", "properties": {"name": "Somalia", "iso3": "SOM", "label": [46.5114, 5.9652]}, "geometry": {"type": "MultiPolygon", "coordinates": [[[[41.5327, -1.6953], [41.5219, -1.5723], [40.9787, -0.8703], [40.9787, 2.8424], [41.3418, 3.2017], [41.9153, 4.0313], [42.0241, 4.1379], [42.2284, 4.2017], [42.7916, 4.292], [42.8947, 4.3611], [43.016, 4.5633], [43.1257, 4.6445], [43.5835, 4.855], [43.9889, 4.9505], [44.9405, 4.912], [46.4229, 6.4973], [47.9782, 7.9971], [48.9381, 9.4518], [48.9386, 11.2584], [49.3883, 11.3427], [49.6421, 11.4509], [50.1101, 11.5293], [50.4662, 11.7275], [50.6359, 11.9438], [50.7923, 11.9837], [51.2549, 11.8307], [51.2182, 11.6577], [51.0843, 11.3356], [51.1406, 10.6569], [51.0938, 10.4885], [51.0318, 10.4448], [51.1883, 10.4797], [51.193, 10.5546], [51.3691, 10.4752], [51.3846, 10.3865], [51.2088, 10.4311], [50.9301, 10.3355], [50.8328, 9.7105], [50.825, 9.4282], [50.6852, 9.2412], [50.638, 9.1093], [50.4298, 8.8453], [50.2857, 8.5094], [50.1028, 8.1998], [49.8521, 7.9625], [49.6712, 7.4695], [49.235, 6.7773], [49.0927, 6.4079], [49.0493, 6.1736], [48.649, 5.4944], [48.234, 4.9527], [47.9753, 4.497], [46.8788, 3.2856], [46.0512, 2.4751], [45.8263, 2.3099], [44.9202, 1.8102], [44.3327, 1.391], [43.4677, 0.6216], [41.9799, -0.973], [41.632, -1.5785], [41.5327, -1.6953]]]]}}, {"type": "Feature", "properties": {"name": "Somaliland", "iso3": "SOL", "label": [45.5779, 10.0391]}, "geometry": {"type": "MultiPolygon", "coordinates": [[[[48.9386, 11.2584], [48.9381, 9.4518], [47.9782, 7.9971], [46.9782, 7.9971], [44.0229, 8.986], [43.6205, 9.3374], [43.4825, 9.3795], [43.3943, 9.4803], [43.1816, 9.88], [43.0689, 9.9262], [42.8416, 10.2031], [42.6564, 10.6], [43.246, 11.4998], [43.4412, 11.3464], [43.6312, 11.0354], [43.8527, 10.7843], [44.1582, 10.5508], [44.3865, 10.4302], [44.943, 10.4367], [45.3377, 10.6498], [45.8167, 10.8359], [46.4603, 10.7342], [46.565, 10.746], [46.9734, 10.9254], [47.2301, 11.0999], [47.405, 11.174], [47.7125, 11.112], [48.0192, 11.1394], [48.5726, 11.3205], [48.6744, 11.3227], [48.9031, 11.2549], [48.9386, 11.2584]]]]}}, {"type": "Feature", "properties": {"name": "South Africa", "iso3": "ZAF", "label": [24.3144, -28.1572]}, "geometry": {"type": "MultiPolygon", "coordinates": [[[[29.3648, -22.1939], [29.6631, -22.1463], [29.9023, -22.1842], [30.1904, -22.2911], [30.4602, -22.329], [30.9161, -22.2907], [31.0734, -22.3078], [31.2879, -22.4021], [31.5317, -23.2795], [31.5456, -23.4823], [31.7996, -23.8922], [31.9666, -24.3765], [31.9846, -25.6319], [31.9203, -25.7739], [31.9482, -25.9576], [31.8715, -25.9816], [31.4151, -25.7466], [31.3352, -25.7556], [31.2073, -25.8434], [30.8033, -26.4135], [30.8067, -26.7853], [30.8833, -26.7924], [31.0634, -27.1123], [31.274, -27.2384], [31.4695, -27.2955], [31.7426, -27.31], [31.9584, -27.3059], [31.9947, -26.8175], [32.3535, -26.8616], [32.8861, -26.8493], [32.8491, -27.0802], [32.657, -27.6073], [32.5348, -28.1997], [32.3752, -28.4982], [32.2857, -28.6215], [32.0272, -28.8396], [31.7782, -28.9371], [31.3352, -29.3781], [31.1699, -29.5908], [31.0233, -29.9009], [30.8776, -30.0711], [30.2887, -30.9701], [29.9712, -31.3221], [29.4829, -31.6747], [28.856, -32.2942], [27.8606, -33.0539], [27.0774, -33.5212], [26.6137, -33.7074], [26.4295, -33.7596], [25.9896, -33.7113], [25.8059, -33.7371], [25.6524, -33.8496], [25.6382, -34.0111], [25.5742, -34.0354], [25.1697, -33.9607], [25.0029, -33.9736], [24.8271, -34.1689], [24.5955, -34.1745], [24.183, -34.0615], [23.6979, -33.9928], [23.5855, -33.9852], [23.2682, -34.0812], [22.5538, -34.0101], [22.2455, -34.0691], [21.789, -34.3727], [21.3498, -34.4082], [20.9898, -34.3675], [20.7748, -34.4399], [20.5299, -34.4631], [20.0206, -34.7857], [19.635, -34.7533], [19.3915, -34.6057], [19.2982, -34.615], [19.3308, -34.4924], [19.2446, -34.4123], [19.1491, -34.4169], [19.0983, -34.3501], [18.8313, -34.3641], [18.8088, -34.1082], [18.7521, -34.0826], [18.6052, -34.0773], [18.5004, -34.1093], [18.4621, -34.1681], [18.4616, -34.3469], [18.3521, -34.1885], [18.3334, -34.0742], [18.3544, -33.9391], [18.465, -33.8878], [18.433, -33.7173], [18.2612, -33.4217], [18.1563, -33.3588], [18.0748, -33.2073], [17.9926, -33.1523], [17.9584, -33.0464], [17.8782, -32.9615], [17.8511, -32.8274], [17.9652, -32.7086], [18.0365, -32.7751], [18.125, -32.7491], [18.2509, -32.6521], [18.3253, -32.505], [18.3107, -32.1225], [18.2108, -31.7425], [17.6774, -31.019], [17.3471, -30.4448], [17.1891, -30.0998], [16.95, -29.4034], [16.7395, -29.0094], [16.4476, -28.6176], [16.6262, -28.4879], [16.7558, -28.4521], [16.8753, -28.1279], [16.9333, -28.0696], [17.0562, -28.0311], [17.1494, -28.0822], [17.2046, -28.1988], [17.3587, -28.2694], [17.3857, -28.3532], [17.3479, -28.5012], [17.4479, -28.6981], [17.9761, -28.8113], [18.1027, -28.8717], [18.8388, -28.8691], [19.1617, -28.9388], [19.2458, -28.9017], [19.2822, -28.8479], [19.271, -28.7777], [19.4829, -28.6616], [19.5398, -28.5746], [19.6715, -28.5039], [19.9805, -28.4513], [19.9805, -24.7768], [20.3452, -25.0299], [20.4307, -25.1471], [20.7932, -25.9156], [20.815, -26.1649], [20.6268, -26.4438], [20.6414, -26.7422], [20.6851, -26.8225], [20.7398, -26.8488], [20.8709, -26.8088], [21.071, -26.8518], [21.6947, -26.8409], [21.7883, -26.7101], [22.0909, -26.5802], [22.2176, -26.3889], [22.5977, -26.1327], [22.8788, -25.4579], [22.9513, -25.3703], [23.0575, -25.3123], [23.266, -25.2666], [23.3893, -25.2914], [23.6707, -25.434], [23.8938, -25.6009], [24.193, -25.6329], [24.3306, -25.7429], [24.7481, -25.8174], [24.8692, -25.8135], [24.9989, -25.754], [25.2134, -25.7563], [25.4437, -25.7145], [25.5838, -25.6062], [25.9121, -24.7475], [26.3972, -24.6136], [26.6178, -24.3955], [26.8351, -24.2408], [26.987, -23.7046], [27.0855, -23.5779], [27.3134, -23.4242], [27.4987, -23.3684], [27.6438, -23.2177], [27.7583, -23.1968], [27.7686, -23.1489], [27.9313, -23.0336], [28.0279, -22.8737], [28.2102, -22.6937], [28.3817, -22.5934], [28.8398, -22.4809], [28.9458, -22.3951], [29.0135, -22.2784], [29.1299, -22.2133], [29.3648, -22.1939]], [[28.7369, -30.102], [29.098, -29.919], [29.1422, -29.701], [29.2936, -29.5669], [29.3907, -29.2697], [29.3014, -29.0898], [28.9537, -28.8814], [28.6258, -28.5817], [28.2326, -28.7013], [27.9599, -28.8733], [27.7355, -28.94], [27.3568, -29.4553], [27.2945, -29.5193], [27.0952, -29.5993], [27.0518, -29.6641], [27.1305, -29.8402], [27.3554, -30.1586], [27.3497, -30.2474], [27.3885, -30.3159], [27.492, -30.364], [27.7531, -30.6], [28.0568, -30.6311], [28.1391, -30.4499], [28.3921, -30.1476], [28.6469, -30.1266], [28.7369, -30.102]]], [[[37.8569, -46.9442], [37.6118, -46.9465], [37.59, -46.908], [37.6849, -46.824], [37.7896, -46.8375], [37.8877, -46.9017], [37.8569, -46.9442]]]]}}, {"type": "Feature", "properties": {"name": "Sudan", "iso3": "SDN", "label": [30.1298, 13.9653]}, "geometry": {"type": "MultiPolygon", "coordinates": [[[[34.0781, 9.4615], [33.8909, 9.4622], [33.8715, 9.5062], [33.8949, 9.7176], [33.9633, 9.8618], [33.9568, 10.0542], [33.907, 10.1814], [33.3714, 10.6527], [33.1301, 10.7459], [33.1722, 10.8501], [33.0733, 11.6061], [33.1225, 11.6932], [33.1351, 11.9416], [33.1993, 12.2173], [32.7219, 12.2231], [32.7367, 12.0097], [32.0723, 12.0067], [32.3385, 11.7101], [32.3389, 11.3145], [32.4208, 11.0891], [31.933, 10.6625], [31.8543, 10.4791], [31.6549, 10.2211], [31.2249, 9.7993], [31.1545, 9.7709], [30.7554, 9.7312], [30.4746, 9.979], [30.003, 10.2774], [29.6055, 10.0651], [29.6039, 9.9214], [29.4731, 9.7686], [29.2424, 9.7181], [28.9796, 9.5942], [28.8395, 9.4591], [28.8445, 9.3261], [28.0489, 9.3286], [27.8809, 9.6016], [27.0742, 9.6138], [26.6587, 9.4841], [26.5514, 9.5258], [26.1695, 9.9659], [25.9191, 10.1693], [25.8582, 10.4065], [25.798, 10.4205], [25.067, 10.2938], [25.0236, 10.2358], [25.0029, 10.0553], [24.7853, 9.7747], [24.7826, 9.5273], [24.6736, 9.3893], [24.648, 9.1791], [24.5494, 9.0068], [24.5319, 8.8869], [24.2136, 8.7678], [24.1474, 8.6656], [23.6793, 8.7325], [23.5373, 8.8158], [23.5519, 8.9432], [23.4891, 8.9933], [23.4683, 9.1147], [23.5961, 9.2619], [23.6227, 9.3406], [23.6463, 9.8229], [23.3123, 10.3879], [22.9644, 10.7518], [22.8601, 10.9197], [22.9377, 11.192], [22.9227, 11.3449], [22.849, 11.4033], [22.7834, 11.41], [22.5911, 11.5799], [22.5563, 11.6695], [22.581, 11.9901], [22.5644, 12.033], [22.4725, 12.0678], [22.3902, 12.463], [22.4145, 12.5464], [22.3523, 12.6604], [22.2334, 12.7095], [21.9281, 12.6781], [21.8781, 12.6994], [21.8253, 12.7905], [21.9077, 13.001], [21.9902, 13.1131], [22.158, 13.215], [22.2281, 13.3296], [22.2214, 13.4716], [22.1076, 13.7303], [22.1064, 13.7998], [22.1731, 13.9106], [22.5386, 14.1619], [22.4493, 14.2842], [22.3815, 14.5505], [22.4678, 14.6334], [22.6709, 14.7225], [22.6792, 14.8515], [22.7633, 14.9987], [22.9323, 15.1621], [22.9695, 15.3113], [22.9339, 15.5331], [23.1052, 15.7025], [23.604, 15.746], [23.9708, 15.7215], [23.9803, 19.9959], [24.9795, 20.0026], [24.9803, 21.9959], [31.2092, 21.9949], [31.2606, 22.0023], [31.3585, 22.1886], [31.4003, 22.2024], [31.4643, 22.1915], [31.4861, 22.1478], [31.4345, 21.9959], [36.8714, 21.9967], [36.927, 21.5865], [37.0812, 21.326], [37.2586, 21.1085], [37.2572, 21.0394], [37.1506, 21.1038], [37.1411, 20.9818], [37.2275, 20.5567], [37.1879, 20.3949], [37.1932, 20.1207], [37.2626, 19.7919], [37.2484, 19.5819], [37.3615, 19.092], [37.4713, 18.8201], [37.5994, 18.7174], [37.7298, 18.6943], [37.9219, 18.5559], [38.2018, 18.2494], [38.2831, 18.2867], [38.3329, 18.219], [38.574, 18.0729], [38.6095, 18.0051], [38.4225, 17.8239], [38.3737, 17.7173], [38.2535, 17.5848], [37.7824, 17.458], [37.5475, 17.3241], [37.411, 17.0617], [37.009, 17.0589], [36.9787, 16.8006], [36.8878, 16.6247], [36.9138, 16.2962], [36.5218, 15.2501], [36.4268, 15.1321], [36.5243, 14.2568], [36.4439, 13.9884], [36.4471, 13.842], [36.3906, 13.6261], [36.2122, 13.2711], [36.1602, 13.0933], [36.1252, 12.757], [36.1075, 12.7265], [35.8206, 12.6849], [35.6702, 12.6237], [35.2524, 11.957], [35.1123, 11.8166], [34.9607, 11.2768], [34.9314, 10.8648], [34.7713, 10.7462], [34.5719, 10.8802], [34.4314, 10.7878], [34.3439, 10.6586], [34.2757, 10.5281], [34.3112, 10.1909], [34.1591, 9.8534], [34.0793, 9.5135], [34.0781, 9.4615]]]]}}, {"type": "Feature", "properties": {"name": "S\u00e3o Tom\u00e9 and Principe", "iso3": "STP", "label": [6.598, 0.2245]}, "geometry": {"type": "MultiPolygon", "coordinates": [[[[7.4238, 1.5677], [7.3866, 1.5416], [7.3307, 1.6034], [7.4145, 1.6991], [7.4523, 1.6311], [7.4238, 1.5677]]], [[[6.66, 0.1207], [6.5568, 0.0474], [6.5197, 0.0663], [6.4775, 0.2801], [6.5243, 0.3403], [6.6869, 0.4044], [6.7498, 0.3256], [6.75, 0.2435], [6.66, 0.1207]]]]}}, {"type": "Feature", "properties": {"name": "Tanzania", "iso3": "TZA", "label": [34.4068, -6.6057]}, "geometry": {"type": "MultiPolygon", "coordinates": [[[[39.4965, -6.1746], [39.573, -6.3874], [39.5632, -6.4272], [39.481, -6.4537], [39.4236, -6.3479], [39.3826, -6.3649], [39.3127, -6.2791], [39.2435, -6.275], [39.1823, -6.1726], [39.2062, -6.0832], [39.1924, -5.9311], [39.267, -5.8531], [39.309, -5.722], [39.4333, -6.1154], [39.4879, -6.1662], [39.4965, -6.1746]]], [[[39.865, -4.9062], [39.853, -5.2555], [39.7493, -5.4438], [39.6468, -5.3686], [39.7011, -5.1137], [39.6734, -4.9271], [39.7808, -4.9449], [39.865, -4.9062]]], [[[32.9199, -9.4074], [32.4871, -9.2127], [32.4332, -9.1563], [31.9426, -9.054], [31.9187, -8.9422], [31.8181, -8.9022], [31.6736, -8.9088], [31.5562, -8.8055], [31.5349, -8.7133], [31.3506, -8.607], [31.0764, -8.6119], [30.9684, -8.551], [30.8307, -8.3855], [30.3132, -7.2037], [30.2127, -7.0379], [30.1062, -6.915], [29.7097, -6.6169], [29.5408, -6.3139], [29.4801, -6.025], [29.607, -5.7227], [29.3234, -4.8988], [29.4032, -4.4493], [29.7178, -4.4559], [29.9473, -4.3073], [30.1472, -4.0854], [30.2686, -3.8505], [30.3791, -3.7308], [30.425, -3.5889], [30.6319, -3.4187], [30.6261, -3.3474], [30.7902, -3.2746], [30.8114, -3.2006], [30.7803, -2.9849], [30.4556, -2.8932], [30.424, -2.824], [30.4733, -2.6943], [30.4242, -2.6416], [30.5337, -2.4263], [30.8287, -2.3385], [30.8766, -2.1434], [30.8191, -1.9675], [30.8126, -1.5631], [30.7107, -1.3968], [30.6319, -1.3675], [30.5081, -1.2082], [30.4702, -1.1312], [30.4771, -1.083], [30.5199, -1.0625], [30.5987, -1.0697], [30.8092, -0.9949], [33.9794, -1.0021], [37.6438, -3.0454], [37.688, -3.2462], [37.6082, -3.4971], [37.711, -3.5408], [37.7973, -3.6744], [39.2218, -4.6924], [38.9782, -5.5186], [38.8192, -5.8776], [38.8047, -6.0701], [38.874, -6.3312], [38.9814, -6.4551], [39.1255, -6.556], [39.2873, -6.8149], [39.4724, -6.8786], [39.5461, -7.024], [39.5192, -7.1241], [39.3531, -7.3414], [39.2885, -7.5179], [39.287, -7.7877], [39.3305, -7.7467], [39.4284, -7.8128], [39.441, -8.0115], [39.34, -8.2429], [39.304, -8.4438], [39.3773, -8.7208], [39.4884, -8.8618], [39.4513, -8.943], [39.6413, -9.1925], [39.6255, -9.4095], [39.7838, -9.9146], [39.7252, -10.0005], [39.8638, -10.022], [39.9836, -10.1596], [40.0837, -10.1566], [40.3888, -10.3535], [40.4636, -10.4644], [39.9887, -10.8208], [39.8171, -10.9124], [39.4392, -11.0346], [39.3216, -11.1226], [39.171, -11.1669], [38.9875, -11.1673], [38.7947, -11.2289], [38.4918, -11.4133], [38.3151, -11.3111], [38.1766, -11.2787], [37.9202, -11.2947], [37.8854, -11.3167], [37.8293, -11.4819], [37.7248, -11.5807], [37.5417, -11.6751], [37.3729, -11.7104], [37.2184, -11.6865], [36.9789, -11.567], [36.8727, -11.5713], [36.6738, -11.6843], [36.5187, -11.7162], [36.3057, -11.7063], [36.1913, -11.6707], [36.1755, -11.6093], [36.0822, -11.5373], [35.9113, -11.4547], [35.7854, -11.4529], [35.631, -11.582], [35.5644, -11.6023], [34.9595, -11.5781], [34.8906, -11.3936], [34.8506, -11.352], [34.7738, -11.3417], [34.6079, -11.0805], [34.6057, -10.9902], [34.6671, -10.7925], [34.6365, -10.6256], [34.5836, -10.5251], [34.5699, -10.2411], [34.5242, -10.0302], [34.3209, -9.7315], [34.0886, -9.5378], [33.9956, -9.4954], [33.9496, -9.5653], [33.9537, -9.6582], [33.8889, -9.6701], [33.6977, -9.5981], [33.4209, -9.608], [33.3309, -9.5191], [33.1305, -9.4959], [32.974, -9.395], [32.9373, -9.3997], [32.9199, -9.4074]]], [[[39.7113, -7.9774], [39.6572, -7.9905], [39.6029, -7.9361], [39.9071, -7.6492], [39.8244, -7.9007], [39.7618, -7.9119], [39.7113, -7.9774]]]]}}, {"type": "Feature", "properties": {"name": "Togo", "iso3": "TGO", "label": [0.7283, 8.6988]}, "geometry": {"type": "MultiPolygon", "coordinates": [[[[0.9005, 10.9933], [0.7875, 10.7103], [0.7634, 10.3867], [1.3301, 9.997], [1.3471, 9.5675], [1.3857, 9.3617], [1.5663, 9.1373], [1.6002, 9.05], [1.6247, 6.9973], [1.531, 6.9924], [1.582, 6.877], [1.5985, 6.6102], [1.7432, 6.4263], [1.7779, 6.2946], [1.6109, 6.2508], [1.6227, 6.2168], [1.3106, 6.1469], [1.1872, 6.0894], [1.1851, 6.145], [1.0499, 6.2026], [0.985, 6.3203], [0.9122, 6.3286], [0.7369, 6.4526], [0.7022, 6.5808], [0.5256, 6.8509], [0.523, 6.9389], [0.5925, 7.034], [0.6348, 7.3537], [0.5096, 7.4351], [0.5, 7.5469], [0.6052, 7.7282], [0.5992, 8.2096], [0.6881, 8.3042], [0.6162, 8.4796], [0.4153, 8.6527], [0.3726, 8.7593], [0.4888, 8.8515], [0.4661, 9.1153], [0.5257, 9.3985], [0.4053, 9.4915], [0.26, 9.426], [0.2334, 9.4635], [0.2755, 9.5706], [0.3426, 9.6042], [0.2646, 9.6447], [0.3239, 9.6876], [0.3809, 10.2918], [0.216, 10.3905], [-0.0863, 10.673], [0.0094, 11.021], [-0.0686, 11.1156], [0.4842, 10.992], [0.4927, 10.955], [0.643, 10.9831], [0.9005, 10.9933]]]]}}, {"type": "Feature", "properties": {"name": "Tunisia", "iso3": "TUN", "label": [9.7666, 34.2402]}, "geometry": {"type": "MultiPolygon", "coordinates": [[[[11.5046, 33.1819], [11.4539, 32.6426], [11.5338, 32.525], [11.505, 32.4137], [10.8264, 32.0807], [10.6089, 31.9295], [10.4758, 31.736], [10.2746, 31.685], [10.1149, 31.4638], [10.257, 30.9408], [10.2164, 30.7832], [9.895, 30.3873], [9.5188, 30.2294], [9.044, 32.0724], [8.3334, 32.5436], [8.2109, 32.9267], [8.1125, 33.0553], [7.7313, 33.2685], [7.5002, 33.8325], [7.5139, 34.0805], [7.7485, 34.2545], [7.8383, 34.4103], [8.1234, 34.5639], [8.1928, 34.6463], [8.2456, 34.7341], [8.3121, 35.0846], [8.3942, 35.2039], [8.3164, 35.4031], [8.3181, 35.6549], [8.2471, 35.8018], [8.3487, 36.368], [8.3027, 36.4556], [8.2076, 36.5189], [8.3696, 36.6325], [8.4442, 36.7607], [8.6013, 36.8339], [8.5766, 36.9372], [8.8235, 36.9976], [9.142, 37.1946], [9.688, 37.3404], [9.8385, 37.309], [9.784, 37.2114], [9.8303, 37.1354], [9.8964, 37.1816], [9.8756, 37.2542], [10.0874, 37.2513], [10.1964, 37.2059], [10.1888, 37.0339], [10.3341, 36.8654], [10.2933, 36.7815], [10.4123, 36.7318], [10.5182, 36.7914], [10.5713, 36.8794], [10.7662, 36.9303], [10.9514, 37.0593], [11.0539, 37.0725], [11.1267, 36.8741], [10.9672, 36.743], [10.7981, 36.4931], [10.5257, 36.3233], [10.4766, 36.1751], [10.5058, 36.0324], [10.5908, 35.8873], [10.689, 35.7995], [11.0043, 35.6338], [11.0433, 35.3351], [11.1201, 35.2403], [10.6909, 34.6785], [10.1184, 34.2801], [10.04, 34.1403], [10.159, 33.85], [10.3053, 33.7283], [10.4543, 33.6625], [10.7132, 33.689], [10.7228, 33.5144], [10.8984, 33.5337], [10.958, 33.6263], [11.0846, 33.5629], [11.1503, 33.3692], [11.2574, 33.3088], [11.2699, 33.2863], [11.2026, 33.2492], [11.3381, 33.2095], [11.4006, 33.2249], [11.5046, 33.1819]]], [[[11.278, 34.7538], [11.1236, 34.6817], [11.153, 34.7446], [11.2549, 34.8203], [11.2811, 34.8022], [11.278, 34.7538]]], [[[10.9576, 33.7221], [10.8574, 33.6872], [10.7221, 33.7389], [10.7452, 33.8887], [10.922, 33.8931], [11.0336, 33.805], [10.9931, 33.7459], [10.9576, 33.7221]]]]}}, {"type": "Feature", "properties": {"name": "Uganda", "iso3": "UGA", "label": [32.1279, 1.3849]}, "geometry": {"type": "MultiPolygon", "coordinates": [[[[33.9032, -1.0021], [30.8092, -0.9949], [30.5987, -1.0697], [30.3603, -1.0746], [30.1016, -1.3687], [29.9301, -1.4699], [29.8816, -1.4518], [29.8254, -1.3355], [29.577, -1.3879], [29.5619, -0.9773], [29.6479, -0.5353], [29.6332, -0.4417], [29.7177, 0.0983], [29.7778, 0.1664], [29.9345, 0.499], [29.9429, 0.8192], [30.1829, 0.9735], [30.2401, 1.1028], [30.3211, 1.1853], [30.4781, 1.2391], [30.9426, 1.6828], [31.2527, 2.0446], [31.274, 2.1463], [31.1764, 2.2701], [31.0821, 2.2881], [30.9619, 2.4033], [30.8301, 2.4004], [30.7286, 2.4554], [30.7695, 2.678], [30.8508, 2.8937], [30.754, 3.0418], [30.8278, 3.2826], [30.9064, 3.4089], [30.8953, 3.4637], [30.8386, 3.4907], [30.9294, 3.6341], [31.048, 3.725], [31.1523, 3.7856], [31.222, 3.7859], [31.5472, 3.6776], [31.798, 3.8026], [31.9418, 3.6076], [32.1359, 3.5197], [32.1967, 3.6078], [32.3357, 3.7062], [32.8381, 3.7985], [32.9973, 3.8802], [33.1541, 3.7747], [33.4894, 3.7551], [33.9761, 4.2202], [34.132, 3.8892], [34.1857, 3.8698], [34.165, 3.813], [34.4377, 3.6506], [34.3994, 3.4127], [34.4479, 3.1635], [34.5226, 3.12], [34.5892, 2.9248], [34.7425, 2.8181], [34.8145, 2.6198], [34.8662, 2.5897], [34.9058, 2.4797], [34.883, 2.4179], [34.9641, 2.0624], [34.9765, 1.7196], [34.9412, 1.5993], [34.7836, 1.3812], [34.7986, 1.2445], [34.602, 1.1564], [34.4817, 1.0421], [34.4108, 0.8673], [34.2726, 0.6864], [34.1609, 0.6052], [34.0372, 0.2945], [33.9432, 0.1738], [33.9, -0.8316], [33.9032, -1.0021]]]]}}, {"type": "Feature", "properties": {"name": "W. Sahara", "iso3": "ESH", "label": [-12.3758, 24.4309]}, "geometry": {"type": "MultiPolygon", "coordinates": [[[[-8.8178, 27.6559], [-8.6834, 27.6564], [-8.6822, 25.9955], [-12.0163, 25.9954], [-12.0234, 23.4676], [-12.3729, 23.318], [-12.6204, 23.2713], [-13.0315, 23.0002], [-13.1533, 22.8205], [-13.156, 22.6893], [-13.0943, 22.496], [-13.0162, 21.3339], [-16.9646, 21.3292], [-17.064, 20.8988], [-17.048, 20.8062], [-17.0988, 20.8569], [-17.003, 21.4208], [-16.731, 21.4703], [-16.041, 21.5006], [-14.9711, 21.441], [-14.8408, 21.4508], [-14.751, 21.5006], [-14.6108, 21.7506], [-14.6309, 21.8609], [-14.2212, 22.3102], [-14.1011, 23.1002], [-14.021, 23.4107], [-13.8911, 23.691], [-13.7709, 23.7906], [-13.311, 23.9811], [-12.9912, 24.4703], [-12.4312, 24.8307], [-12.311, 25.1109], [-12.061, 25.9908], [-12.0308, 26.0309], [-11.7182, 26.1041], [-11.6845, 26.2135], [-11.5117, 26.4703], [-11.3379, 26.6334], [-11.3168, 26.7447], [-11.3926, 26.8834], [-10.9228, 27.0104], [-10.7578, 27.0201], [-10.5513, 26.9908], [-10.2515, 26.8609], [-10.0327, 26.9107], [-9.9003, 26.8502], [-9.8179, 26.8502], [-9.7354, 26.8609], [-9.413, 27.0885], [-8.7949, 27.1207], [-8.7539, 27.191], [-8.7968, 27.3082], [-8.7744, 27.4605], [-8.8139, 27.6139], [-8.8178, 27.6559]]]]}}, {"type": "Feature", "properties": {"name": "Zambia", "iso3": "ZMB", "label": [28.8063, -12.5208]}, "geometry": {"type": "MultiPolygon", "coordinates": [[[[30.3961, -15.6431], [29.7296, -15.6446], [29.4873, -15.6968], [28.9131, -15.9878], [28.8756, -16.0361], [28.8327, -16.4241], [28.7605, -16.5321], [28.3998, -16.6628], [27.9322, -16.8962], [27.7565, -17.0604], [27.4379, -17.5119], [27.0208, -17.9584], [26.7799, -18.0415], [26.5775, -18.0226], [26.3334, -17.9293], [26.1396, -17.9117], [25.9959, -17.9698], [25.8633, -17.952], [25.7416, -17.8582], [25.6396, -17.8241], [25.4518, -17.8451], [25.2588, -17.7936], [25.0018, -17.5686], [24.7329, -17.5178], [24.2749, -17.4811], [23.3807, -17.6406], [22.4595, -16.8151], [22.1507, -16.5972], [22.0402, -16.2628], [21.9798, -15.9556], [21.9789, -13.001], [23.963, -12.9885], [23.8824, -12.799], [23.9913, -12.4222], [23.9589, -12.1178], [23.971, -11.6358], [24.0467, -11.4054], [23.9665, -10.8718], [24.0784, -10.8915], [24.1365, -11.026], [24.3199, -11.0718], [24.3657, -11.1299], [24.3963, -11.2552], [24.3352, -11.3713], [24.3779, -11.4171], [24.5186, -11.4385], [24.6683, -11.3529], [25.2888, -11.2124], [25.3193, -11.2369], [25.2826, -11.405], [25.3494, -11.623], [25.5119, -11.7534], [25.6188, -11.7441], [26.026, -11.8901], [26.5964, -11.9721], [26.824, -11.9652], [26.9496, -11.8988], [27.0461, -11.6159], [27.1592, -11.5792], [27.1964, -11.6051], [27.2381, -11.7835], [27.4236, -11.9445], [27.5334, -12.1953], [27.5738, -12.2271], [27.6443, -12.2668], [27.8574, -12.2849], [28.4129, -12.5181], [28.5509, -12.8361], [28.6729, -12.8613], [28.7301, -12.9255], [28.9217, -13.2146], [28.9423, -13.3071], [29.0143, -13.3688], [29.2019, -13.3983], [29.5542, -13.2489], [29.6303, -13.2985], [29.6518, -13.4144], [29.7227, -13.4538], [29.7752, -13.4381], [29.7951, -12.1555], [29.5082, -12.2282], [29.4855, -12.4185], [29.4275, -12.4313], [29.0644, -12.3488], [28.85, -12.1205], [28.4825, -11.8121], [28.3834, -11.5667], [28.3572, -11.483], [28.5442, -10.8023], [28.6389, -10.6692], [28.6455, -10.5502], [28.6074, -10.3974], [28.6301, -9.8313], [28.6042, -9.6788], [28.4002, -9.275], [28.4007, -9.2248], [28.6812, -9.0146], [28.8695, -8.7858], [28.9345, -8.5902], [28.8981, -8.4854], [30.7512, -8.1937], [30.892, -8.4737], [31.0334, -8.5977], [31.3506, -8.607], [31.4492, -8.6539], [31.5349, -8.7133], [31.5562, -8.8055], [31.6736, -8.9088], [31.8861, -8.922], [31.9187, -8.9422], [31.9426, -9.054], [32.4332, -9.1563], [32.4871, -9.2127], [32.9199, -9.4074], [32.996, -9.6229], [33.0725, -9.6382], [33.1045, -9.6026], [33.1957, -9.6262], [33.25, -9.7596], [33.351, -9.8622], [33.3115, -10.038], [33.5289, -10.2347], [33.5537, -10.3913], [33.6615, -10.5531], [33.6591, -10.5905], [33.4647, -10.7831], [33.3449, -10.8127], [33.2613, -10.8934], [33.3798, -11.1579], [33.2684, -11.4039], [33.2327, -11.4177], [33.2264, -11.5349], [33.2883, -11.6111], [33.3039, -11.6908], [33.301, -11.8882], [33.2523, -12.1126], [33.3401, -12.3083], [33.5123, -12.3478], [33.3979, -12.4898], [33.0216, -12.6305], [32.9456, -12.8044], [33.0, -12.8996], [32.9676, -13.225], [32.8519, -13.457], [32.6704, -13.5904], [32.7975, -13.6885], [32.7651, -13.761], [32.8672, -13.8174], [32.9921, -14.0222], [33.148, -13.9409], [33.2018, -14.0134], [31.5379, -14.5771], [30.6733, -14.8191], [30.2318, -14.9903], [30.2521, -15.1832], [30.3506, -15.3497], [30.3799, -15.5059], [30.3961, -15.6431]]]]}}, {"type": "Feature", "properties": {"name": "Zimbabwe", "iso3": "ZWE", "label": [29.6406, -19.1478]}, "geometry": {"type": "MultiPolygon", "coordinates": [[[[31.2879, -22.4021], [31.0734, -22.3078], [30.9161, -22.2907], [30.4602, -22.329], [30.1904, -22.2911], [29.9023, -22.1842], [29.6631, -22.1463], [29.3648, -22.1939], [29.2372, -22.0795], [29.1068, -22.0657], [29.0424, -22.0184], [29.0256, -21.7969], [28.532, -21.6513], [28.0141, -21.5542], [27.8441, -21.2615], [27.6694, -21.0643], [27.6996, -20.5307], [27.6246, -20.4836], [27.2808, -20.4787], [27.2567, -20.232], [27.1782, -20.101], [26.6782, -19.8928], [26.1681, -19.5383], [25.9507, -19.0817], [25.9394, -18.9387], [25.8119, -18.7971], [25.7612, -18.6492], [25.5583, -18.4418], [25.3844, -18.142], [25.2423, -17.969], [25.224, -17.9152], [25.2588, -17.7936], [25.4518, -17.8451], [25.6396, -17.8241], [25.7416, -17.8582], [25.8633, -17.952], [25.9959, -17.9698], [26.1396, -17.9117], [26.3334, -17.9293], [26.5775, -18.0226], [26.7799, -18.0415], [27.0208, -17.9584], [27.4379, -17.5119], [27.7565, -17.0604], [27.9322, -16.8962], [28.3998, -16.6628], [28.7605, -16.5321], [28.8327, -16.4241], [28.8756, -16.0361], [28.9131, -15.9878], [29.2879, -15.7765], [29.7296, -15.6446], [30.3961, -15.6431], [30.4094, -15.9782], [30.4378, -15.9953], [31.2362, -16.0236], [31.4898, -16.1797], [31.6876, -16.2142], [31.9398, -16.4288], [32.2433, -16.4487], [32.6358, -16.5895], [32.7418, -16.6776], [32.948, -16.7123], [32.8763, -16.8836], [32.8844, -17.0378], [32.9693, -17.2516], [32.9556, -18.0829], [32.9931, -18.3596], [32.8846, -18.7285], [32.722, -18.8284], [32.6997, -18.9409], [32.7165, -19.0019], [32.8262, -19.0588], [32.8498, -19.1044], [32.7776, -19.3888], [32.8308, -19.5582], [33.0067, -19.8738], [32.9928, -19.9849], [32.6726, -20.5161], [32.4924, -20.6598], [32.4762, -20.9501], [32.3536, -21.1365], [32.4298, -21.2971], [31.4295, -22.2988], [31.2879, -22.4021]]]]}}, {"type": "Feature", "properties": {"name": "eSwatini", "iso3": "SWZ", "label": [31.5686, -26.4595]}, "geometry": {"type": "MultiPolygon", "coordinates": [[[[31.9482, -25.9576], [32.0605, -26.0184], [32.0414, -26.2812], [32.106, -26.52], [32.1129, -26.8395], [31.9947, -26.8175], [31.9584, -27.3059], [31.4695, -27.2955], [31.274, -27.2384], [31.0634, -27.1123], [30.8833, -26.7924], [30.7943, -26.7643], [30.8033, -26.4135], [31.0881, -25.9807], [31.2073, -25.8434], [31.3352, -25.7556], [31.4151, -25.7466], [31.8715, -25.9816], [31.9217, -25.9688], [31.9482, -25.9576]]]]}}]}