{"type": "FeatureCollection", "features": [{"type": "Feature", "properties": {"name": "Afghanistan", "iso3": "AFG", "label": [67.5641, 34.9413]}, "geometry": {"type": "MultiPolygon", "coordinates": [[[[66.5223, 37.3485], [66.8277, 37.3713], [67.0688, 37.3348], [67.1955, 37.2352], [67.3197, 37.2096], [67.5173, 37.2666], [67.5465, 37.2356], [67.7, 37.2272], [67.7529, 37.1998], [67.8345, 37.0642], [67.958, 36.972], [68.0678, 36.9498], [68.2121, 37.0215], [68.2609, 37.0131], [68.2995, 37.0884], [68.3869, 37.1375], [68.6691, 37.2584], [68.8237, 37.2707], [68.9118, 37.3339], [69.2648, 37.1084], [69.3039, 37.1169], [69.4145, 37.2078], [69.3992, 37.3993], [69.4201, 37.4867], [69.4921, 37.5531], [69.8209, 37.6096], [69.9406, 37.6003], [70.0447, 37.5472], [70.1198, 37.5435], [70.1887, 37.5825], [70.2515, 37.6642], [70.2146, 37.9244], [70.4178, 38.0754], [70.6158, 38.3344], [70.7359, 38.4226], [70.8789, 38.4564], [71.0521, 38.4179], [71.2559, 38.307], [71.3327, 38.1703], [71.2785, 37.9184], [71.552, 37.9332], [71.5822, 37.9101], [71.4329, 37.1275], [71.5309, 36.8451], [71.5975, 36.7329], [71.6656, 36.6969], [71.8021, 36.6943], [72.1535, 36.9005], [72.3588, 36.9829], [72.6574, 37.0291], [72.757, 37.1727], [72.8955, 37.2675], [73.3829, 37.4623], [73.4813, 37.4717], [73.7206, 37.4188], [73.7173, 37.3294], [73.6275, 37.2616], [73.6535, 37.2394], [73.7496, 37.2318], [74.1671, 37.3294], [74.2597, 37.4154], [74.349, 37.4188], [74.5242, 37.3824], [74.6594, 37.3945], [74.8913, 37.2316], [74.7674, 37.2492], [74.7267, 37.2907], [74.3722, 37.1577], [74.5414, 37.0222], [74.0389, 36.8257], [73.7691, 36.8885], [73.1168, 36.8686], [72.6229, 36.8296], [72.2498, 36.7347], [71.7727, 36.4318], [71.6205, 36.4365], [71.2329, 36.1218], [71.1851, 36.0421], [71.3976, 35.8802], [71.572, 35.5468], [71.6006, 35.4079], [71.5455, 35.2889], [71.6205, 35.183], [71.4551, 34.9669], [71.2941, 34.8677], [71.0656, 34.5996], [70.9656, 34.5304], [71.0957, 34.3694], [71.0913, 34.1203], [71.0516, 34.0497], [70.654, 33.9523], [70.3257, 33.9611], [69.9947, 34.0518], [69.8896, 34.0073], [69.8681, 33.8977], [70.1342, 33.6208], [70.2842, 33.369], [70.2611, 33.289], [69.9201, 33.1125], [69.7037, 33.0947], [69.5016, 33.0201], [69.4054, 32.6827], [69.2414, 32.4335], [69.2793, 31.9368], [69.0831, 31.7385], [68.8689, 31.6342], [68.7823, 31.6464], [68.5977, 31.803], [68.4433, 31.7545], [68.161, 31.803], [68.0172, 31.678], [67.5782, 31.5065], [67.5976, 31.4533], [67.7335, 31.3792], [67.7379, 31.3439], [67.4528, 31.2346], [67.2873, 31.2178], [66.9243, 31.3056], [66.8293, 31.2637], [66.7313, 31.1945], [66.5958, 31.02], [66.3972, 30.9122], [66.3469, 30.8028], [66.2869, 30.6079], [66.3055, 30.3211], [66.2385, 30.1096], [66.3134, 29.9686], [66.1771, 29.8356], [65.0955, 29.5595], [64.3937, 29.5443], [64.1722, 29.4604], [64.0987, 29.3919], [63.5676, 29.498], [62.4766, 29.4083], [60.8434, 29.8587], [61.7842, 30.8319], [61.8108, 30.9133], [61.8143, 31.0726], [61.7551, 31.2853], [61.6602, 31.3824], [60.8207, 31.4952], [60.7875, 31.8772], [60.8293, 32.2494], [60.5619, 33.0588], [60.5605, 33.1378], [60.917, 33.5052], [60.9069, 33.539], [60.6546, 33.5604], [60.5108, 33.6389], [60.4859, 33.7119], [60.5271, 33.842], [60.4857, 34.0948], [60.6427, 34.3072], [60.8895, 34.3194], [60.7263, 34.5183], [60.9512, 34.6539], [60.9578, 34.7101], [61.0801, 34.8556], [61.0702, 34.9217], [61.1496, 35.0938], [61.1, 35.2723], [61.1893, 35.312], [61.2785, 35.5138], [61.262, 35.6196], [61.3447, 35.6295], [61.5428, 35.4579], [61.621, 35.4323], [61.9839, 35.4437], [62.2131, 35.2899], [62.3078, 35.1708], [62.4629, 35.2514], [62.6105, 35.2332], [62.6881, 35.2553], [63.0566, 35.4458], [63.0842, 35.5681], [63.1697, 35.6781], [63.1086, 35.8187], [63.13, 35.8462], [63.3017, 35.8584], [63.8625, 36.0124], [64.0097, 36.0121], [64.0922, 36.1127], [64.358, 36.2261], [64.511, 36.3407], [64.8163, 37.1321], [65.0896, 37.2379], [65.555, 37.2512], [65.6412, 37.4678], [65.765, 37.5691], [66.1084, 37.4147], [66.4719, 37.3447], [66.5223, 37.3485]]]]}}, {"type": "Feature", "properties": {"name": "Armenia", "iso3": "ARM", "label": [45.2186, 40.1324]}, "geometry": {"type": "MultiPolygon", "coordinates": [[[[44.7683, 39.7035], [44.5604, 39.8876], [44.2893, 40.0404], [44.0054, 40.0141], [43.6662, 40.1264], [43.7099, 40.1665], [43.5693, 40.4824], [43.6679, 40.5741], [43.7227, 40.7195], [43.6316, 40.929], [43.4395, 41.1071], [43.7932, 41.1311], [44.2273, 41.2133], [44.473, 41.191], [44.8414, 41.2114], [44.8113, 41.2594], [45.0014, 41.291], [45.0848, 41.1955], [45.1886, 41.1474], [45.0705, 41.0756], [45.4191, 40.9857], [45.5875, 40.8469], [45.5794, 40.8045], [45.3789, 40.6736], [45.4544, 40.5324], [45.5695, 40.4168], [45.9646, 40.2338], [45.8859, 40.0249], [45.6302, 40.0142], [45.5798, 39.9775], [45.7896, 39.8811], [46.2021, 39.5945], [46.3217, 39.6174], [46.4814, 39.5552], [46.4781, 39.4751], [46.3652, 39.4025], [46.5848, 39.2237], [46.4003, 39.1922], [46.4898, 39.0694], [46.4906, 38.9067], [46.1145, 38.8778], [45.9519, 39.1781], [45.9774, 39.2439], [45.7663, 39.3785], [45.7965, 39.4881], [45.7505, 39.5629], [45.4568, 39.4945], [45.2525, 39.5955], [45.1528, 39.5827], [45.1246, 39.6963], [45.0316, 39.7651], [44.8672, 39.7191], [44.7683, 39.7035]], [[45.0236, 41.0272], [45.0211, 41.078], [44.9614, 41.0792], [45.0021, 41.0158], [45.0236, 41.0272]]], [[[45.5523, 40.6161], [45.4788, 40.607], [45.4788, 40.6483], [45.5623, 40.6492], [45.5523, 40.6161]]]]}}, {"type": "Feature", "properties": {"name": "Azerbaijan", "iso3": "AZE", "label": [47.2713, 40.2879]}, "geometry": {"type": "MultiPolygon", "coordinates": [[[[44.8172, 39.6504], [44.7683, 39.7035], [45.0316, 39.7651], [45.1246, 39.6963], [45.1726, 39.5706], [45.2525, 39.5955], [45.4568, 39.4945], [45.6874, 39.5641], [45.7845, 39.5456], [45.7663, 39.3785], [45.9774, 39.2439], [45.9519, 39.1781], [46.1145, 38.8778], [45.4797, 39.0063], [45.1412, 39.2543], [44.8382, 39.6291], [44.8172, 39.6504]]], [[[48.8687, 38.4355], [48.5927, 38.4111], [48.4174, 38.5862], [48.3056, 38.6135], [48.2047, 38.7241], [47.9965, 38.8538], [48.0501, 38.935], [48.242, 38.979], [48.2921, 39.0188], [48.2741, 39.0991], [48.1255, 39.1716], [48.1044, 39.2411], [48.136, 39.3124], [48.3222, 39.3991], [47.9959, 39.6839], [47.7729, 39.6486], [47.4762, 39.4983], [47.1884, 39.341], [46.9889, 39.1802], [46.8525, 39.1484], [46.5548, 38.9044], [46.4906, 38.9067], [46.4898, 39.0694], [46.4003, 39.1922], [46.5848, 39.2237], [46.3652, 39.4025], [46.4781, 39.4751], [46.4814, 39.5552], [46.3217, 39.6174], [46.2021, 39.5945], [45.7896, 39.8811], [45.5798, 39.9775], [45.6302, 40.0142], [45.8859, 40.0249], [45.9646, 40.2338], [45.5695, 40.4168], [45.4544, 40.5324], [45.3789, 40.6736], [45.5794, 40.8045], [45.5875, 40.8469], [45.4191, 40.9857], [45.0705, 41.0756], [45.1886, 41.1474], [45.0848, 41.1955], [45.0014, 41.291], [45.281, 41.4496], [45.7156, 41.3376], [45.7255, 41.2616], [45.922, 41.1867], [46.0312, 41.1673], [46.1707, 41.1979], [46.431, 41.0771], [46.5344, 41.0886], [46.6264, 41.1597], [46.6726, 41.2868], [46.3055, 41.5077], [46.1821, 41.6571], [46.2019, 41.7369], [46.3025, 41.7571], [46.4299, 41.891], [46.5377, 41.8704], [46.5713, 41.8001], [46.6903, 41.8313], [46.7493, 41.8126], [47.0102, 41.5875], [47.1426, 41.5161], [47.2611, 41.3151], [47.3177, 41.2824], [47.791, 41.1993], [47.8611, 41.2127], [48.0561, 41.4587], [48.3914, 41.6019], [48.5729, 41.8445], [48.6646, 41.7866], [49.0509, 41.374], [49.2265, 41.0262], [49.4567, 40.7999], [49.776, 40.584], [49.9906, 40.5768], [50.1825, 40.5048], [50.3068, 40.4122], [50.3659, 40.2795], [50.1432, 40.3232], [49.9188, 40.3164], [49.5512, 40.1941], [49.4773, 40.0873], [49.3244, 39.6084], [49.3628, 39.3496], [49.2693, 39.2852], [49.1998, 39.0727], [49.121, 39.0039], [49.1113, 39.0847], [49.0135, 39.134], [48.8509, 38.8153], [48.8687, 38.4355]], [[45.5523, 40.6161], [45.5623, 40.6492], [45.5045, 40.6648], [45.4788, 40.607], [45.5144, 40.5996], [45.5523, 40.6161]]], [[[45.0236, 41.0272], [44.969, 41.0272], [44.9614, 41.0792], [45.0287, 41.0539], [45.0236, 41.0272]]]]}}, {"type": "Feature", "properties": {"name": "Bahrain", "iso3": "BHR", "label": [50.5497, 26.051]}, "geometry": {"type": "MultiPolygon", "coordinates": [[[[50.6072, 25.8831], [50.5749, 25.8068], [50.4659, 25.9655], [50.4699, 26.229], [50.5859, 26.2407], [50.5578, 26.1983], [50.6098, 26.1245], [50.6175, 26.0023], [50.6072, 25.8831]]]]}}, {"type": "Feature", "properties": {"name": "Bangladesh", "iso3": "BGD", "label": [90.3646, 23.7352]}, "geometry": {"type": "MultiPolygon", "coordinates": [[[[89.0515, 22.0932], [89.05, 22.2746], [88.9207, 22.632], [88.8506, 23.0405], [88.9281, 23.1866], [88.7244, 23.255], [88.704, 23.2928], [88.7408, 23.4366], [88.5674, 23.6744], [88.6998, 24.0025], [88.7235, 24.2749], [88.6423, 24.326], [88.397, 24.3893], [88.2871, 24.4797], [88.225, 24.4606], [88.1455, 24.4858], [88.0234, 24.6278], [88.1498, 24.9146], [88.3134, 24.8818], [88.4562, 25.1884], [88.8173, 25.1762], [88.8901, 25.1944], [88.9517, 25.2593], [88.8203, 25.3655], [88.7691, 25.4905], [88.5935, 25.4953], [88.5024, 25.537], [88.3631, 25.6982], [88.2529, 25.7898], [88.1475, 25.8114], [88.0846, 25.8882], [88.1508, 26.0872], [88.4404, 26.3695], [88.4367, 26.4371], [88.3459, 26.5048], [88.3699, 26.5641], [88.4182, 26.5715], [88.6201, 26.4307], [88.6807, 26.353], [88.6828, 26.2917], [88.828, 26.2522], [88.9704, 26.2509], [88.9815, 26.2861], [88.9241, 26.3751], [88.952, 26.4121], [89.0187, 26.4103], [89.0668, 26.3769], [89.1083, 26.2022], [89.1864, 26.106], [89.3697, 26.0061], [89.4669, 25.9835], [89.5499, 26.0053], [89.5914, 26.0724], [89.5857, 26.186], [89.6709, 26.2138], [89.8229, 25.9414], [89.7963, 25.3758], [89.8333, 25.2928], [90.4394, 25.1577], [91.2932, 25.178], [91.4797, 25.1421], [92.0497, 25.1695], [92.3734, 25.0151], [92.4854, 24.9033], [92.4432, 24.8494], [92.2283, 24.8813], [92.2267, 24.771], [92.102, 24.4081], [91.9517, 24.3567], [91.877, 24.1953], [91.8462, 24.1753], [91.7266, 24.2051], [91.5264, 24.0908], [91.3671, 24.0935], [91.3364, 24.0188], [91.232, 23.9205], [91.1604, 23.6606], [91.3152, 23.1044], [91.3687, 23.0746], [91.3706, 23.198], [91.4362, 23.1999], [91.5112, 23.0337], [91.6195, 22.9797], [91.751, 23.0535], [91.7738, 23.1061], [91.7542, 23.2873], [91.9379, 23.5047], [91.9296, 23.686], [92.044, 23.6778], [92.1523, 23.7219], [92.1871, 23.6755], [92.2461, 23.6836], [92.3342, 23.3238], [92.3616, 22.929], [92.4914, 22.6854], [92.6316, 21.3062], [92.5686, 21.2633], [92.5392, 21.3198], [92.3306, 21.4398], [92.2082, 21.3579], [92.192, 21.2022], [92.2645, 21.0615], [92.3241, 20.7918], [92.0561, 21.1748], [92.008, 21.6848], [91.9132, 21.8831], [91.8248, 22.2287], [91.8634, 22.3505], [91.7971, 22.2975], [91.693, 22.5048], [91.5297, 22.7077], [91.4801, 22.8848], [91.2162, 22.6422], [90.9456, 22.597], [90.8268, 22.7214], [90.6562, 23.0255], [90.6336, 23.0942], [90.6561, 23.273], [90.604, 23.5914], [90.5616, 23.5371], [90.5557, 23.4215], [90.2691, 23.4559], [90.3915, 23.3669], [90.5228, 23.3461], [90.5909, 23.2664], [90.5951, 23.1339], [90.466, 23.0539], [90.4775, 22.9868], [90.5522, 22.9049], [90.4616, 22.8818], [90.4351, 22.7519], [90.6161, 22.3622], [90.5895, 22.2584], [90.3558, 22.0482], [90.2306, 21.8298], [90.1588, 21.8168], [90.0712, 21.8873], [90.0879, 22.0175], [90.2096, 22.1566], [89.9542, 22.0229], [89.9181, 22.1162], [89.8938, 22.3084], [89.9852, 22.4664], [89.8818, 22.3876], [89.8119, 21.9835], [89.5686, 21.7674], [89.4832, 22.2755], [89.5006, 21.9144], [89.3537, 21.7211], [89.2786, 21.707], [89.1671, 21.7843], [89.0939, 21.8728], [89.0816, 22.0149], [89.0515, 22.0932]]], [[[91.1508, 22.1752], [91.0447, 22.1052], [91.0795, 22.5197], [91.1782, 22.283], [91.1508, 22.1752]]], [[[91.5567, 22.3822], [91.5104, 22.3528], [91.4669, 22.3784], [91.4113, 22.4757], [91.4561, 22.6165], [91.5483, 22.4254], [91.5567, 22.3822]]], [[[90.7776, 22.0893], [90.515, 22.0651], [90.6805, 22.3275], [90.6492, 22.5407], [90.5649, 22.6176], [90.5029, 22.8354], [90.5965, 22.8635], [90.6723, 22.8132], [90.7369, 22.6387], [90.8682, 22.4849], [90.8299, 22.16], [90.7776, 22.0893]]], [[[91.8738, 21.8321], [91.8376, 21.7502], [91.8197, 21.8098], [91.8507, 21.9271], [91.8825, 21.8836], [91.8738, 21.8321]]], [[[91.9492, 21.5081], [91.8889, 21.5033], [91.8595, 21.533], [91.857, 21.7088], [91.934, 21.7222], [91.9619, 21.6098], [91.9492, 21.5081]]], [[[90.6418, 22.963], [90.6596, 22.92], [90.5623, 22.9754], [90.5363, 23.0149], [90.5799, 23.0354], [90.6418, 22.963]]]]}}, {"type": "Feature", "properties": {"name": "Bhutan", "iso3": "BTN", "label": [90.5843, 27.4027]}, "geometry": {"type": "MultiPolygon", "coordinates": [[[[91.6319, 27.76], [91.5793, 27.6114], [91.5947, 27.5577], [91.7431, 27.4425], [91.9908, 27.4502], [92.0834, 27.2906], [91.9923, 27.0999], [92.0734, 26.9148], [91.9983, 26.855], [91.8421, 26.853], [91.6716, 26.802], [91.5176, 26.8073], [91.4268, 26.8671], [91.2865, 26.7899], [90.7396, 26.7717], [90.5599, 26.7966], [90.3459, 26.8903], [90.2061, 26.8475], [90.1229, 26.7546], [89.7639, 26.7016], [89.61, 26.7194], [89.5861, 26.779], [89.3321, 26.8486], [89.1482, 26.8162], [89.0409, 26.865], [88.8576, 26.9615], [88.8352, 27.0656], [88.7388, 27.1756], [88.8816, 27.2975], [88.9476, 27.464], [89.1023, 27.5926], [89.1604, 27.7113], [89.4807, 28.06], [89.8979, 28.2941], [90.1045, 28.3021], [90.3482, 28.2439], [90.3527, 28.0802], [90.7157, 28.0717], [91.0208, 27.9701], [91.273, 28.0784], [91.6056, 27.9517], [91.6419, 27.9232], [91.6294, 27.8009], [91.6319, 27.76]]]]}}, {"type": "Feature", "properties": {"name": "Brunei", "iso3": "BRN", "label": [114.6249, 4.5249]}, "geometry": {"type": "MultiPolygon", "coordinates": [[[[115.14, 4.8998], [115.2667, 4.634], [115.2793, 4.4563], [115.3268, 4.3808], [115.2906, 4.3526], [115.107, 4.3904], [115.0268, 4.6914], [115.0268, 4.8997], [115.14, 4.8998]]], [[[115.0268, 4.8997], [114.7467, 4.7181], [114.7901, 4.4639], [114.8402, 4.3932], [114.7835, 4.2808], [114.8104, 4.2665], [114.7762, 4.1688], [114.6541, 4.0376], [114.5718, 4.0491], [114.4166, 4.2559], [114.3229, 4.2628], [114.2241, 4.4779], [114.0639, 4.5927], [114.2994, 4.6072], [114.4244, 4.6604], [114.9954, 5.0224], [115.0477, 5.0164], [115.0471, 4.9625], [115.0268, 4.8997]]]]}}, {"type": "Feature", "properties": {"name": "Cambodia", "iso3": "KHM", "label": [105.2577, 12.7119]}, "geometry": {"type": "MultiPolygon", "coordinates": [[[[103.0451, 11.2851], [102.9934, 11.2904], [103.0075, 11.3833], [103.0368, 11.3899], [103.0451, 11.2851]]], [[[103.3178, 10.7185], [103.2812, 10.6797], [103.2234, 10.782], [103.3178, 10.7185]]], [[[107.5194, 14.7051], [107.5353, 14.65], [107.4932, 14.5458], [107.3645, 14.3687], [107.3314, 14.1266], [107.6055, 13.4378], [107.4754, 13.0304], [107.5436, 12.7059], [107.5381, 12.4318], [107.3934, 12.2605], [107.3301, 12.319], [107.2121, 12.304], [106.9307, 12.0775], [106.7646, 12.0523], [106.7001, 11.9793], [106.4139, 11.9484], [106.3992, 11.687], [106.0061, 11.758], [105.9266, 11.6529], [105.8515, 11.635], [105.8561, 11.2943], [106.1609, 11.0371], [106.1315, 10.922], [106.164, 10.7949], [106.0988, 10.7973], [105.9382, 10.8852], [105.8533, 10.8636], [105.7551, 10.99], [105.4058, 10.9516], [105.3146, 10.8452], [105.0457, 10.9114], [105.0223, 10.8869], [105.0464, 10.7017], [104.8506, 10.5345], [104.5643, 10.516], [104.4264, 10.4112], [104.2624, 10.5413], [103.9371, 10.5866], [103.8705, 10.6551], [103.8405, 10.5806], [103.6619, 10.5089], [103.5871, 10.5522], [103.5322, 10.6046], [103.5404, 10.6687], [103.6809, 10.7586], [103.7219, 10.8901], [103.6543, 11.0587], [103.5324, 11.1467], [103.3536, 10.9216], [103.1528, 10.9137], [103.0911, 11.2111], [103.1255, 11.4606], [103.0105, 11.5887], [103.0042, 11.7106], [102.9486, 11.7735], [102.9339, 11.7067], [102.9181, 11.7321], [102.7366, 12.0898], [102.7062, 12.2557], [102.7557, 12.4263], [102.4996, 12.67], [102.4617, 13.015], [102.3308, 13.2882], [102.3197, 13.54], [102.5469, 13.5857], [102.5447, 13.66], [102.7289, 13.8419], [102.9093, 14.1367], [103.0311, 14.2525], [103.1994, 14.3326], [103.5464, 14.4174], [103.9818, 14.3579], [104.2277, 14.3955], [104.4116, 14.3696], [104.779, 14.4278], [104.9697, 14.3661], [104.9824, 14.2895], [105.0337, 14.2274], [105.0741, 14.2274], [105.1833, 14.3462], [105.2457, 14.2005], [105.3502, 14.1096], [105.5315, 14.1562], [105.7397, 14.085], [105.9045, 13.9245], [106.0668, 13.9212], [106.1247, 14.0491], [105.9789, 14.343], [106.1652, 14.3724], [106.2254, 14.4762], [106.355, 14.4548], [106.5015, 14.5782], [106.7835, 14.3351], [106.9381, 14.3273], [107.0302, 14.4257], [107.1094, 14.4167], [107.2927, 14.5924], [107.4147, 14.5629], [107.4651, 14.665], [107.5194, 14.7051]]]]}}, {"type": "Feature", "properties": {"name": "China", "iso3": "CHN", "label": [106.1205, 36.1915]}, "geometry": {"type": "MultiPolygon", "coordinates": [[[[118.183, 24.4963], [118.1495, 24.4361], [118.0905, 24.4461], [118.1038, 24.5523], [118.1707, 24.5185], [118.183, 24.4963]]], [[[121.8627, 31.4923], [121.7805, 31.4638], [121.5199, 31.5496], [121.3364, 31.6438], [121.2111, 31.8054], [121.4642, 31.7564], [121.4918, 31.6937], [121.5766, 31.6373], [121.8437, 31.5264], [121.8627, 31.4923]]], [[[122.2959, 29.9634], [122.2815, 29.9438], [122.1578, 30.0013], [122.024, 30.0133], [121.9778, 30.0638], [121.9694, 30.1431], [122.1105, 30.1397], [122.3223, 30.0314], [122.2959, 29.9634]]], [[[122.1726, 29.679], [122.0427, 29.7359], [122.0623, 29.7728], [122.1196, 29.7822], [122.165, 29.7008], [122.1726, 29.679]]], [[[122.4039, 29.8924], [122.394, 29.8461], [122.3676, 29.8527], [122.3318, 29.935], [122.4016, 29.9502], [122.4039, 29.8924]]], [[[119.8209, 25.457], [119.7467, 25.4107], [119.7003, 25.4327], [119.7226, 25.6388], [119.7779, 25.6532], [119.8287, 25.6074], [119.8091, 25.5078], [119.8324, 25.4796], [119.8209, 25.457]]], [[[110.3852, 21.0932], [110.4224, 21.0586], [110.5216, 21.0831], [110.5389, 21.0185], [110.5039, 20.9677], [110.4219, 21.0069], [110.281, 21.0012], [110.2646, 21.0252], [110.3099, 21.0748], [110.3852, 21.0932]]], [[[121.2514, 28.0864], [121.1315, 28.0626], [121.134, 28.1353], [121.2055, 28.2044], [121.251, 28.1452], [121.2514, 28.0864]]], [[[113.5553, 22.8042], [113.5637, 22.7579], [113.4044, 22.9028], [113.4649, 22.9045], [113.5205, 22.8521], [113.5553, 22.8042]]], [[[112.7902, 21.6019], [112.7711, 21.5818], [112.7127, 21.6979], [112.782, 21.7723], [112.8626, 21.7526], [112.8007, 21.6949], [112.7902, 21.6019]]], [[[112.6437, 21.6396], [112.525, 21.623], [112.559, 21.6748], [112.6477, 21.7103], [112.6437, 21.6396]]], [[[107.9727, 21.508], [107.7593, 21.655], [107.641, 21.6139], [107.4714, 21.5983], [107.4335, 21.6423], [107.3512, 21.6089], [107.2721, 21.7106], [107.1785, 21.7171], [107.0616, 21.7942], [106.971, 21.9239], [106.7295, 22.0003], [106.6636, 21.9789], [106.6542, 22.2415], [106.5536, 22.3417], [106.5504, 22.5014], [106.5824, 22.5732], [106.7016, 22.6377], [106.7803, 22.7789], [106.5418, 22.9083], [106.279, 22.8575], [106.1484, 22.9701], [106.001, 22.9748], [105.9623, 22.9375], [105.843, 22.9228], [105.6912, 23.0299], [105.5481, 23.0727], [105.4401, 23.2354], [105.2754, 23.3452], [104.8647, 23.1364], [104.8266, 23.1002], [104.7957, 22.9111], [104.6873, 22.8222], [104.5269, 22.8041], [104.3718, 22.7041], [104.2983, 22.712], [104.2125, 22.8094], [104.1431, 22.8001], [104.0539, 22.7523], [103.9415, 22.5401], [103.6202, 22.782], [103.493, 22.588], [103.3561, 22.7547], [103.3006, 22.7644], [103.1376, 22.593], [103.1363, 22.5422], [102.9819, 22.4482], [102.8301, 22.5872], [102.4709, 22.7509], [102.1274, 22.3792], [102.0244, 22.4392], [101.9454, 22.4394], [101.8418, 22.3885], [101.76, 22.4903], [101.7075, 22.4866], [101.6199, 22.3274], [101.5245, 22.2537], [101.6029, 21.9897], [101.7365, 21.8265], [101.7229, 21.3149], [101.8021, 21.236], [101.7281, 21.1564], [101.5424, 21.2343], [101.2479, 21.1973], [101.1754, 21.4075], [101.1967, 21.5221], [101.1389, 21.5675], [101.1309, 21.7355], [101.0798, 21.7559], [100.8352, 21.6552], [100.6046, 21.4718], [100.5313, 21.4581], [100.3506, 21.501], [100.2147, 21.463], [100.1477, 21.4805], [100.0893, 21.5579], [100.0955, 21.6606], [99.9782, 21.7016], [99.9407, 21.7587], [99.9479, 21.9883], [99.9177, 22.028], [99.5927, 22.0892], [99.2334, 22.1102], [99.1734, 22.1533], [99.2431, 22.3704], [99.3377, 22.498], [99.3383, 22.6887], [99.3852, 22.8251], [99.5071, 22.9591], [99.4181, 23.0692], [98.8638, 23.1913], [98.8826, 23.3803], [98.7979, 23.5204], [98.8322, 23.6244], [98.7877, 23.7378], [98.6809, 23.8418], [98.6768, 23.9051], [98.8351, 24.1212], [98.5834, 24.0698], [98.4994, 24.1157], [98.2125, 24.1106], [98.0169, 24.0654], [97.686, 23.8981], [97.5646, 23.911], [97.5683, 23.9885], [97.6906, 24.1308], [97.7082, 24.2288], [97.6666, 24.38], [97.5314, 24.4917], [97.5294, 24.6312], [97.5833, 24.7748], [97.7379, 24.8699], [97.7149, 25.0343], [97.8195, 25.2519], [97.918, 25.2361], [98.0107, 25.2925], [98.0996, 25.4157], [98.1429, 25.5711], [98.1726, 25.5945], [98.3338, 25.5868], [98.4655, 25.7889], [98.6254, 25.8267], [98.6562, 25.8636], [98.5641, 26.0724], [98.572, 26.1141], [98.6632, 26.1395], [98.6855, 26.1894], [98.6719, 26.2985], [98.7394, 26.6981], [98.6512, 27.5725], [98.4525, 27.6572], [98.3505, 27.5381], [98.2988, 27.5501], [98.1305, 27.9676], [98.0989, 28.1423], [97.8876, 28.3565], [97.769, 28.3562], [97.6589, 28.5], [97.5379, 28.5102], [97.3225, 28.218], [97.0754, 28.3689], [96.9809, 28.3377], [96.7758, 28.367], [96.6026, 28.4599], [96.3891, 28.3679], [96.2814, 28.4121], [96.3956, 28.6065], [96.5809, 28.7637], [96.4357, 29.0507], [96.1622, 28.9097], [96.1371, 28.9226], [96.1224, 29.0821], [96.3397, 29.2098], [96.3559, 29.2491], [96.235, 29.2458], [96.0354, 29.4472], [95.5158, 29.2063], [95.517, 29.1512], [95.3893, 29.0374], [94.9988, 29.1492], [94.7694, 29.1759], [94.7334, 29.2516], [94.623, 29.3124], [94.2933, 29.1446], [94.1115, 28.9759], [94.0177, 28.9595], [93.9736, 28.8608], [93.7607, 28.7298], [93.6649, 28.6902], [93.252, 28.6295], [93.1192, 28.4023], [92.6525, 28.0934], [92.6875, 28.0257], [92.6644, 27.9489], [92.4148, 27.8246], [92.2505, 27.8415], [92.1013, 27.8076], [91.9776, 27.7304], [91.6319, 27.76], [91.6419, 27.9232], [91.273, 28.0784], [91.0208, 27.9701], [90.7157, 28.0717], [90.3527, 28.0802], [90.3482, 28.2439], [90.1045, 28.3021], [89.8979, 28.2941], [89.4807, 28.06], [89.1604, 27.7113], [89.1023, 27.5926], [88.9476, 27.464], [88.8914, 27.3161], [88.7648, 27.4299], [88.749, 27.5219], [88.8488, 27.8687], [88.8037, 28.0069], [88.6211, 28.0918], [88.426, 28.0117], [88.1411, 27.9489], [88.1098, 27.8706], [87.8607, 27.8861], [87.6226, 27.8152], [87.1414, 27.8383], [87.0201, 27.9287], [86.7504, 28.0221], [86.6905, 28.0949], [86.6145, 28.103], [86.5545, 28.0852], [86.5169, 27.9635], [86.4087, 27.9287], [86.218, 28.0221], [86.137, 28.1144], [86.0787, 28.0836], [86.0642, 27.9347], [85.9945, 27.9104], [85.8402, 28.1354], [85.6783, 28.2774], [85.1225, 28.316], [85.0886, 28.3723], [85.1591, 28.5922], [85.0691, 28.6097], [84.7969, 28.5602], [84.2287, 28.9118], [84.1014, 29.22], [83.9359, 29.2795], [83.5835, 29.1836], [83.1555, 29.6126], [83.014, 29.6181], [82.8543, 29.6834], [82.4865, 29.9415], [82.2207, 30.0639], [82.0434, 30.3268], [81.6419, 30.3875], [81.4172, 30.3376], [81.2551, 30.0933], [81.1771, 30.0399], [81.1104, 30.0368], [80.9854, 30.2371], [80.6821, 30.4148], [80.1912, 30.5684], [80.1943, 30.7592], [80.1494, 30.7898], [80.0814, 30.7819], [79.7946, 30.9683], [79.5654, 30.9491], [79.3885, 31.0642], [79.1071, 31.4026], [79.0438, 31.4262], [78.9739, 31.3286], [78.7578, 31.3025], [78.7586, 31.4366], [78.7268, 31.4718], [78.8029, 31.6181], [78.6935, 31.7404], [78.7354, 31.958], [78.4959, 32.2158], [78.3896, 32.5199], [78.4125, 32.5577], [78.7009, 32.597], [78.7713, 32.4681], [78.9189, 32.3582], [79.067, 32.3882], [79.1273, 32.4758], [79.2193, 32.5011], [79.2022, 32.946], [79.1028, 33.0525], [79.1352, 33.1719], [79.1125, 33.2263], [78.8019, 33.4997], [78.7838, 33.8088], [78.7267, 34.0134], [78.753, 34.0877], [78.9706, 34.2282], [78.9701, 34.3026], [78.6708, 34.5182], [78.327, 34.6064], [78.282, 34.6539], [78.0122, 35.251], [78.0427, 35.4798], [77.8949, 35.449], [77.7994, 35.4959], [77.4465, 35.4756], [77.09, 35.5521], [76.6318, 35.7294], [76.5635, 35.773], [76.5513, 35.8871], [76.1778, 35.8105], [76.0709, 35.983], [75.9123, 36.049], [75.9687, 36.1688], [75.9744, 36.3824], [75.933, 36.5216], [75.8402, 36.6497], [75.6672, 36.742], [75.4242, 36.7382], [75.3467, 36.9135], [75.0539, 36.9872], [74.8893, 36.9524], [74.6922, 37.0357], [74.5414, 37.0222], [74.3762, 37.1374], [74.7267, 37.2907], [74.7674, 37.2492], [74.8913, 37.2316], [75.1188, 37.3857], [75.0975, 37.4513], [74.8942, 37.6014], [74.9383, 37.7725], [74.7751, 38.1919], [74.7721, 38.2748], [74.8359, 38.4043], [74.745, 38.51], [74.2774, 38.6598], [74.1313, 38.6612], [74.0256, 38.5398], [73.8691, 38.5629], [73.8017, 38.6069], [73.6961, 38.8543], [73.8053, 38.9687], [73.6073, 39.2292], [73.6316, 39.4489], [73.8229, 39.489], [73.9071, 39.5785], [73.8354, 39.8001], [73.9916, 40.0431], [74.4119, 40.1372], [74.6799, 40.3106], [74.8305, 40.3285], [74.8013, 40.4285], [74.8352, 40.4826], [75.1113, 40.4541], [75.241, 40.4803], [75.5556, 40.6252], [75.6771, 40.3058], [75.872, 40.3032], [76.0043, 40.3714], [76.1566, 40.3765], [76.2583, 40.4308], [76.3186, 40.3522], [76.4802, 40.4495], [76.5779, 40.5779], [76.6611, 40.7796], [76.824, 40.9823], [76.9077, 41.0242], [77.5817, 40.9928], [77.8152, 41.0556], [78.1234, 41.0756], [78.3463, 41.2814], [78.3624, 41.3716], [78.7426, 41.5601], [79.2936, 41.7828], [79.7661, 41.8989], [79.8404, 41.9958], [80.2352, 42.0435], [80.2094, 42.19], [80.2551, 42.2742], [80.165, 42.6655], [80.2503, 42.7973], [80.539, 42.8735], [80.5437, 42.9117], [80.3834, 42.9738], [80.3902, 43.0431], [80.617, 43.1283], [80.7512, 43.1025], [80.7857, 43.1616], [80.7298, 43.2743], [80.6678, 43.3101], [80.7038, 43.4271], [80.6508, 43.5642], [80.3553, 44.0973], [80.3551, 44.552], [80.3814, 44.6554], [80.4815, 44.7146], [80.2551, 44.8081], [79.9972, 44.7972], [79.8719, 44.8838], [80.0592, 45.0064], [80.6348, 45.1265], [80.8533, 45.1293], [81.692, 45.3494], [81.7589, 45.3108], [81.7896, 45.226], [81.9449, 45.1608], [82.2666, 45.2191], [82.5215, 45.1255], [82.6211, 45.2931], [82.6116, 45.4243], [82.3267, 45.5199], [82.3152, 45.5949], [82.5551, 46.1587], [82.9749, 46.966], [83.0295, 47.1859], [83.0903, 47.2094], [83.714, 47.021], [84.016, 46.9705], [84.3389, 46.9961], [84.6666, 46.9724], [84.7861, 46.8307], [85.0122, 46.9092], [85.2335, 47.0364], [85.4848, 47.0635], [85.6566, 47.2546], [85.6698, 47.3384], [85.5866, 47.4937], [85.526, 47.9156], [85.6922, 48.3118], [85.7494, 48.3851], [85.8299, 48.4081], [86.2656, 48.4545], [86.5494, 48.5286], [86.718, 48.6972], [86.7531, 49.0088], [86.8859, 49.0906], [87.0485, 49.1099], [87.4167, 49.0766], [87.5158, 49.1224], [87.8143, 49.1623], [87.8163, 49.0803], [87.8722, 49.0001], [87.7432, 48.8816], [87.8318, 48.7916], [88.0601, 48.7072], [87.9723, 48.6033], [87.9797, 48.5551], [88.31, 48.4721], [88.414, 48.4034], [88.5171, 48.3845], [88.576, 48.2202], [88.9178, 48.089], [89.0477, 48.0025], [89.1963, 47.9809], [89.3299, 48.0249], [89.4792, 48.0291], [89.5609, 48.004], [89.6385, 47.9091], [89.7781, 47.827], [89.9104, 47.8443], [89.9587, 47.8863], [90.0279, 47.8777], [90.1032, 47.7454], [90.3133, 47.6762], [90.4252, 47.5041], [90.4962, 47.2852], [90.7155, 47.0039], [90.8699, 46.9545], [90.9857, 46.749], [91.0289, 46.5661], [90.9115, 46.2707], [91.0018, 46.0358], [90.7097, 45.7308], [90.6618, 45.5252], [90.8772, 45.1961], [91.05, 45.2174], [91.3121, 45.1181], [91.441, 45.1248], [91.5844, 45.0765], [92.0298, 45.0685], [92.4238, 45.0089], [92.7879, 45.0357], [93.5162, 44.9445], [93.6564, 44.901], [93.9579, 44.675], [94.1993, 44.6452], [94.3647, 44.5195], [94.712, 44.3508], [95.0498, 44.2594], [95.3503, 44.2781], [95.3256, 44.0394], [95.5256, 43.954], [95.842, 43.3837], [95.8596, 43.276], [96.2995, 42.9287], [96.3854, 42.7204], [97.2057, 42.7898], [99.4679, 42.5682], [99.9838, 42.6773], [101.092, 42.5513], [101.4953, 42.5388], [101.66, 42.5], [101.9729, 42.2159], [102.1566, 42.1581], [103.0729, 42.006], [103.7111, 41.7513], [104.4982, 41.877], [104.4982, 41.6587], [104.8604, 41.6437], [104.982, 41.5955], [105.1971, 41.738], [106.77, 42.2887], [108.1712, 42.4473], [108.6873, 42.4161], [109.4432, 42.456], [110.4004, 42.7737], [111.0072, 43.3414], [111.5474, 43.4963], [111.7711, 43.6646], [111.9332, 43.7114], [111.9317, 43.8149], [111.8369, 43.9347], [111.6026, 44.1071], [111.4022, 44.3673], [111.6213, 44.8271], [111.7511, 44.9695], [111.898, 45.0641], [112.4113, 45.0582], [112.5968, 44.9177], [112.7067, 44.8834], [113.587, 44.7457], [114.0803, 44.9711], [114.4191, 45.2026], [114.5602, 45.39], [114.7388, 45.4196], [114.9192, 45.3783], [115.1626, 45.3902], [115.6811, 45.4583], [115.9342, 45.6262], [116.1977, 45.7394], [116.2406, 45.796], [116.213, 45.8869], [116.3576, 46.0966], [116.5167, 46.2091], [116.5626, 46.2898], [116.8591, 46.3879], [117.3334, 46.362], [117.4381, 46.5862], [117.5469, 46.5883], [117.7412, 46.5182], [117.9104, 46.6193], [118.0713, 46.6666], [118.3087, 46.717], [118.7229, 46.6919], [118.8439, 46.7602], [119.1621, 46.6387], [119.3318, 46.6138], [119.7066, 46.606], [119.8672, 46.6722], [119.8979, 46.8578], [119.7885, 46.9788], [119.7111, 47.15], [119.326, 47.4102], [119.2908, 47.4727], [119.1624, 47.5252], [119.0819, 47.6542], [118.76, 47.7576], [118.4984, 47.984], [118.1471, 48.0289], [117.7684, 47.9879], [117.3508, 47.6522], [117.0697, 47.8064], [116.7605, 47.8698], [116.5135, 47.8396], [116.2312, 47.8582], [116.0748, 47.7896], [115.9938, 47.7113], [115.8982, 47.6869], [115.6164, 47.8748], [115.5576, 47.945], [115.5251, 48.1309], [115.7855, 48.2482], [115.8205, 48.5772], [116.0255, 48.7823], [116.6833, 49.8238], [117.2456, 49.6249], [117.4771, 49.6094], [117.8734, 49.5135], [118.4516, 49.8445], [118.756, 49.9628], [118.9795, 49.9789], [119.2599, 50.0664], [119.3261, 50.1549], [119.3463, 50.279], [119.3016, 50.3539], [119.1637, 50.406], [119.2167, 50.4325], [119.344, 50.6339], [119.4457, 50.7028], [119.5123, 50.8631], [119.746, 51.1077], [119.8132, 51.267], [119.967, 51.4221], [120.0669, 51.6007], [120.237, 51.723], [120.5105, 51.8485], [120.6814, 51.973], [120.7498, 52.0965], [120.7445, 52.2055], [120.6654, 52.2999], [120.6504, 52.3959], [120.6992, 52.4936], [120.6562, 52.5667], [120.5211, 52.615], [120.1728, 52.6025], [120.0676, 52.6329], [120.0443, 52.7182], [120.0945, 52.7872], [120.7041, 53.1718], [120.9854, 53.2846], [121.4055, 53.317], [122.3378, 53.485], [122.5158, 53.457], [122.7447, 53.4685], [123.3096, 53.5556], [123.5348, 53.5265], [123.6078, 53.5465], [123.7409, 53.511], [123.9947, 53.4056], [124.1543, 53.3587], [124.2199, 53.3701], [124.4659, 53.2296], [124.6398, 53.2106], [124.8123, 53.1338], [124.8821, 53.1297], [124.9709, 53.1973], [125.075, 53.2037], [125.546, 53.0476], [125.649, 53.0423], [125.7281, 52.8907], [125.8719, 52.8715], [126.0481, 52.7395], [126.016, 52.6102], [126.1944, 52.5191], [126.3417, 52.362], [126.3242, 52.3316], [126.3835, 52.2865], [126.3948, 52.173], [126.4556, 52.1265], [126.5105, 51.9258], [126.7008, 51.703], [126.7092, 51.5663], [126.8055, 51.5057], [126.8338, 51.3149], [126.9248, 51.1001], [127.307, 50.708], [127.3469, 50.6213], [127.3061, 50.4535], [127.3408, 50.4281], [127.3372, 50.3501], [127.5902, 50.209], [127.4918, 49.975], [127.5508, 49.8018], [127.7111, 49.6715], [127.9996, 49.5686], [128.704, 49.6001], [128.769, 49.577], [128.7703, 49.4947], [128.8193, 49.4638], [129.0203, 49.4192], [129.0651, 49.3747], [129.3099, 49.3539], [129.3847, 49.3895], [129.4981, 49.3888], [129.5337, 49.3234], [129.6711, 49.2785], [130.0371, 48.9723], [130.196, 48.8916], [130.5531, 48.8612], [130.6172, 48.7732], [130.5521, 48.6025], [130.8043, 48.3415], [130.7121, 48.1276], [130.7326, 48.0192], [130.9154, 47.8429], [130.9619, 47.7093], [131.3193, 47.7278], [131.4643, 47.7226], [131.5567, 47.682], [131.7853, 47.6805], [132.4763, 47.715], [132.5619, 47.7685], [132.7072, 47.9473], [132.8771, 47.9791], [133.0201, 48.0644], [133.144, 48.1057], [133.4684, 48.0972], [133.8422, 48.2737], [134.2934, 48.3734], [134.5636, 48.3217], [134.6652, 48.2539], [134.6693, 48.1533], [134.566, 48.0225], [134.7523, 47.7154], [134.5419, 47.4852], [134.2908, 47.4136], [134.1677, 47.3022], [134.2021, 47.1281], [134.0714, 46.9508], [134.0227, 46.7132], [133.8666, 46.4991], [133.9027, 46.3669], [133.8613, 46.2478], [133.7007, 46.1397], [133.7111, 46.0696], [133.6479, 45.9552], [133.5131, 45.8788], [133.4364, 45.6047], [133.186, 45.4948], [133.1134, 45.3214], [133.1135, 45.1307], [132.936, 45.0299], [131.9775, 45.244], [131.8519, 45.3269], [131.654, 45.2054], [131.5787, 45.0836], [131.4469, 44.984], [131.0823, 44.91], [130.9816, 44.8443], [130.9678, 44.8], [131.0869, 44.5957], [131.2553, 44.0716], [131.2133, 44.0029], [131.1742, 43.7047], [131.1824, 43.5056], [131.2439, 43.469], [131.2573, 43.3781], [131.1756, 43.1422], [131.0861, 43.0381], [131.0686, 42.9022], [130.9429, 42.8518], [130.8033, 42.8568], [130.5772, 42.8116], [130.4248, 42.7271], [130.4393, 42.6855], [130.5206, 42.6743], [130.5766, 42.6232], [130.5845, 42.5673], [130.527, 42.5354], [130.3607, 42.6309], [130.2467, 42.7448], [130.2403, 42.8918], [130.0826, 42.9742], [129.8982, 42.9981], [129.7792, 42.7766], [129.6979, 42.4481], [129.6039, 42.4359], [129.5237, 42.3847], [129.4236, 42.4359], [129.3137, 42.4136], [129.2178, 42.3127], [129.1955, 42.2185], [128.9234, 42.0382], [128.3078, 42.0256], [128.0452, 41.9875], [128.0329, 41.8985], [128.2893, 41.6074], [128.2909, 41.5628], [128.1494, 41.3877], [128.0131, 41.4487], [127.6877, 41.44], [127.1797, 41.5313], [126.9548, 41.7695], [126.9035, 41.7811], [126.7216, 41.7166], [126.6013, 41.641], [126.4904, 41.3581], [126.4118, 41.3213], [125.9891, 40.9046], [125.7283, 40.8667], [125.6451, 40.779], [125.5938, 40.779], [125.4169, 40.6599], [125.0729, 40.5475], [124.9969, 40.4647], [124.8894, 40.4598], [124.3866, 40.1042], [124.3621, 40.0041], [124.2675, 39.9242], [124.1058, 39.841], [123.7602, 39.8224], [123.6509, 39.8816], [123.5807, 39.7861], [123.3481, 39.7629], [123.2266, 39.6866], [123.0322, 39.6735], [122.9609, 39.6199], [122.84, 39.6008], [122.3349, 39.3661], [121.9823, 39.0532], [121.8644, 38.9965], [121.6772, 39.0034], [121.6328, 38.9548], [121.6704, 38.8918], [121.6499, 38.8651], [121.3201, 38.8082], [121.1636, 38.7316], [121.1067, 38.9208], [121.6799, 39.1087], [121.6276, 39.2202], [121.8185, 39.3865], [121.2755, 39.3848], [121.2998, 39.4522], [121.2675, 39.5447], [121.4064, 39.6212], [121.5176, 39.639], [121.4742, 39.7549], [121.5174, 39.8448], [121.801, 39.9505], [122.1909, 40.3583], [122.2639, 40.5002], [122.275, 40.5418], [122.1787, 40.6027], [122.1404, 40.6882], [121.8588, 40.8421], [121.8349, 40.9743], [121.7293, 40.8461], [121.1745, 40.9013], [120.7707, 40.5891], [120.4791, 40.231], [119.5911, 39.9026], [119.3911, 39.7525], [119.2613, 39.5609], [119.2246, 39.4081], [118.977, 39.1826], [118.6264, 39.1769], [118.2979, 39.0671], [118.1479, 39.1951], [118.0409, 39.2268], [117.8657, 39.1913], [117.7847, 39.1345], [117.5538, 38.6915], [117.6561, 38.4242], [117.7667, 38.3117], [118.0149, 38.1834], [118.5433, 38.0949], [118.8, 38.1267], [118.94, 38.0428], [119.0275, 37.904], [119.0385, 37.7765], [119.0892, 37.7007], [118.9908, 37.6414], [118.9526, 37.3312], [119.1118, 37.2012], [119.2874, 37.1383], [119.7605, 37.1551], [119.8875, 37.2534], [119.8829, 37.3508], [120.1559, 37.495], [120.3115, 37.6227], [120.2572, 37.679], [120.75, 37.8339], [121.049, 37.7252], [121.2195, 37.6001], [121.3881, 37.579], [121.6402, 37.4604], [121.9648, 37.4453], [122.0566, 37.5289], [122.1096, 37.5223], [122.1691, 37.4562], [122.3377, 37.4053], [122.6023, 37.4264], [122.667, 37.4028], [122.5733, 37.3179], [122.5873, 37.1811], [122.4467, 37.0681], [122.5234, 37.0026], [122.5197, 36.9468], [122.3409, 36.8322], [122.2423, 36.8499], [122.1624, 36.9586], [121.9327, 36.9595], [121.0538, 36.6114], [120.8108, 36.6328], [120.7967, 36.6072], [120.8826, 36.5389], [120.8958, 36.4441], [120.8471, 36.4261], [120.7762, 36.4563], [120.7115, 36.4133], [120.681, 36.1684], [120.6379, 36.1299], [120.3931, 36.0539], [120.3303, 36.1101], [120.3277, 36.2282], [120.1833, 36.2024], [120.0941, 36.1189], [120.1814, 36.0175], [120.2848, 35.9844], [120.0547, 35.8611], [119.9787, 35.7402], [119.8662, 35.6437], [119.7197, 35.5887], [119.5265, 35.3586], [119.4297, 35.3014], [119.3528, 35.1138], [119.2158, 35.0118], [119.1653, 34.8488], [119.201, 34.7484], [119.3514, 34.7494], [119.5829, 34.5822], [119.9637, 34.4478], [120.2667, 34.274], [120.5048, 33.6382], [120.8711, 33.0165], [120.8974, 32.8432], [120.8532, 32.6614], [120.9899, 32.567], [121.3417, 32.425], [121.401, 32.3719], [121.4039, 32.2062], [121.4508, 32.1533], [121.6742, 32.051], [121.8324, 31.8998], [121.8663, 31.7036], [121.7636, 31.6995], [121.352, 31.8588], [121.1458, 31.8423], [120.9735, 31.8694], [120.7917, 32.0317], [120.5201, 32.1059], [120.1841, 31.9662], [120.0987, 31.976], [120.0359, 31.9363], [120.1916, 31.9063], [120.4972, 32.0198], [120.7155, 31.9837], [120.7878, 31.8198], [121.0554, 31.7194], [121.351, 31.4854], [121.6606, 31.3197], [121.8345, 31.0616], [121.8779, 30.917], [121.4189, 30.7898], [121.31, 30.6997], [120.9977, 30.5583], [120.8975, 30.3926], [120.8215, 30.3546], [120.4498, 30.3878], [120.1946, 30.2413], [120.3525, 30.2474], [120.4945, 30.3031], [120.6334, 30.1332], [120.9045, 30.1606], [121.1594, 30.3018], [121.258, 30.3041], [121.4327, 30.2267], [121.6779, 29.9791], [122.0829, 29.8704], [121.9058, 29.7797], [121.5062, 29.4846], [121.6904, 29.511], [121.888, 29.6278], [121.9412, 29.6059], [121.9684, 29.4906], [121.9178, 29.135], [121.8535, 29.1289], [121.7908, 29.2257], [121.7175, 29.2563], [121.5337, 29.2367], [121.4477, 29.1313], [121.5209, 29.1185], [121.6649, 29.0106], [121.6797, 28.9531], [121.641, 28.9159], [121.54, 28.9319], [121.6625, 28.8514], [121.6301, 28.7679], [121.5191, 28.7137], [121.4752, 28.6414], [121.61, 28.2921], [121.51, 28.3243], [121.3546, 28.2299], [121.2723, 28.2221], [121.2168, 28.3462], [121.1457, 28.3267], [120.9586, 28.037], [120.8925, 28.0039], [120.7477, 28.01], [120.833, 27.9378], [120.833, 27.8915], [120.6852, 27.7446], [120.6648, 27.6395], [120.5875, 27.5808], [120.6291, 27.4821], [120.6075, 27.4124], [120.3846, 27.1555], [120.2787, 27.0971], [120.1386, 26.8861], [120.0867, 26.6716], [120.043, 26.6338], [119.9678, 26.5864], [119.8822, 26.6104], [119.8795, 26.683], [119.8213, 26.7369], [119.8242, 26.8464], [119.7104, 26.7287], [119.5882, 26.785], [119.6382, 26.6212], [119.726, 26.6094], [119.7848, 26.5466], [119.8811, 26.3342], [119.6927, 26.2364], [119.4631, 26.0547], [119.3131, 26.0625], [119.1395, 26.1218], [119.2638, 25.9748], [119.332, 25.9487], [119.4178, 25.9543], [119.5009, 26.0092], [119.6188, 26.0036], [119.6482, 25.9187], [119.5395, 25.5913], [119.6225, 25.3912], [119.5928, 25.368], [119.4218, 25.4596], [119.1801, 25.4498], [119.1463, 25.4143], [119.1693, 25.3557], [119.2855, 25.2322], [119.2355, 25.206], [118.9775, 25.2093], [118.9145, 25.1268], [118.9557, 25.0048], [118.9091, 24.9289], [118.6369, 24.8355], [118.7191, 24.7461], [118.657, 24.6214], [118.5604, 24.5804], [118.412, 24.6007], [118.2953, 24.5728], [118.1945, 24.6258], [118.0871, 24.627], [118.0139, 24.5599], [118.006, 24.482], [117.8427, 24.4743], [117.879, 24.3959], [118.0242, 24.3796], [118.0561, 24.2461], [117.8395, 24.0123], [117.7417, 24.0148], [117.6282, 23.8367], [117.4664, 23.8406], [117.4331, 23.7917], [117.4622, 23.7362], [117.417, 23.621], [117.3677, 23.5886], [117.3308, 23.7088], [117.2908, 23.7144], [117.0825, 23.5788], [117.0328, 23.6234], [116.9106, 23.6467], [116.8609, 23.4531], [116.7121, 23.3605], [116.6294, 23.3539], [116.6988, 23.2778], [116.6691, 23.2282], [116.5383, 23.1797], [116.5198, 23.0066], [116.4707, 22.9459], [116.3455, 22.9411], [116.2519, 22.9813], [116.1574, 22.8875], [115.8521, 22.8016], [115.6404, 22.8534], [115.5611, 22.8247], [115.4983, 22.7188], [115.3825, 22.7188], [115.1958, 22.8173], [114.9145, 22.6846], [114.8538, 22.6168], [114.7504, 22.6263], [114.7111, 22.7387], [114.6517, 22.7553], [114.5444, 22.6206], [114.5542, 22.5289], [114.3406, 22.5932], [114.266, 22.541], [114.1229, 22.565], [114.0154, 22.5119], [113.9312, 22.5311], [113.8283, 22.6072], [113.7545, 22.7336], [113.6196, 22.8614], [113.5863, 23.02], [113.6205, 23.1275], [113.5197, 23.1021], [113.4453, 23.0551], [113.4419, 22.9406], [113.3311, 22.912], [113.553, 22.594], [113.5515, 22.4042], [113.5889, 22.3505], [113.5491, 22.2252], [113.4941, 22.2416], [113.4789, 22.1956], [113.3277, 22.1454], [113.2664, 22.0888], [113.149, 22.075], [113.0888, 22.208], [113.0082, 22.1193], [112.9539, 21.9073], [112.9038, 21.8814], [112.8086, 21.9446], [112.5863, 21.7769], [112.4213, 21.8806], [112.4293, 21.9581], [112.3597, 21.978], [112.3897, 21.8012], [112.305, 21.7417], [111.9439, 21.8497], [111.8734, 21.7171], [111.776, 21.7192], [111.6027, 21.5591], [111.3924, 21.5351], [111.3191, 21.4861], [111.0169, 21.5117], [110.9968, 21.4303], [110.7711, 21.3865], [110.5672, 21.2141], [110.458, 21.2306], [110.4109, 21.3381], [110.3746, 21.1724], [110.1936, 21.0376], [110.154, 20.9446], [110.1804, 20.8586], [110.3654, 20.8376], [110.3885, 20.7905], [110.3131, 20.6717], [110.5115, 20.5183], [110.5176, 20.46], [110.4495, 20.3554], [110.3447, 20.2948], [110.1231, 20.2637], [109.9385, 20.2951], [109.8825, 20.3641], [109.8858, 20.4131], [109.9839, 20.4033], [109.9684, 20.4481], [109.861, 20.5143], [109.792, 20.6219], [109.8053, 20.7115], [109.6626, 20.9169], [109.7045, 21.0527], [109.6813, 21.1316], [109.7602, 21.2284], [109.7796, 21.3375], [109.9211, 21.3765], [109.9308, 21.4806], [109.8296, 21.4836], [109.7594, 21.5601], [109.7434, 21.528], [109.6869, 21.5246], [109.5664, 21.6906], [109.5215, 21.6934], [109.544, 21.5379], [109.3467, 21.454], [109.1486, 21.4255], [109.0815, 21.4403], [109.1335, 21.5436], [109.1018, 21.5905], [109.0306, 21.6265], [108.7717, 21.6305], [108.6158, 21.7705], [108.5937, 21.901], [108.4799, 21.9046], [108.5257, 21.6714], [108.5021, 21.6334], [108.4443, 21.6073], [108.3828, 21.6792], [108.3248, 21.6935], [108.2463, 21.5584], [108.1456, 21.5652], [108.0674, 21.526], [107.9727, 21.508]]], [[[110.8888, 19.9919], [110.9707, 19.8833], [111.0137, 19.6555], [110.8223, 19.5579], [110.6409, 19.2912], [110.5722, 19.1719], [110.4513, 18.7479], [110.3995, 18.6983], [110.2518, 18.6558], [110.0485, 18.5052], [110.0674, 18.4476], [110.0202, 18.4163], [109.8156, 18.3967], [109.7027, 18.2591], [109.5193, 18.2183], [109.3409, 18.2996], [109.0299, 18.3678], [108.7016, 18.5353], [108.6356, 18.9077], [108.6655, 19.3041], [109.2767, 19.7611], [109.1774, 19.7685], [109.2635, 19.8827], [109.5137, 19.9042], [109.5843, 19.9703], [109.6514, 19.9844], [109.9062, 19.9627], [110.083, 19.9929], [110.1716, 20.0537], [110.3439, 20.0388], [110.3923, 19.9756], [110.3936, 20.0592], [110.5882, 19.9764], [110.5983, 20.0976], [110.6518, 20.1377], [110.8091, 20.0144], [110.8888, 19.9919]]]]}}, {"type": "Feature", "properties": {"name": "Cyprus", "iso3": "CYP", "label": [33.2066, 34.9549]}, "geometry": {"type": "MultiPolygon", "coordinates": [[[[32.7127, 35.171], [32.7841, 35.1158], [32.9195, 35.0878], [33.191, 35.1731], [33.3838, 35.1627], [33.456, 35.1014], [33.4758, 35.0003], [33.5257, 35.0387], [33.6754, 35.0179], [33.8664, 35.0936], [34.0045, 35.0652], [34.0502, 34.9884], [33.6994, 34.9699], [33.4149, 34.7509], [33.1155, 34.6956], [33.0249, 34.6369], [33.0079, 34.5696], [32.9418, 34.5759], [32.8672, 34.6611], [32.693, 34.6494], [32.449, 34.7294], [32.3172, 34.9533], [32.301, 35.083], [32.3909, 35.0498], [32.6523, 35.1827], [32.7127, 35.171]]]]}}, {"type": "Feature", "properties": {"name": "Georgia", "iso3": "GEO", "label": [43.8518, 42.0595]}, "geometry": {"type": "MultiPolygon", "coordinates": [[[[43.4395, 41.1071], [43.4023, 41.1766], [43.2055, 41.1992], [43.1528, 41.2364], [43.149, 41.3071], [42.8217, 41.4924], [42.7541, 41.5789], [42.6068, 41.5788], [42.4664, 41.4398], [42.2111, 41.4867], [41.9258, 41.4957], [41.8235, 41.4324], [41.5101, 41.5175], [41.7018, 41.7054], [41.7588, 41.8171], [41.763, 41.97], [41.6633, 42.1469], [41.4888, 42.6593], [41.4194, 42.7376], [41.1287, 42.8281], [41.0616, 42.9309], [40.8366, 43.0635], [40.4621, 43.1457], [39.9783, 43.4198], [40.0846, 43.5531], [40.1502, 43.5698], [40.5189, 43.512], [40.648, 43.5339], [41.0831, 43.3745], [41.3582, 43.3334], [41.5806, 43.2192], [42.05, 43.1901], [42.419, 43.2242], [42.566, 43.1551], [42.7606, 43.1696], [42.9916, 43.0915], [43.0892, 42.9891], [43.7826, 42.747], [43.7384, 42.617], [43.826, 42.5715], [43.9574, 42.5666], [44.5059, 42.7486], [44.6443, 42.7347], [44.7711, 42.6168], [44.871, 42.7564], [45.1603, 42.675], [45.3438, 42.5298], [45.6556, 42.5177], [45.7275, 42.475], [45.6386, 42.2051], [45.954, 42.0354], [46.2127, 41.9899], [46.4299, 41.891], [46.3025, 41.7571], [46.2019, 41.7369], [46.1905, 41.6249], [46.2547, 41.6021], [46.3055, 41.5077], [46.6726, 41.2868], [46.6264, 41.1597], [46.4579, 41.0702], [46.1707, 41.1979], [46.0312, 41.1673], [45.7928, 41.2244], [45.6957, 41.289], [45.7156, 41.3376], [45.281, 41.4496], [44.9759, 41.2775], [44.8113, 41.2594], [44.8414, 41.2114], [44.473, 41.191], [44.2273, 41.2133], [43.7932, 41.1311], [43.492, 41.1155], [43.4395, 41.1071]]]]}}, {"type": "Feature", "properties": {"name": "Hong Kong", "iso3": "HKG", "label": [114.1422, 22.4599]}, "geometry": {"type": "MultiPolygon", "coordinates": [[[[114.0154, 22.5119], [114.1229, 22.565], [114.266, 22.541], [114.3353, 22.3962], [114.2905, 22.3738], [114.268, 22.2956], [114.0328, 22.3759], [113.9373, 22.365], [113.8965, 22.4282], [114.0067, 22.484], [114.0154, 22.5119]]], [[[114.232, 22.2105], [114.2072, 22.1952], [114.1345, 22.2922], [114.1874, 22.2966], [114.2469, 22.2636], [114.2436, 22.2335], [114.232, 22.2105]]], [[[113.9978, 22.2105], [113.8773, 22.2104], [113.8389, 22.2417], [114.0439, 22.3334], [114.0033, 22.2775], [113.9978, 22.2105]]]]}}, {"type": "Feature", "properties": {"name": "India", "iso3": "IND", "label": [82.7002, 24.932]}, "geometry": {"type": "MultiPolygon", "coordinates": [[[[68.165, 23.8573], [68.3812, 23.9509], [68.7241, 23.9647], [68.7281, 24.2656], [68.7812, 24.3137], [68.8283, 24.264], [68.9008, 24.2924], [69.5592, 24.2731], [69.7162, 24.1726], [69.8052, 24.1652], [70.0211, 24.1916], [70.0982, 24.2875], [70.4893, 24.4122], [70.5468, 24.4183], [70.5793, 24.2791], [70.7163, 24.238], [71.044, 24.4001], [70.9732, 24.4874], [70.9698, 24.5719], [71.0479, 24.6877], [70.8777, 25.063], [70.6521, 25.4229], [70.6484, 25.6669], [70.5695, 25.706], [70.4485, 25.6813], [70.2646, 25.7065], [70.1002, 25.9101], [70.0777, 26.072], [70.1326, 26.2148], [70.1477, 26.5064], [70.0594, 26.5788], [69.7359, 26.6271], [69.5069, 26.7427], [69.47, 26.8044], [69.537, 27.1229], [69.8963, 27.4736], [70.1445, 27.849], [70.4037, 28.025], [70.4886, 28.0231], [70.6291, 27.9375], [70.6916, 27.769], [70.7979, 27.7096], [71.1848, 27.8316], [71.543, 27.8699], [71.8703, 27.9625], [71.948, 28.1773], [72.1285, 28.3463], [72.3419, 28.7519], [72.9033, 29.0288], [73.2312, 29.5506], [73.3816, 29.9344], [73.8092, 30.0934], [73.9334, 30.2221], [73.8827, 30.3521], [73.8993, 30.4354], [74.3394, 30.8936], [74.6328, 31.0347], [74.6104, 31.1128], [74.5397, 31.1327], [74.5177, 31.1856], [74.5939, 31.4654], [74.51, 31.7129], [74.5556, 31.8186], [74.7395, 31.9488], [75.2541, 32.1403], [75.3247, 32.2153], [75.3335, 32.2792], [75.2337, 32.3721], [74.9873, 32.4622], [74.7889, 32.4578], [74.6857, 32.4938], [74.6434, 32.6077], [74.6633, 32.7577], [74.3546, 32.7687], [74.3055, 32.8104], [74.33, 32.8608], [74.3036, 32.9918], [74.1263, 33.0754], [74.0038, 33.1895], [73.9942, 33.2422], [74.1178, 33.3841], [74.15, 33.507], [74.004, 33.6324], [73.9765, 33.7213], [74.001, 33.7882], [74.2156, 33.8866], [74.2509, 33.9461], [74.2465, 33.9902], [73.9499, 34.0188], [73.9041, 34.0757], [73.9795, 34.1913], [73.9724, 34.2366], [73.9246, 34.2878], [73.81, 34.3253], [73.7945, 34.3782], [73.9612, 34.6535], [74.3004, 34.7654], [74.9519, 34.6459], [75.1875, 34.639], [75.4525, 34.5367], [75.7092, 34.5031], [76.041, 34.6699], [76.1725, 34.6677], [76.4567, 34.7561], [76.5944, 34.7358], [76.6963, 34.7869], [76.7829, 34.9002], [77.0009, 34.992], [77.0486, 35.1099], [77.7994, 35.4959], [77.8949, 35.449], [78.0427, 35.4798], [78.0122, 35.251], [78.327, 34.6064], [78.6708, 34.5182], [78.9701, 34.3026], [78.9706, 34.2282], [78.753, 34.0877], [78.7267, 34.0134], [78.7838, 33.8088], [78.8019, 33.4997], [79.1125, 33.2263], [79.1352, 33.1719], [79.1028, 33.0525], [79.2022, 32.946], [79.2339, 32.7031], [79.2193, 32.5011], [79.1273, 32.4758], [79.067, 32.3882], [78.9189, 32.3582], [78.7713, 32.4681], [78.7009, 32.597], [78.4125, 32.5577], [78.3896, 32.5199], [78.4959, 32.2158], [78.7354, 31.958], [78.6935, 31.7404], [78.8029, 31.6181], [78.7268, 31.4718], [78.7586, 31.4366], [78.7436, 31.3238], [78.7916, 31.2937], [78.9739, 31.3286], [79.0111, 31.4141], [79.1071, 31.4026], [79.3388, 31.1057], [79.4932, 30.9937], [79.5654, 30.9491], [79.7946, 30.9683], [80.0814, 30.7819], [80.1494, 30.7898], [80.1943, 30.7592], [80.1912, 30.5684], [80.6821, 30.4148], [80.9854, 30.2371], [81.0103, 30.1645], [80.9076, 30.1719], [80.8481, 30.1397], [80.549, 29.8998], [80.4019, 29.7303], [80.2549, 29.4233], [80.233, 29.1946], [80.1305, 29.1004], [80.0846, 28.9942], [80.0517, 28.8703], [80.0707, 28.8302], [80.4186, 28.612], [80.4791, 28.6049], [80.5179, 28.6652], [80.587, 28.6496], [81.1689, 28.335], [81.3108, 28.1764], [81.8526, 27.8671], [81.9877, 27.9138], [82.4514, 27.6718], [82.6773, 27.6734], [82.7334, 27.519], [83.2897, 27.371], [83.4472, 27.4653], [83.8288, 27.3778], [83.8972, 27.4351], [84.091, 27.4914], [84.6102, 27.2987], [84.6854, 27.041], [85.0201, 26.8785], [85.1254, 26.861], [85.1741, 26.7815], [85.2402, 26.7503], [85.293, 26.741], [85.5685, 26.8398], [85.6484, 26.829], [85.6999, 26.7816], [85.7373, 26.6397], [85.7945, 26.6042], [86.0073, 26.6494], [86.3661, 26.5744], [86.7014, 26.4351], [87.0164, 26.5554], [87.0896, 26.4332], [87.2874, 26.3603], [87.4136, 26.4229], [87.6334, 26.3991], [87.8492, 26.4369], [87.9951, 26.3824], [88.0549, 26.43], [88.1615, 26.7248], [88.111, 26.9285], [87.9844, 27.1339], [88.0241, 27.4089], [88.147, 27.7492], [88.1503, 27.8433], [88.0989, 27.9045], [88.1411, 27.9489], [88.426, 28.0117], [88.5779, 28.0934], [88.8037, 28.0069], [88.8488, 27.8687], [88.749, 27.5219], [88.7648, 27.4299], [88.8914, 27.3161], [88.7388, 27.1756], [88.8352, 27.0656], [88.8576, 26.9615], [89.1482, 26.8162], [89.3321, 26.8486], [89.5861, 26.779], [89.61, 26.7194], [89.7639, 26.7016], [90.1229, 26.7546], [90.2061, 26.8475], [90.3459, 26.8903], [90.5599, 26.7966], [90.7396, 26.7717], [91.2865, 26.7899], [91.4268, 26.8671], [91.5176, 26.8073], [91.6716, 26.802], [91.8421, 26.853], [91.9983, 26.855], [92.0734, 26.9148], [91.9923, 27.0999], [92.0834, 27.2906], [91.9908, 27.4502], [91.7431, 27.4425], [91.5947, 27.5577], [91.5793, 27.6114], [91.6319, 27.76], [91.9776, 27.7304], [92.1013, 27.8076], [92.2505, 27.8415], [92.4148, 27.8246], [92.5467, 27.8792], [92.6878, 27.989], [92.6435, 28.0615], [92.7019, 28.1471], [93.035, 28.3276], [93.1192, 28.4023], [93.252, 28.6295], [93.6649, 28.6902], [93.7607, 28.7298], [93.9736, 28.8608], [94.0177, 28.9595], [94.1115, 28.9759], [94.2933, 29.1446], [94.623, 29.3124], [94.7334, 29.2516], [94.7694, 29.1759], [94.9988, 29.1492], [95.3893, 29.0374], [95.517, 29.1512], [95.5158, 29.2063], [96.0354, 29.4472], [96.235, 29.2458], [96.3559, 29.2491], [96.3397, 29.2098], [96.1224, 29.0821], [96.1371, 28.9226], [96.1622, 28.9097], [96.4357, 29.0507], [96.5809, 28.7637], [96.3956, 28.6065], [96.2814, 28.4121], [96.3891, 28.3679], [96.6026, 28.4599], [96.7758, 28.367], [96.9809, 28.3377], [97.0754, 28.3689], [97.3225, 28.218], [97.3027, 28.086], [97.3392, 28.0309], [97.3352, 27.9377], [96.9628, 27.6983], [96.8769, 27.5867], [96.902, 27.4396], [97.1037, 27.1633], [97.1021, 27.1154], [97.0381, 27.1021], [96.9534, 27.1333], [96.7316, 27.3315], [96.1908, 27.2613], [96.0614, 27.2171], [95.9053, 27.0466], [95.4639, 26.7561], [95.1287, 26.5973], [95.0598, 26.474], [95.0509, 26.3473], [95.0689, 26.1911], [95.1324, 26.0413], [95.0152, 25.9129], [94.992, 25.7705], [94.9457, 25.7002], [94.7858, 25.5193], [94.6678, 25.4589], [94.5799, 25.3198], [94.553, 25.2157], [94.6753, 25.1386], [94.7076, 25.0487], [94.5841, 24.7672], [94.2931, 24.3219], [94.1276, 23.8765], [93.6834, 24.0065], [93.4938, 23.9729], [93.3556, 24.0741], [93.3263, 24.0642], [93.3073, 24.0219], [93.4149, 23.6821], [93.366, 23.1325], [93.308, 23.0304], [93.1642, 23.032], [93.1625, 22.908], [93.0787, 22.7182], [93.162, 22.3602], [93.1512, 22.2306], [93.043, 22.184], [92.9646, 22.0038], [92.9095, 21.9889], [92.721, 22.1324], [92.689, 22.131], [92.6304, 22.0113], [92.5749, 21.9781], [92.4914, 22.6854], [92.3616, 22.929], [92.3342, 23.3238], [92.2461, 23.6836], [92.1871, 23.6755], [92.1523, 23.7219], [92.044, 23.6778], [91.9296, 23.686], [91.9379, 23.5047], [91.7542, 23.2873], [91.7738, 23.1061], [91.751, 23.0535], [91.6195, 22.9797], [91.5112, 23.0337], [91.4362, 23.1999], [91.3706, 23.198], [91.3687, 23.0746], [91.3152, 23.1044], [91.2538, 23.3736], [91.1655, 23.5811], [91.232, 23.9205], [91.3364, 24.0188], [91.3671, 24.0935], [91.5264, 24.0908], [91.7266, 24.2051], [91.8462, 24.1753], [91.877, 24.1953], [91.9517, 24.3567], [92.102, 24.4081], [92.2267, 24.771], [92.2283, 24.8813], [92.4432, 24.8494], [92.4854, 24.9033], [92.4684, 24.9441], [92.2047, 25.1109], [92.0497, 25.1695], [91.4797, 25.1421], [91.2932, 25.178], [90.4394, 25.1577], [89.8333, 25.2928], [89.7963, 25.3758], [89.8229, 25.9414], [89.6709, 26.2138], [89.5857, 26.186], [89.5914, 26.0724], [89.5499, 26.0053], [89.4669, 25.9835], [89.3697, 26.0061], [89.1864, 26.106], [89.1083, 26.2022], [89.0668, 26.3769], [89.0187, 26.4103], [88.952, 26.4121], [88.9241, 26.3751], [88.9815, 26.2861], [88.9704, 26.2509], [88.828, 26.2522], [88.6828, 26.2917], [88.6807, 26.353], [88.6201, 26.4307], [88.4182, 26.5715], [88.3699, 26.5641], [88.3515, 26.4826], [88.4367, 26.4371], [88.4404, 26.3695], [88.1508, 26.0872], [88.0846, 25.8882], [88.1475, 25.8114], [88.2529, 25.7898], [88.3631, 25.6982], [88.5024, 25.537], [88.5935, 25.4953], [88.7691, 25.4905], [88.8203, 25.3655], [88.9517, 25.2593], [88.8901, 25.1944], [88.8173, 25.1762], [88.4562, 25.1884], [88.3134, 24.8818], [88.1498, 24.9146], [88.0234, 24.6278], [88.1455, 24.4858], [88.225, 24.4606], [88.2871, 24.4797], [88.397, 24.3893], [88.6423, 24.326], [88.7235, 24.2749], [88.6998, 24.0025], [88.5674, 23.6744], [88.7408, 23.4366], [88.704, 23.2928], [88.7244, 23.255], [88.9281, 23.1866], [88.8506, 23.0405], [88.9207, 22.632], [89.05, 22.2746], [89.0279, 21.9372], [88.9493, 21.9379], [89.0196, 21.8336], [89.0517, 21.6541], [88.9074, 21.6531], [88.8575, 21.7447], [88.8344, 21.6614], [88.745, 21.5844], [88.6912, 21.7335], [88.7402, 22.0054], [88.7083, 22.0562], [88.6596, 22.0669], [88.6416, 22.122], [88.5668, 21.8321], [88.5847, 21.6597], [88.446, 21.6143], [88.2875, 21.7582], [88.2537, 21.6223], [88.1221, 21.6358], [88.0568, 21.6941], [88.1963, 22.1396], [87.9944, 22.2657], [87.9414, 22.3743], [87.9616, 22.255], [88.1593, 22.1217], [87.9484, 21.8254], [87.6782, 21.6535], [87.1007, 21.5008], [86.8596, 21.2367], [86.8423, 21.1063], [86.9755, 20.7001], [86.7625, 20.4191], [86.7504, 20.3132], [86.4987, 20.1716], [86.3766, 20.0067], [86.2452, 20.053], [86.3119, 19.9878], [86.2795, 19.9194], [86.2162, 19.8958], [85.575, 19.6929], [85.4969, 19.6969], [85.5598, 19.7535], [85.5551, 19.8669], [85.5041, 19.8877], [85.46, 19.8959], [85.2486, 19.7577], [85.1628, 19.6209], [85.1808, 19.5949], [85.3709, 19.6789], [85.4369, 19.6569], [85.4416, 19.6266], [85.2256, 19.5084], [84.771, 19.1254], [84.6908, 18.9647], [84.1041, 18.2927], [83.6543, 18.0699], [83.1983, 17.609], [82.9769, 17.4618], [82.5932, 17.2739], [82.3596, 17.0962], [82.2819, 16.9361], [82.3598, 16.7828], [82.2588, 16.5599], [81.7619, 16.3295], [81.4019, 16.3652], [81.2861, 16.3371], [81.1321, 15.9618], [81.0301, 15.8814], [80.9787, 15.7584], [80.826, 15.7659], [80.7818, 15.8673], [80.6466, 15.895], [80.3849, 15.7928], [80.2935, 15.7107], [80.1011, 15.3236], [80.0534, 15.074], [80.1787, 14.4783], [80.1701, 14.3494], [80.1117, 14.2122], [80.3065, 13.4851], [80.1562, 13.7138], [80.0621, 13.6062], [80.1143, 13.5287], [80.2903, 13.4367], [80.3424, 13.3613], [80.2291, 12.6903], [80.1431, 12.452], [79.9817, 12.2354], [79.8585, 11.9888], [79.7541, 11.5753], [79.7934, 11.4467], [79.6932, 11.3125], [79.799, 11.3387], [79.8486, 11.1969], [79.8382, 10.3226], [79.6674, 10.2997], [79.5316, 10.3296], [79.3905, 10.306], [79.3146, 10.2567], [79.2536, 10.1748], [79.2578, 10.0352], [78.9399, 9.5658], [78.9191, 9.4529], [79.0199, 9.3333], [79.2755, 9.2846], [79.4114, 9.1924], [79.2129, 9.256], [78.9796, 9.2686], [78.4215, 9.105], [78.1925, 8.8909], [78.1264, 8.5113], [78.0602, 8.3846], [77.7703, 8.1898], [77.5176, 8.0783], [77.3015, 8.1453], [77.0659, 8.3159], [76.5534, 8.9028], [76.4718, 9.1608], [76.4031, 9.2368], [76.3246, 9.4521], [76.2424, 9.9271], [76.3431, 9.8273], [76.3756, 9.5399], [76.4588, 9.5362], [76.3465, 9.9221], [76.2228, 10.0243], [76.1956, 10.0861], [76.2015, 10.2006], [75.9226, 10.7841], [75.7238, 11.3618], [75.5245, 11.7031], [75.1967, 12.0575], [74.9455, 12.5646], [74.7705, 13.0773], [74.6709, 13.6676], [74.4985, 14.0463], [74.3822, 14.4947], [73.9492, 15.0748], [73.8843, 15.3064], [73.8008, 15.397], [73.9319, 15.397], [73.7718, 15.573], [73.8328, 15.6594], [73.7328, 15.6569], [73.6799, 15.7089], [73.4761, 16.0542], [73.3376, 16.4599], [73.1561, 17.6219], [72.9939, 18.0977], [72.9172, 18.5761], [72.8755, 18.6428], [72.8987, 18.779], [73.0056, 19.0211], [72.9721, 19.1533], [72.9007, 19.0145], [72.8347, 18.9756], [72.803, 19.0793], [72.8116, 19.2989], [72.9872, 19.2774], [72.7879, 19.363], [72.7564, 19.4505], [72.7994, 19.5198], [72.7266, 19.5783], [72.6678, 19.831], [72.709, 20.078], [72.8937, 20.6728], [72.8139, 21.1172], [72.6924, 21.1776], [72.6238, 21.372], [72.7348, 21.4708], [72.6133, 21.4618], [72.8105, 21.6199], [73.1125, 21.7504], [72.8397, 21.6873], [72.5431, 21.6966], [72.5925, 21.8776], [72.7002, 21.9719], [72.5223, 21.9762], [72.553, 22.16], [72.8092, 22.2333], [72.5901, 22.2781], [72.456, 22.2481], [72.1828, 22.2697], [72.3064, 22.1892], [72.2744, 22.0897], [72.2443, 22.0276], [72.0944, 21.92], [72.0372, 21.823], [72.1709, 21.7743], [72.2104, 21.7282], [72.2566, 21.6612], [72.254, 21.531], [72.0152, 21.1557], [71.3965, 20.8698], [71.0246, 20.7389], [70.8797, 20.7145], [70.7193, 20.7404], [70.4851, 20.8402], [70.1273, 21.0947], [69.7484, 21.5057], [69.1917, 21.9915], [69.0088, 22.1968], [68.9699, 22.2903], [68.9835, 22.3854], [69.0517, 22.4373], [69.1313, 22.4163], [69.2766, 22.2855], [69.5492, 22.4084], [69.6552, 22.4035], [69.7275, 22.4652], [69.819, 22.4518], [70.0059, 22.5477], [70.1772, 22.5728], [70.4404, 22.9703], [70.5135, 23.0025], [70.4893, 23.0895], [70.4346, 23.0771], [70.3395, 22.9397], [70.2512, 22.9709], [70.1183, 22.947], [69.6646, 22.7591], [69.2359, 22.8485], [68.8171, 23.0537], [68.6407, 23.1899], [68.4175, 23.5715], [68.4538, 23.6295], [68.7768, 23.8521], [68.4969, 23.748], [68.3434, 23.6168], [68.235, 23.597], [68.192, 23.7289], [68.165, 23.8573]]], [[[93.89, 6.8311], [93.8288, 6.7487], [93.7093, 7.0007], [93.658, 7.0161], [93.6563, 7.1362], [93.6842, 7.1836], [93.8225, 7.2366], [93.859, 7.2068], [93.9296, 6.9735], [93.89, 6.8311]]], [[[93.7336, 7.3565], [93.6385, 7.2619], [93.5973, 7.3187], [93.6925, 7.4106], [93.7336, 7.3565]]], [[[93.1407, 8.2495], [93.1706, 8.2121], [93.1152, 8.2185], [93.0643, 8.275], [93.097, 8.3494], [93.1407, 8.2495]]], [[[93.4426, 7.8778], [93.365, 7.8766], [93.3094, 7.964], [93.3345, 8.0069], [93.3755, 8.0179], [93.4474, 7.8991], [93.4426, 7.8778]]], [[[93.5369, 8.0566], [93.4782, 8.0245], [93.4564, 8.1719], [93.494, 8.2247], [93.5316, 8.2138], [93.5116, 8.1598], [93.5369, 8.0566]]], [[[92.7875, 9.1367], [92.7436, 9.131], [92.7133, 9.2049], [92.7857, 9.2405], [92.8093, 9.1734], [92.7875, 9.1367]]], [[[92.5028, 10.5549], [92.4727, 10.5208], [92.3695, 10.5474], [92.3707, 10.7935], [92.5104, 10.8975], [92.5743, 10.7042], [92.5028, 10.5549]]], [[[92.6932, 11.3812], [92.6445, 11.3613], [92.5957, 11.3864], [92.6339, 11.4268], [92.6402, 11.5091], [92.69, 11.4634], [92.6872, 11.4112], [92.6932, 11.3812]]], [[[92.7228, 11.5361], [92.7008, 11.5125], [92.6684, 11.5387], [92.5339, 11.8734], [92.6075, 11.9495], [92.6765, 12.1924], [92.7883, 12.2258], [92.7776, 12.3025], [92.7189, 12.3573], [92.7207, 12.5413], [92.7592, 12.6691], [92.74, 12.7796], [92.807, 12.8789], [92.8309, 13.0026], [92.809, 13.0396], [92.8602, 13.2306], [92.8573, 13.3581], [92.9246, 13.4858], [93.0623, 13.5455], [93.0767, 13.4007], [93.016, 13.3362], [93.0661, 13.2216], [92.8862, 12.9423], [92.965, 12.8505], [92.9902, 12.5385], [92.9326, 12.4531], [92.8637, 12.436], [92.8795, 12.2279], [92.7477, 11.9928], [92.7968, 11.9175], [92.7646, 11.6392], [92.7228, 11.5361]]], [[[93.0174, 12.0368], [93.0621, 11.8994], [92.9554, 12.0024], [92.9958, 12.0318], [93.0174, 12.0368]]], [[[92.7176, 12.8649], [92.6857, 12.8], [92.6797, 12.9393], [92.7309, 12.9485], [92.7176, 12.8649]]], [[[72.7804, 11.2025], [72.7927, 11.2627], [72.7879, 11.2159], [72.7804, 11.2025]]], [[[73.0674, 8.2691], [73.0234, 8.2659], [73.0795, 8.3165], [73.0798, 8.2931], [73.0674, 8.2691]]]]}}, {"type": "Feature", "properties": {"name": "Indian Ocean Ter.", "iso3": "IOA", "label": [105.6658, -10.4866]}, "geometry": {"type": "MultiPolygon", "coordinates": [[[[105.7254, -10.493], [105.6969, -10.5642], [105.5841, -10.5125], [105.5957, -10.4597], [105.7055, -10.4307], [105.7254, -10.493]]], [[[96.8404, -12.1818], [96.8736, -12.1877], [96.8349, -12.1797], [96.8259, -12.1262], [96.8356, -12.1713], [96.8404, -12.1818]]], [[[96.9183, -12.1941], [96.893, -12.1872], [96.9205, -12.1615], [96.9243, -12.1847], [96.9183, -12.1941]]]]}}, {"type": "Feature", "properties": {"name": "Indonesia", "iso3": "IDN", "label": [114.2592, 0.3057]}, "geometry": {"type": "MultiPolygon", "coordinates": [[[[97.4815, 1.4651], [97.6983, 1.1837], [97.7864, 1.1459], [97.9319, 0.9739], [97.8765, 0.6283], [97.8204, 0.5645], [97.684, 0.5961], [97.6039, 0.8339], [97.4612, 0.9414], [97.4054, 0.947], [97.2969, 1.1874], [97.0792, 1.4255], [97.2442, 1.4236], [97.356, 1.5397], [97.4815, 1.4651]]], [[[99.1639, -1.7779], [99.0718, -1.7835], [98.8277, -1.61], [98.8163, -1.5383], [98.6018, -1.1979], [98.6761, -0.9705], [98.869, -0.9156], [98.9326, -0.954], [98.9548, -1.0562], [99.1289, -1.3842], [99.1307, -1.4424], [99.2673, -1.6277], [99.2715, -1.7385], [99.1639, -1.7779]]], [[[116.6408, -8.6139], [116.5143, -8.821], [116.5865, -8.8861], [116.3772, -8.929], [116.2394, -8.9121], [115.8746, -8.8256], [115.8573, -8.7879], [115.8693, -8.7428], [116.0316, -8.7652], [116.0765, -8.7449], [116.0611, -8.4374], [116.3043, -8.238], [116.4016, -8.2042], [116.647, -8.2827], [116.7189, -8.336], [116.7341, -8.3869], [116.6408, -8.6139]]], [[[115.4479, -8.1552], [115.5494, -8.2083], [115.7043, -8.4071], [115.56, -8.5142], [115.3338, -8.6157], [115.2202, -8.8195], [115.1449, -8.849], [115.0915, -8.8294], [115.1397, -8.7689], [115.1416, -8.6969], [115.0551, -8.573], [114.8421, -8.4285], [114.6132, -8.3783], [114.5018, -8.2608], [114.4676, -8.1663], [114.4753, -8.1194], [114.5043, -8.1166], [114.9385, -8.1871], [115.154, -8.0657], [115.3402, -8.1154], [115.4479, -8.1552]]], [[[106.0457, -1.6694], [106.1617, -1.867], [106.2088, -2.1887], [106.3659, -2.4648], [106.8185, -2.5733], [106.7066, -2.658], [106.612, -2.8955], [106.6672, -3.0718], [106.5468, -3.0556], [106.2501, -2.894], [105.9987, -2.8249], [105.908, -2.6433], [105.9391, -2.4935], [105.8068, -2.3074], [105.7858, -2.1813], [105.5527, -2.079], [105.3429, -2.1251], [105.1334, -2.0426], [105.1377, -1.9727], [105.191, -1.9169], [105.3748, -1.8132], [105.3731, -1.6573], [105.4596, -1.5747], [105.5854, -1.5268], [105.7009, -1.7311], [105.7545, -1.6587], [105.7204, -1.5339], [105.9101, -1.505], [106.0273, -1.5932], [106.0457, -1.6694]]], [[[123.1798, -4.5512], [123.1957, -4.8227], [123.1192, -4.7234], [123.0552, -4.7482], [122.9865, -4.9631], [122.9717, -5.1385], [122.9811, -5.1857], [123.0515, -5.1564], [123.1499, -5.224], [123.202, -5.2733], [123.1873, -5.333], [123.0434, -5.4193], [122.9688, -5.4058], [122.8121, -5.6713], [122.7331, -5.635], [122.645, -5.6634], [122.5864, -5.4889], [122.7665, -5.2102], [122.8494, -4.8312], [122.8533, -4.6184], [122.9469, -4.4427], [123.0746, -4.3869], [123.0689, -4.4336], [123.1798, -4.5512]]], [[[122.6451, -5.2694], [122.5639, -5.3875], [122.392, -5.3354], [122.3713, -5.3831], [122.307, -5.381], [122.2831, -5.3195], [122.329, -5.1377], [122.3963, -5.0698], [122.3345, -4.8466], [122.3689, -4.7672], [122.702, -4.6187], [122.7397, -4.675], [122.7599, -4.9339], [122.6141, -5.1387], [122.6451, -5.2694]]], [[[108.316, 3.6896], [108.1796, 3.6531], [108.1004, 3.7045], [108.2433, 3.8104], [108.0445, 3.889], [108.0035, 4.0426], [108.2483, 4.2171], [108.2556, 4.1518], [108.3929, 3.9862], [108.3936, 3.8362], [108.316, 3.6896]]], [[[108.2072, -2.9977], [108.1673, -3.1428], [108.0553, -3.2269], [107.9771, -3.2218], [107.9411, -3.1293], [107.8582, -3.0863], [107.8218, -3.1607], [107.6145, -3.2094], [107.6367, -3.1248], [107.5635, -2.9201], [107.6049, -2.8631], [107.6663, -2.5663], [107.8378, -2.5303], [108.0744, -2.597], [108.2151, -2.697], [108.2906, -2.83], [108.2072, -2.9977]]], [[[135.383, -0.6514], [135.6732, -0.6883], [135.749, -0.7325], [135.8936, -0.7258], [136.1547, -0.9783], [136.3753, -1.094], [136.3054, -1.1731], [136.1647, -1.2147], [136.0025, -1.1697], [135.915, -1.1784], [135.8388, -1.1194], [135.7471, -0.823], [135.6457, -0.8819], [135.5238, -0.7873], [135.4834, -0.8011], [135.4316, -0.7688], [135.3877, -0.7049], [135.383, -0.6514]]], [[[135.4742, -1.5918], [136.2016, -1.655], [136.3896, -1.7216], [136.8167, -1.7538], [136.8926, -1.7997], [136.6219, -1.873], [136.2281, -1.8937], [135.8657, -1.7521], [135.4876, -1.6684], [135.4697, -1.6162], [135.4742, -1.5918]]], [[[130.8133, -0.0041], [131.0258, -0.0399], [131.2769, -0.1498], [131.3397, -0.2903], [131.2179, -0.3741], [131.0978, -0.3301], [131.0054, -0.3607], [130.8084, -0.2265], [130.6835, -0.0807], [130.6222, -0.0859], [130.7613, -0.2914], [130.8432, -0.2983], [130.8992, -0.3444], [130.8963, -0.416], [130.7502, -0.4438], [130.6998, -0.3916], [130.6887, -0.2966], [130.5508, -0.3664], [130.4963, -0.2674], [130.3405, -0.2623], [130.2366, -0.2097], [130.2949, -0.1015], [130.3625, -0.0729], [130.431, -0.0985], [130.4996, -0.0601], [130.7224, -0.0298], [130.8133, -0.0041]]], [[[128.4539, 2.0518], [128.2959, 2.0347], [128.26, 2.0825], [128.218, 2.2975], [128.3304, 2.4693], [128.4721, 2.5705], [128.6021, 2.5976], [128.6885, 2.4737], [128.6232, 2.2244], [128.5476, 2.0971], [128.4539, 2.0518]]], [[[128.153, -1.6605], [128.0612, -1.7124], [127.9138, -1.6852], [127.5616, -1.7285], [127.3922, -1.6448], [127.4567, -1.4537], [127.6467, -1.3324], [127.9051, -1.4391], [128.1487, -1.6037], [128.153, -1.6605]]], [[[126.0551, -2.4513], [126.0379, -2.4694], [125.9779, -2.4154], [125.8629, -2.0771], [125.9228, -1.9748], [125.9927, -2.0118], [125.976, -2.1681], [126.0657, -2.3658], [126.0551, -2.4513]]], [[[126.0242, -1.7897], [126.3317, -1.8229], [126.2881, -1.8589], [125.9564, -1.9166], [125.4792, -1.94], [125.4326, -1.9381], [125.3872, -1.8431], [125.5209, -1.8009], [125.7203, -1.8138], [126.0242, -1.7897]]], [[[124.9695, -1.7055], [125.063, -1.741], [125.1458, -1.6926], [125.1879, -1.7129], [125.1977, -1.7803], [125.2582, -1.7709], [125.3202, -1.8101], [125.3141, -1.8771], [125.1348, -1.889], [125.0067, -1.9431], [124.8345, -1.8944], [124.6392, -1.9782], [124.4178, -2.0052], [124.3297, -1.8589], [124.3809, -1.6875], [124.483, -1.6443], [124.664, -1.6359], [124.9695, -1.7055]]], [[[131.3256, -7.9995], [131.1138, -7.9974], [131.1234, -7.9219], [131.0868, -7.865], [131.1368, -7.7817], [131.1378, -7.6849], [131.19, -7.6719], [131.2601, -7.4705], [131.3492, -7.4254], [131.5353, -7.2206], [131.5309, -7.1651], [131.5607, -7.1357], [131.6435, -7.1128], [131.7361, -7.1971], [131.6438, -7.2669], [131.6911, -7.4389], [131.6244, -7.6262], [131.3771, -7.8691], [131.3435, -7.9814], [131.3256, -7.9995]]], [[[126.801, -7.6679], [126.8127, -7.7379], [126.5773, -7.8076], [126.4721, -7.9504], [126.04, -7.8858], [125.7982, -7.9846], [125.8432, -7.8167], [125.9753, -7.6634], [126.2137, -7.7067], [126.6096, -7.5718], [126.7264, -7.6622], [126.801, -7.6679]]], [[[124.5756, -8.1408], [124.5996, -8.2018], [124.7522, -8.1596], [125.0503, -8.1796], [125.1246, -8.2048], [125.1317, -8.3265], [125.0968, -8.3528], [124.4442, -8.4446], [124.3556, -8.3859], [124.426, -8.2958], [124.3936, -8.253], [124.4307, -8.1832], [124.5086, -8.1354], [124.5756, -8.1408]]], [[[131.0019, -1.3155], [130.9666, -1.3435], [130.8451, -1.3173], [130.7823, -1.2555], [130.6729, -0.9598], [130.8972, -0.89], [131.033, -0.9176], [131.0739, -0.9683], [131.0462, -1.1882], [131.0019, -1.3155]]], [[[96.4926, 5.2293], [96.6152, 5.2202], [96.8427, 5.2745], [97.1904, 5.2073], [97.4512, 5.236], [97.5472, 5.2059], [97.9084, 4.88], [97.9998, 4.6623], [98.2484, 4.4146], [98.2733, 4.3223], [98.2412, 4.1945], [98.3073, 4.0929], [98.6587, 3.9281], [98.7779, 3.7594], [99.1512, 3.5812], [99.7323, 3.1831], [99.9066, 2.9882], [100.1272, 2.6476], [100.5238, 2.1892], [100.6853, 2.1201], [100.8879, 1.9482], [100.8767, 2.0506], [100.8169, 2.1402], [100.8282, 2.2426], [100.9359, 2.2947], [101.0462, 2.2575], [101.3008, 2.0118], [101.4051, 1.7574], [101.4767, 1.6931], [101.7848, 1.6214], [102.0199, 1.4421], [102.1572, 1.2589], [102.2391, 0.9903], [102.3899, 0.842], [102.5664, 0.7488], [102.8494, 0.7155], [103.0318, 0.5789], [103.0665, 0.492], [103.0075, 0.4153], [102.55, 0.2165], [102.8959, 0.2786], [103.339, 0.5137], [103.4789, 0.4802], [103.6727, 0.2889], [103.7867, 0.047], [103.4285, -0.1918], [103.4116, -0.2404], [103.4444, -0.2717], [103.4052, -0.3622], [103.4954, -0.4181], [103.5092, -0.4655], [103.4312, -0.5336], [103.4386, -0.5756], [103.5327, -0.7547], [103.7211, -0.8867], [104.1985, -1.0543], [104.3605, -1.0384], [104.5186, -1.6987], [104.5159, -1.8194], [104.5687, -1.9218], [104.8452, -2.093], [104.8261, -2.2342], [104.6473, -2.4299], [104.6508, -2.5952], [104.6983, -2.5981], [104.8784, -2.4188], [104.9708, -2.3709], [105.2865, -2.3563], [105.397, -2.3802], [105.582, -2.492], [106.0443, -3.1063], [106.0584, -3.2172], [105.9015, -3.4101], [105.8438, -3.6137], [105.8516, -3.7306], [105.9305, -3.833], [105.8314, -4.1629], [105.8865, -4.5539], [105.8872, -5.0096], [105.8161, -5.6766], [105.7483, -5.8183], [105.6186, -5.7996], [105.5227, -5.6728], [105.3494, -5.5495], [105.0813, -5.7455], [104.6396, -5.5204], [104.6182, -5.6415], [104.684, -5.8927], [104.6016, -5.9046], [104.0668, -5.3859], [103.8314, -5.0796], [102.9189, -4.4707], [102.5377, -4.1521], [102.372, -3.9692], [102.1275, -3.5992], [101.5786, -3.167], [101.3662, -2.8085], [101.1186, -2.5878], [100.8896, -2.2485], [100.848, -2.1439], [100.8553, -1.9342], [100.4865, -1.2991], [100.3082, -0.8267], [99.8601, -0.3138], [99.6698, 0.0451], [99.3346, 0.2086], [99.1592, 0.3518], [98.7964, 1.4946], [98.5953, 1.8646], [98.0865, 2.1951], [97.795, 2.2829], [97.7008, 2.3585], [97.5908, 2.8466], [97.3913, 2.9753], [96.9689, 3.5751], [96.801, 3.7085], [96.5254, 3.7666], [96.4447, 3.8163], [96.2301, 4.0728], [95.988, 4.2633], [95.5786, 4.662], [95.4319, 4.865], [95.2066, 5.284], [95.2471, 5.4108], [95.2278, 5.5648], [95.3961, 5.6288], [95.7373, 5.5793], [96.0273, 5.3512], [96.2509, 5.267], [96.4926, 5.2293]]], [[[122.7829, -8.6117], [122.4702, -8.7255], [122.0941, -8.7447], [121.8387, -8.8604], [121.6514, -8.8987], [121.5846, -8.8206], [121.4146, -8.8148], [121.3283, -8.9169], [121.1908, -8.8955], [121.0353, -8.9354], [120.5505, -8.8019], [120.3195, -8.8203], [120.1209, -8.777], [119.9094, -8.8576], [119.8079, -8.6977], [119.8748, -8.4198], [119.9638, -8.4355], [120.2312, -8.2898], [120.3541, -8.2578], [120.6103, -8.2404], [120.7514, -8.3215], [121.0087, -8.3655], [121.4445, -8.5778], [121.5479, -8.5753], [121.6104, -8.5262], [121.9665, -8.4552], [122.2631, -8.6249], [122.3232, -8.6283], [122.4335, -8.6008], [122.5559, -8.4315], [122.8505, -8.3044], [122.9191, -8.2219], [122.7586, -8.1859], [122.8457, -8.0933], [122.9783, -8.152], [123.006, -8.3291], [122.8111, -8.4812], [122.8468, -8.5622], [122.82, -8.5957], [122.7829, -8.6117]]], [[[120.0125, -9.3747], [120.2211, -9.5063], [120.2911, -9.6479], [120.4437, -9.6456], [120.5037, -9.674], [120.7004, -9.9031], [120.7845, -9.957], [120.8326, -10.0375], [120.8042, -10.1085], [120.698, -10.2066], [120.4392, -10.294], [120.1448, -10.2001], [119.9307, -9.9665], [119.6011, -9.7735], [119.3626, -9.7718], [119.0854, -9.7069], [118.9588, -9.5193], [119.0314, -9.4402], [119.1856, -9.3845], [119.6147, -9.3524], [119.7951, -9.3805], [119.9421, -9.3015], [119.9738, -9.3216], [120.0125, -9.3747]]], [[[118.2424, -8.3178], [118.3379, -8.3535], [118.4906, -8.2715], [118.6119, -8.2807], [118.6706, -8.3234], [118.7139, -8.4149], [118.7483, -8.3312], [118.9262, -8.2977], [118.9878, -8.3377], [119.0438, -8.4567], [119.0421, -8.5609], [119.1297, -8.6682], [119.0789, -8.7305], [119.0062, -8.7496], [118.9033, -8.7027], [118.7459, -8.7354], [118.8326, -8.8334], [118.7279, -8.8053], [118.4786, -8.8564], [118.427, -8.8555], [118.3979, -8.8134], [118.3789, -8.6746], [118.1899, -8.8405], [118.0707, -8.8506], [117.8612, -8.9314], [117.7316, -8.9199], [117.3879, -9.0319], [117.2103, -9.0341], [117.0613, -9.099], [116.7885, -9.0063], [116.7721, -8.8943], [116.8069, -8.8109], [116.7831, -8.6646], [116.8351, -8.5324], [116.9531, -8.5034], [117.1648, -8.3672], [117.3566, -8.4285], [117.5671, -8.4264], [117.6218, -8.4596], [117.6434, -8.5355], [117.8061, -8.7111], [117.9695, -8.728], [118.1041, -8.6503], [118.206, -8.6521], [118.2349, -8.5919], [118.1005, -8.4752], [117.9791, -8.4589], [117.8148, -8.3421], [117.7384, -8.2046], [117.7553, -8.1495], [117.921, -8.0891], [118.1175, -8.1223], [118.2028, -8.2673], [118.2424, -8.3178]]], [[[124.8889, 0.9953], [124.6981, 0.8256], [124.4275, 0.4706], [124.2168, 0.3804], [123.7538, 0.3055], [123.2654, 0.3266], [123.0825, 0.4858], [122.9969, 0.4935], [122.2808, 0.4811], [121.842, 0.4366], [121.5157, 0.4984], [121.013, 0.4417], [120.579, 0.5283], [120.46, 0.5103], [120.349, 0.4492], [120.1923, 0.2685], [120.0783, 0.0397], [120.0133, -0.1962], [120.0629, -0.5556], [120.2406, -0.8683], [120.5176, -1.0395], [120.6674, -1.3701], [121.0337, -1.4065], [121.1485, -1.3395], [121.2769, -1.1182], [121.4313, -0.9386], [121.5756, -0.8285], [121.7377, -0.9257], [121.9696, -0.9333], [122.28, -0.757], [122.8888, -0.7552], [122.8295, -0.6589], [123.1715, -0.5707], [123.3797, -0.6485], [123.4342, -0.7782], [123.3779, -1.0041], [123.2996, -1.0261], [123.2258, -1.0018], [123.1527, -0.907], [123.0494, -0.8724], [122.9028, -0.901], [122.8074, -0.966], [122.5066, -1.3479], [122.2507, -1.5553], [121.8586, -1.6933], [121.7188, -1.8628], [121.651, -1.8954], [121.5727, -1.9058], [121.3947, -1.8338], [121.3555, -1.8782], [121.3488, -1.946], [121.502, -2.045], [121.575, -2.1509], [121.7697, -2.2409], [122.0826, -2.7495], [122.2917, -2.9076], [122.3065, -3.0516], [122.399, -3.2009], [122.3173, -3.2751], [122.2529, -3.6204], [122.4346, -3.7398], [122.5786, -3.8823], [122.6067, -3.9847], [122.6896, -4.0845], [122.7504, -4.1], [122.7982, -4.0542], [122.8479, -4.0646], [122.8998, -4.2294], [122.8723, -4.392], [122.7197, -4.3407], [122.7217, -4.4107], [122.4714, -4.4221], [122.1143, -4.5402], [122.0542, -4.6201], [122.0732, -4.7917], [122.0381, -4.8324], [121.917, -4.8479], [121.5887, -4.7596], [121.5144, -4.6813], [121.4865, -4.5811], [121.5412, -4.2829], [121.6181, -4.0927], [121.5374, -4.0148], [121.3127, -3.9194], [120.8918, -3.5206], [120.9069, -3.404], [121.0543, -3.1671], [121.0521, -2.7517], [120.9901, -2.6703], [120.8794, -2.6456], [120.6536, -2.6676], [120.261, -2.9493], [120.2541, -3.0528], [120.3924, -3.3481], [120.4366, -3.7073], [120.383, -3.8523], [120.3625, -4.0857], [120.4201, -4.6174], [120.2793, -5.1461], [120.3909, -5.3926], [120.4304, -5.591], [120.3116, -5.5416], [119.9516, -5.5776], [119.7173, -5.6934], [119.5574, -5.611], [119.3762, -5.4248], [119.3604, -5.3142], [119.5195, -4.8773], [119.5155, -4.7419], [119.594, -4.5231], [119.6236, -4.0344], [119.4801, -3.7298], [119.4945, -3.5541], [119.4675, -3.513], [119.3621, -3.459], [118.9946, -3.5376], [118.8677, -3.398], [118.8125, -3.1566], [118.8581, -2.9285], [118.7833, -2.7208], [119.0922, -2.4829], [119.1723, -2.14], [119.3219, -1.9297], [119.3482, -1.8253], [119.3083, -1.6597], [119.309, -1.4082], [119.5082, -0.9067], [119.7113, -0.6808], [119.8443, -0.8619], [119.7219, -0.0885], [119.7358, -0.051], [119.8383, -0.0221], [119.8656, 0.0401], [119.8093, 0.2387], [119.9133, 0.4451], [120.0352, 0.5666], [120.0564, 0.6925], [120.2298, 0.8612], [120.2695, 0.9708], [120.3225, 0.9832], [120.416, 0.8487], [120.5166, 0.8175], [120.6025, 0.8544], [120.7549, 1.0356], [120.868, 1.2528], [120.9654, 1.3118], [121.0817, 1.3276], [121.2084, 1.2625], [121.4041, 1.2436], [121.5133, 1.1047], [121.5918, 1.068], [121.8674, 1.0885], [122.1082, 1.0312], [122.4366, 1.0181], [122.8383, 0.8457], [122.8925, 0.85], [122.9601, 0.923], [123.0665, 0.9418], [123.8467, 0.8382], [123.9308, 0.8504], [124.2736, 1.0223], [124.4108, 1.1851], [124.5337, 1.2305], [124.6002, 1.3924], [124.7877, 1.4676], [124.9471, 1.6722], [124.9893, 1.701], [125.1109, 1.6857], [125.1648, 1.6437], [125.2338, 1.5023], [125.1175, 1.3789], [124.9668, 1.0826], [124.8889, 0.9953]]], [[[107.3739, -6.0076], [107.4747, -6.1218], [107.6668, -6.2158], [108.1376, -6.2967], [108.2545, -6.2666], [108.3302, -6.286], [108.5159, -6.4712], [108.6036, -6.7292], [108.6778, -6.7905], [109.2942, -6.867], [109.4037, -6.8602], [109.5006, -6.8102], [109.821, -6.9024], [110.1984, -6.8951], [110.4263, -6.9473], [110.5209, -6.8973], [110.5836, -6.8057], [110.7008, -6.5181], [110.8348, -6.4242], [110.9723, -6.4356], [111.1815, -6.6867], [111.3421, -6.6995], [111.5403, -6.6482], [111.7376, -6.7734], [111.9898, -6.806], [112.0873, -6.8934], [112.5393, -6.9265], [112.6487, -7.2213], [112.7943, -7.3045], [112.7945, -7.5524], [113.0136, -7.6577], [113.2484, -7.7182], [113.4977, -7.7238], [114.0707, -7.633], [114.4093, -7.7925], [114.4433, -8.0046], [114.385, -8.2633], [114.3869, -8.4052], [114.4817, -8.6038], [114.595, -8.6848], [114.5838, -8.7696], [114.3832, -8.7054], [114.277, -8.6146], [114.1597, -8.6265], [113.9403, -8.5684], [113.2533, -8.2867], [113.0189, -8.3127], [112.6788, -8.4092], [112.1151, -8.3239], [111.51, -8.3051], [110.6072, -8.1494], [110.0387, -7.8905], [109.2816, -7.7049], [108.7412, -7.6671], [108.5705, -7.7072], [108.4518, -7.797], [107.9175, -7.7241], [107.5469, -7.5419], [107.285, -7.4717], [106.6314, -7.4155], [106.4553, -7.3687], [106.4113, -7.3117], [106.4169, -7.2394], [106.5197, -7.0537], [106.1982, -6.9278], [105.8348, -6.8458], [105.2555, -6.8353], [105.2432, -6.778], [105.2734, -6.7294], [105.3709, -6.6644], [105.387, -6.7508], [105.4837, -6.7815], [105.5809, -6.671], [105.6551, -6.4695], [105.7061, -6.4979], [105.7869, -6.4569], [105.8683, -6.1164], [105.9361, -6.017], [106.075, -5.9142], [106.1658, -5.9647], [106.6759, -6.0384], [106.8252, -6.0982], [106.9316, -6.0734], [107.0116, -6.0085], [107.0463, -5.9042], [107.1621, -5.9571], [107.3318, -5.9781], [107.3739, -6.0076]]], [[[109.6289, 2.0275], [109.539, 1.8962], [109.5708, 1.8063], [109.6358, 1.7767], [109.654, 1.6149], [110.0408, 1.2357], [110.5058, 0.862], [111.1014, 1.0505], [111.4832, 0.9958], [111.6074, 1.0226], [111.809, 1.0117], [111.9231, 1.1133], [112.0785, 1.1434], [112.1857, 1.4391], [112.4762, 1.5591], [112.943, 1.567], [112.9883, 1.5476], [113.0065, 1.4339], [113.5132, 1.3084], [113.6223, 1.2359], [113.9023, 1.4343], [114.3871, 1.5], [114.5125, 1.452], [114.6322, 1.617], [114.7035, 1.8508], [114.8, 1.8939], [114.8306, 1.98], [114.7587, 2.1624], [114.7864, 2.2505], [114.9691, 2.3508], [115.1791, 2.5232], [115.1809, 2.5669], [115.0808, 2.6342], [115.0863, 2.8411], [115.1176, 2.8949], [115.247, 3.0259], [115.3102, 2.9939], [115.4544, 3.0343], [115.4932, 3.1281], [115.5143, 3.3424], [115.5661, 3.4458], [115.5445, 3.6337], [115.5685, 3.9388], [115.6788, 4.193], [115.7824, 4.2538], [115.8607, 4.348], [116.0216, 4.2907], [116.1345, 4.3552], [116.2362, 4.3625], [116.4146, 4.3082], [116.5147, 4.3708], [116.5891, 4.3384], [117.1006, 4.3371], [117.2775, 4.2993], [117.4509, 4.1929], [117.5744, 4.1706], [117.4975, 4.1334], [117.4653, 4.0761], [117.5594, 3.9883], [117.566, 3.9299], [117.7282, 3.7967], [117.7772, 3.6893], [117.7145, 3.6448], [117.6299, 3.6363], [117.5097, 3.7304], [117.4504, 3.6285], [117.056, 3.6227], [117.1664, 3.592], [117.3463, 3.4266], [117.3847, 3.3654], [117.3219, 3.2436], [117.3524, 3.1938], [117.6106, 3.0644], [117.6379, 2.9508], [117.5691, 2.9293], [117.6977, 2.8873], [117.6389, 2.8253], [117.7859, 2.7468], [117.8857, 2.5417], [118.0666, 2.3178], [118.0416, 2.2154], [117.8811, 2.0606], [117.7893, 2.0269], [118.0804, 1.7019], [118.639, 1.319], [118.8525, 1.0958], [118.9635, 1.0443], [118.985, 0.9821], [118.8924, 0.8869], [118.5348, 0.8135], [118.1961, 0.8744], [117.9116, 1.0987], [117.9773, 0.9638], [117.9643, 0.8896], [117.923, 0.8313], [117.7451, 0.7296], [117.5222, 0.2359], [117.4629, -0.3237], [117.5489, -0.5544], [117.5625, -0.7709], [117.2407, -0.9257], [117.0032, -1.1877], [116.914, -1.2236], [116.7971, -1.1838], [116.7398, -1.0442], [116.7287, -1.1508], [116.771, -1.2666], [116.7534, -1.3273], [116.5545, -1.4739], [116.5176, -1.598], [116.3321, -1.7125], [116.2755, -1.7849], [116.4243, -1.7849], [116.452, -1.9231], [116.4235, -2.0525], [116.314, -2.1398], [116.5281, -2.2079], [116.5654, -2.2997], [116.5293, -2.5105], [116.4504, -2.5383], [116.3525, -2.5216], [116.3168, -2.5519], [116.3072, -2.6033], [116.3755, -2.578], [116.3307, -2.9021], [116.2889, -2.9588], [116.2258, -2.977], [116.1663, -2.9346], [116.1723, -3.0253], [116.2572, -3.1264], [116.1671, -3.183], [116.0575, -3.3482], [115.9562, -3.595], [114.6936, -4.1697], [114.6253, -4.1117], [114.606, -3.7033], [114.5256, -3.3767], [114.446, -3.4818], [114.3443, -3.4444], [114.3017, -3.3647], [114.3443, -3.2352], [114.2363, -3.3611], [114.1779, -3.3544], [114.0822, -3.2789], [113.9588, -3.3943], [113.7958, -3.4562], [113.7051, -3.4553], [113.6336, -3.4199], [113.6101, -3.1957], [113.526, -3.1841], [113.3432, -3.2465], [113.034, -2.9335], [112.9715, -3.1871], [112.758, -3.3222], [112.6003, -3.4005], [112.285, -3.321], [112.1267, -3.3814], [111.9549, -3.5297], [111.8581, -3.5519], [111.8221, -3.5325], [111.823, -3.0572], [111.7602, -2.9392], [111.6947, -2.8895], [111.6255, -2.9755], [111.3676, -2.9337], [110.9301, -3.0711], [110.8297, -2.9951], [110.8993, -2.9086], [110.7031, -3.0209], [110.574, -2.8914], [110.3775, -2.9338], [110.3025, -2.9854], [110.2561, -2.9661], [110.0966, -2.0014], [110.075, -1.9464], [109.9599, -1.8628], [109.9638, -1.7429], [110.0234, -1.6426], [110.0361, -1.5257], [109.9833, -1.2748], [109.7874, -1.0113], [109.6817, -0.9442], [109.4538, -0.8688], [109.3335, -0.8754], [109.2588, -0.8074], [109.271, -0.732], [109.3728, -0.6382], [109.1605, -0.4949], [109.1211, -0.3909], [109.1218, -0.265], [109.1946, -0.0094], [109.2575, 0.0312], [109.0748, 0.2528], [108.9445, 0.3557], [108.9059, 0.7939], [108.9586, 1.1346], [109.1315, 1.2539], [109.0103, 1.2396], [109.0759, 1.4959], [109.2731, 1.7055], [109.3785, 1.9227], [109.6289, 2.0275]]], [[[127.7327, 0.8481], [127.8811, 0.8321], [127.9673, 1.0426], [128.1607, 1.1578], [128.1574, 1.3166], [128.2225, 1.4006], [128.4241, 1.5175], [128.6884, 1.5726], [128.7169, 1.3673], [128.7026, 1.1064], [128.2988, 0.8768], [128.2572, 0.805], [128.2606, 0.7338], [128.3979, 0.6388], [128.6112, 0.55], [128.6553, 0.5083], [128.6916, 0.3604], [128.8154, 0.3054], [128.8996, 0.2163], [128.4465, 0.3916], [127.9831, 0.4719], [127.9244, 0.4381], [127.8874, 0.2983], [127.9146, 0.2063], [127.889, 0.0495], [127.9778, -0.2483], [128.0895, -0.4853], [128.2535, -0.7316], [128.4255, -0.8927], [128.2781, -0.87], [128.2334, -0.7877], [128.0464, -0.7061], [127.889, -0.4235], [127.6916, -0.2419], [127.7087, 0.2881], [127.5554, 0.4896], [127.5371, 0.6109], [127.608, 0.8482], [127.5204, 0.924], [127.4285, 1.14], [127.4203, 1.252], [127.5371, 1.4675], [127.5347, 1.5721], [127.6317, 1.8437], [127.8999, 2.1374], [128.0364, 2.199], [128.0312, 2.1199], [127.9067, 1.9457], [127.8868, 1.833], [128.0109, 1.7012], [128.0117, 1.3317], [127.8854, 1.1628], [127.6528, 1.0139], [127.6344, 0.9361], [127.6774, 0.8866], [127.7327, 0.8481]]], [[[129.7547, -2.8658], [129.9844, -2.9767], [130.3791, -2.9894], [130.5699, -3.1309], [130.6711, -3.3915], [130.7734, -3.4188], [130.86, -3.5703], [130.8051, -3.8577], [130.0195, -3.4747], [129.9531, -3.3916], [129.8441, -3.3271], [129.5117, -3.3285], [129.5217, -3.4337], [129.4677, -3.4532], [128.9675, -3.3261], [128.9578, -3.2411], [128.8625, -3.235], [128.7513, -3.3005], [128.639, -3.4334], [128.5166, -3.4491], [128.4192, -3.416], [128.28, -3.2405], [128.132, -3.1574], [128.0821, -3.1841], [127.97, -3.4443], [127.9023, -3.4963], [127.9279, -3.3414], [127.8779, -3.2221], [128.1985, -2.8659], [128.9911, -2.8285], [129.0577, -2.8385], [129.1163, -2.937], [129.2796, -2.8891], [129.4273, -2.7907], [129.6005, -2.8062], [129.7547, -2.8658]]], [[[126.8611, -3.0879], [127.0255, -3.166], [127.0924, -3.2775], [127.2273, -3.391], [127.2296, -3.633], [127.0851, -3.6709], [126.9409, -3.7646], [126.6863, -3.8236], [126.2146, -3.6052], [126.0565, -3.421], [126.0265, -3.1705], [126.0883, -3.1055], [126.2196, -3.1481], [126.3063, -3.1032], [126.5551, -3.0652], [126.8083, -3.0691], [126.8611, -3.0879]]], [[[124.9223, -8.9425], [124.9368, -9.0534], [124.9732, -9.0643], [125.1004, -9.004], [125.149, -9.0426], [125.1494, -9.1229], [125.1005, -9.1898], [124.9602, -9.2138], [125.0682, -9.5119], [124.9979, -9.5653], [124.9631, -9.6656], [124.4275, -10.1486], [124.176, -10.1833], [123.8576, -10.3436], [123.7473, -10.3472], [123.6441, -10.3109], [123.6048, -10.2701], [123.6141, -10.215], [123.7164, -10.0786], [123.5994, -10.0151], [123.5893, -9.9668], [123.7094, -9.6148], [124.0363, -9.3416], [124.1155, -9.4231], [124.3193, -9.4138], [124.413, -9.3144], [124.4444, -9.1903], [124.5755, -9.1554], [124.8897, -8.9685], [124.9223, -8.9425]]], [[[134.747, -5.707], [134.755, -5.8827], [134.7122, -5.9497], [134.7559, -6.1706], [134.7142, -6.2951], [134.6376, -6.3653], [134.4411, -6.3349], [134.1549, -6.0629], [134.1531, -6.0195], [134.302, -6.0098], [134.3431, -5.833], [134.2054, -5.7072], [134.2473, -5.6819], [134.3413, -5.7129], [134.4903, -5.5251], [134.5064, -5.4385], [134.6165, -5.4386], [134.6578, -5.5393], [134.6455, -5.5813], [134.7008, -5.603], [134.747, -5.707]]], [[[134.5368, -6.4423], [134.5043, -6.5914], [134.4125, -6.6797], [134.356, -6.8148], [134.2, -6.9088], [134.0908, -6.8338], [134.0592, -6.7693], [134.107, -6.4716], [134.1946, -6.4598], [134.1246, -6.4265], [134.1146, -6.1908], [134.1681, -6.1763], [134.415, -6.3867], [134.5368, -6.4423]]], [[[138.5354, -8.2736], [138.2963, -8.4052], [137.8719, -8.3797], [137.6877, -8.4117], [137.6504, -8.3861], [137.8325, -7.9322], [138.0818, -7.5662], [138.2955, -7.4385], [138.5438, -7.3796], [138.7698, -7.3904], [138.9626, -7.588], [138.9891, -7.6961], [138.7859, -8.0591], [138.6117, -8.1983], [138.5354, -8.2736]]], [[[140.9734, -2.6098], [140.975, -6.3461], [140.8746, -6.6115], [140.8623, -6.74], [140.9752, -6.9054], [140.9762, -9.1188], [140.6615, -8.8468], [140.4897, -8.6204], [140.0029, -8.1955], [139.9926, -8.1394], [140.117, -7.9237], [139.9348, -8.1012], [139.6494, -8.1254], [139.3856, -8.1891], [139.3191, -8.1658], [139.2791, -8.1069], [139.2488, -7.9824], [139.193, -8.0861], [138.9335, -8.2624], [138.8906, -8.2378], [138.8562, -8.1451], [139.088, -7.5872], [139.0489, -7.5283], [138.9379, -7.4725], [138.8855, -7.3732], [138.7479, -7.2515], [138.8648, -7.2014], [139.0625, -7.2271], [139.1769, -7.1904], [139.049, -7.2006], [138.8457, -7.1363], [138.72, -7.0698], [138.6014, -6.9365], [138.6002, -6.9107], [138.8646, -6.8584], [138.7267, -6.7312], [138.6981, -6.6257], [138.4387, -6.3434], [138.2963, -5.949], [138.3139, -5.8875], [138.3746, -5.8437], [138.1996, -5.807], [138.2436, -5.7244], [138.3396, -5.6757], [138.0871, -5.7092], [138.0608, -5.4652], [137.8868, -5.3488], [137.8403, -5.3505], [137.7591, -5.2562], [137.3066, -5.0144], [137.2798, -4.9454], [137.1959, -4.9904], [137.0893, -4.9244], [136.8568, -4.8932], [136.6188, -4.8187], [135.9797, -4.5309], [135.4502, -4.4431], [135.1956, -4.4507], [134.7542, -4.1954], [134.6797, -4.0791], [134.7065, -3.9548], [134.8865, -3.9385], [134.7598, -3.9222], [134.5469, -3.9793], [134.391, -3.91], [134.2662, -3.9458], [134.1471, -3.7968], [133.9738, -3.818], [133.904, -3.7201], [133.723, -3.5779], [133.6783, -3.4795], [133.6972, -3.2481], [133.8415, -3.0548], [133.7674, -3.0443], [133.7004, -3.0875], [133.6607, -3.1855], [133.6531, -3.3644], [133.5994, -3.4161], [133.5182, -3.4119], [133.5423, -3.5164], [133.5092, -3.6155], [133.4151, -3.7321], [133.4009, -3.899], [133.2487, -4.0623], [132.9686, -4.0949], [132.9145, -4.0569], [132.8371, -3.9489], [132.7539, -3.7036], [132.8697, -3.551], [132.8298, -3.413], [132.7514, -3.2946], [132.3482, -2.9751], [132.0539, -2.9146], [131.9712, -2.7886], [132.2307, -2.6804], [132.5755, -2.7271], [132.725, -2.7891], [132.8973, -2.6582], [133.0338, -2.4874], [133.191, -2.4378], [133.6087, -2.5472], [133.7001, -2.6246], [133.7533, -2.4507], [133.9049, -2.3909], [133.8989, -2.3045], [133.791, -2.2937], [133.9024, -2.1836], [133.9216, -2.1021], [133.7104, -2.1892], [133.4878, -2.2256], [133.2249, -2.2145], [132.9628, -2.2726], [132.5026, -2.2185], [132.3076, -2.2423], [132.0234, -1.9903], [131.9361, -1.7149], [131.9304, -1.5597], [131.7314, -1.5412], [131.2937, -1.3935], [131.1178, -1.4553], [130.9959, -1.4247], [131.0462, -1.2841], [131.1908, -1.1658], [131.2541, -1.0069], [131.2572, -0.8555], [131.8043, -0.7038], [132.1284, -0.4541], [132.3938, -0.3555], [132.6251, -0.3589], [132.8564, -0.4174], [133.4727, -0.7262], [133.9745, -0.7443], [134.1115, -0.8468], [134.072, -1.0019], [134.2596, -1.363], [134.217, -1.5291], [134.1059, -1.721], [134.1557, -2.1952], [134.1948, -2.3091], [134.46, -2.8323], [134.4912, -2.7143], [134.4833, -2.583], [134.5669, -2.5104], [134.6274, -2.5367], [134.7021, -2.9336], [134.7698, -2.944], [134.8434, -2.9092], [134.8868, -3.2099], [135.0374, -3.3331], [135.2516, -3.3686], [135.4866, -3.3451], [135.8592, -2.9953], [136.013, -2.7343], [136.2433, -2.5831], [136.3899, -2.2733], [136.8433, -2.1977], [137.0721, -2.1051], [137.1711, -2.0255], [137.1234, -1.8409], [137.8063, -1.4832], [137.9111, -1.4838], [138.1109, -1.6159], [138.6498, -1.7911], [138.8114, -1.9178], [139.1488, -2.0389], [139.7896, -2.3482], [140.1546, -2.35], [140.251, -2.412], [140.6226, -2.4458], [140.7205, -2.5081], [140.7475, -2.6071], [140.9734, -2.6098]]], [[[138.8951, -8.3887], [138.5942, -8.3715], [138.5634, -8.3091], [138.6767, -8.1992], [138.7962, -8.1736], [138.8977, -8.3375], [138.8951, -8.3887]]], [[[101.7081, 2.0784], [101.7735, 1.9435], [101.7194, 1.7892], [101.6027, 1.7157], [101.5008, 1.7332], [101.4034, 1.9013], [101.4097, 2.0217], [101.4503, 2.0678], [101.5447, 2.0607], [101.6407, 2.1267], [101.7081, 2.0784]]], [[[102.4271, 0.9901], [102.3809, 0.9598], [102.2796, 1.0757], [102.2342, 1.264], [102.2563, 1.3971], [102.3586, 1.3457], [102.4429, 1.2342], [102.4289, 1.0673], [102.4271, 0.9901]]], [[[102.4919, 1.4592], [102.4994, 1.3309], [102.2742, 1.4531], [102.0787, 1.4986], [102.0184, 1.5856], [102.0422, 1.6254], [102.4695, 1.5101], [102.4919, 1.4592]]], [[[103.0275, 0.7466], [103.0088, 0.7081], [102.5416, 0.8316], [102.4539, 0.8895], [102.5066, 1.0888], [102.5492, 1.1302], [102.7262, 0.9892], [103.0024, 0.8593], [103.0275, 0.7466]]], [[[103.1664, 0.8702], [103.0867, 0.8481], [102.8863, 0.9968], [102.7019, 1.0537], [102.7256, 1.1588], [102.7901, 1.1655], [103.0676, 1.0147], [103.1664, 0.8702]]], [[[103.2845, 0.5419], [103.1396, 0.5491], [103.1874, 0.6998], [103.2382, 0.6986], [103.2951, 0.614], [103.2845, 0.5419]]], [[[103.4502, 0.6645], [103.4297, 0.6509], [103.3444, 0.7779], [103.3861, 0.8696], [103.4975, 0.7227], [103.4502, 0.6645]]], [[[104.0248, 1.1806], [104.0881, 1.137], [104.1398, 1.1656], [104.0661, 0.9896], [103.9636, 1.0132], [103.9398, 1.0465], [103.9554, 1.1375], [103.9998, 1.1373], [104.0248, 1.1806]]], [[[104.5854, 1.2161], [104.591, 1.1411], [104.6481, 1.1046], [104.6629, 1.0495], [104.6528, 0.961], [104.5752, 0.8319], [104.5043, 0.8526], [104.4811, 0.9325], [104.4286, 0.9565], [104.4624, 0.9956], [104.4393, 1.0504], [104.252, 1.0149], [104.2502, 1.1026], [104.3618, 1.1815], [104.5001, 1.1802], [104.5854, 1.2161]]], [[[104.7786, -0.176], [104.8075, -0.1925], [104.8432, -0.1406], [105.0054, -0.2828], [104.9506, -0.2845], [104.9143, -0.3233], [104.7022, -0.2087], [104.5666, -0.2456], [104.4471, -0.1892], [104.5427, 0.0177], [104.6356, -0.0185], [104.6527, -0.076], [104.7135, -0.103], [104.7786, -0.176]]], [[[104.4742, -0.3347], [104.5901, -0.4666], [104.5065, -0.5967], [104.4139, -0.5837], [104.3632, -0.6586], [104.3298, -0.5391], [104.2571, -0.4633], [104.3023, -0.3857], [104.3636, -0.4028], [104.4742, -0.3347]]], [[[103.7365, -0.3479], [103.6063, -0.3829], [103.4613, -0.3576], [103.5489, -0.2275], [103.7239, -0.2767], [103.7643, -0.3178], [103.7365, -0.3479]]], [[[109.7103, -1.1807], [109.5108, -1.2828], [109.4637, -1.2775], [109.4281, -1.2412], [109.476, -0.9854], [109.6995, -1.0073], [109.7434, -1.0394], [109.7508, -1.145], [109.7103, -1.1807]]], [[[113.8445, -7.1054], [113.6559, -7.1117], [113.4707, -7.2185], [113.127, -7.2241], [112.7638, -7.1396], [112.7259, -7.0728], [112.8681, -6.8999], [113.0674, -6.88], [113.9747, -6.873], [114.0736, -6.9602], [114.083, -6.9894], [113.8854, -7.049], [113.8445, -7.1054]]], [[[134.9653, -1.116], [134.8617, -1.1142], [134.8089, -1.0376], [134.8279, -0.9788], [134.8893, -0.9385], [134.9567, -1.0306], [134.9963, -1.0341], [134.9653, -1.116]]], [[[127.2499, -0.4953], [127.1191, -0.5205], [127.1265, -0.2786], [127.1896, -0.2558], [127.29, -0.2844], [127.253, -0.3187], [127.2806, -0.391], [127.2499, -0.4953]]], [[[127.567, -0.3189], [127.6824, -0.4684], [127.605, -0.6102], [127.6586, -0.6895], [127.8043, -0.6944], [127.8802, -0.8087], [127.7611, -0.8837], [127.6676, -0.832], [127.6238, -0.766], [127.4627, -0.806], [127.4383, -0.7391], [127.4687, -0.643], [127.3806, -0.5996], [127.3, -0.5003], [127.3251, -0.3358], [127.3712, -0.3316], [127.4552, -0.4063], [127.5273, -0.3066], [127.567, -0.3189]]], [[[132.9263, -5.9021], [132.845, -5.988], [132.9377, -5.6826], [133.0088, -5.6214], [133.1146, -5.3106], [133.1385, -5.3179], [133.1729, -5.3481], [133.1196, -5.576], [132.9711, -5.7358], [132.9263, -5.9021]]], [[[132.8071, -5.8508], [132.7463, -5.9471], [132.6814, -5.9126], [132.6813, -5.7389], [132.6302, -5.607], [132.6979, -5.609], [132.8043, -5.7889], [132.8071, -5.8508]]], [[[128.2756, -3.6746], [128.1918, -3.7353], [128.1432, -3.7327], [128.1469, -3.6771], [128.1108, -3.6864], [127.978, -3.771], [127.925, -3.6993], [128.0162, -3.6009], [128.1191, -3.5875], [128.2644, -3.5123], [128.3291, -3.5159], [128.2774, -3.6332], [128.2756, -3.6746]]], [[[126.8166, 4.0335], [126.7112, 4.0203], [126.7045, 4.071], [126.8136, 4.2585], [126.7221, 4.3442], [126.7573, 4.5479], [126.8125, 4.5372], [126.8651, 4.4798], [126.9211, 4.291], [126.8477, 4.18], [126.8166, 4.0335]]], [[[125.6581, 3.436], [125.6332, 3.4054], [125.5115, 3.4611], [125.5176, 3.5496], [125.4553, 3.6842], [125.4688, 3.7333], [125.5435, 3.6704], [125.6436, 3.4765], [125.6581, 3.436]]], [[[130.8622, -8.3187], [130.7752, -8.3499], [131.0201, -8.0913], [131.1764, -8.1308], [131.0437, -8.212], [130.9081, -8.2457], [130.8622, -8.3187]]], [[[129.8389, -7.9546], [129.7798, -8.0465], [129.7135, -8.0407], [129.5919, -7.9174], [129.5987, -7.8313], [129.6555, -7.7948], [129.813, -7.8197], [129.8436, -7.8894], [129.8389, -7.9546]]], [[[127.8234, -8.0988], [128.0988, -8.1349], [128.1192, -8.1707], [128.0235, -8.2554], [127.8209, -8.1902], [127.7862, -8.1203], [127.8234, -8.0988]]], [[[130.3533, -1.6905], [130.3654, -1.7498], [130.425, -1.8046], [130.3806, -1.9026], [130.4188, -1.9713], [130.339, -1.9818], [130.248, -2.0478], [130.1335, -2.0639], [130.0934, -2.0283], [129.8865, -1.9864], [129.7377, -1.8669], [129.9937, -1.7589], [130.318, -1.692], [130.3533, -1.6905]]], [[[102.3672, -5.4787], [102.2859, -5.4835], [102.1107, -5.3226], [102.1984, -5.2889], [102.4055, -5.4048], [102.3672, -5.4787]]], [[[100.4251, -3.1829], [100.4651, -3.3285], [100.3461, -3.2292], [100.332, -3.1131], [100.2043, -2.9868], [100.1793, -2.8202], [100.1985, -2.7855], [100.2456, -2.7832], [100.4546, -3.002], [100.4643, -3.1169], [100.4339, -3.1413], [100.4251, -3.1829]]], [[[100.2041, -2.741], [100.1327, -2.8214], [100.0149, -2.8197], [99.9682, -2.6098], [99.9879, -2.5254], [100.0119, -2.5103], [100.202, -2.6797], [100.2041, -2.741]]], [[[99.8431, -2.3431], [99.8479, -2.3697], [99.607, -2.2575], [99.5374, -2.1615], [99.5722, -2.0258], [99.6221, -2.0166], [99.6864, -2.0634], [99.8157, -2.2844], [99.8431, -2.3431]]], [[[98.4593, -0.5305], [98.3997, -0.5769], [98.3097, -0.5318], [98.4271, -0.2265], [98.3229, -0.0008], [98.4154, -0.0175], [98.5441, -0.2576], [98.5201, -0.3797], [98.4593, -0.5305]]], [[[96.4637, 2.36], [96.3406, 2.3721], [96.022, 2.5958], [95.8086, 2.6556], [95.7172, 2.826], [95.8063, 2.916], [95.8958, 2.8891], [95.9979, 2.7814], [96.1016, 2.7412], [96.4173, 2.5152], [96.4594, 2.4158], [96.4637, 2.36]]], [[[122.043, -5.438], [121.9796, -5.4647], [121.8594, -5.3503], [121.8085, -5.2562], [121.8737, -5.1446], [121.8663, -5.096], [121.9137, -5.0723], [121.9657, -5.0756], [122.0618, -5.2213], [122.043, -5.438]]], [[[123.2123, -1.1713], [123.2343, -1.2337], [123.198, -1.2877], [123.2378, -1.3894], [123.3386, -1.254], [123.4348, -1.2368], [123.5269, -1.286], [123.5473, -1.3374], [123.5119, -1.4474], [123.4487, -1.4988], [123.367, -1.5071], [123.3286, -1.4431], [123.2749, -1.4372], [123.2374, -1.577], [123.1729, -1.616], [123.1229, -1.5561], [123.1829, -1.4928], [123.1504, -1.3045], [122.8904, -1.5872], [122.8108, -1.4321], [122.8322, -1.283], [122.908, -1.1822], [123.1583, -1.1575], [123.2123, -1.1713]]], [[[121.8644, -0.4068], [121.9068, -0.4513], [121.8812, -0.5026], [121.7561, -0.4908], [121.6553, -0.5262], [121.7493, -0.407], [121.7974, -0.4177], [121.8644, -0.4068]]], [[[120.5283, -6.2984], [120.4873, -6.4648], [120.4355, -6.1802], [120.4465, -5.8763], [120.4773, -5.7753], [120.5492, -5.9692], [120.5283, -6.2984]]], [[[115.3771, -6.9708], [115.2958, -6.9878], [115.2203, -6.9525], [115.2405, -6.8612], [115.4145, -6.8397], [115.5461, -6.9387], [115.4241, -6.9406], [115.3771, -6.9708]]], [[[116.3033, -3.8682], [116.0934, -4.0541], [116.0588, -4.0069], [116.077, -3.8175], [116.0184, -3.6999], [116.0636, -3.4579], [116.1174, -3.3396], [116.2697, -3.2511], [116.2621, -3.3948], [116.3187, -3.763], [116.2893, -3.8209], [116.3033, -3.8682]]], [[[122.9489, -10.9093], [122.8262, -10.8991], [122.8457, -10.7618], [123.0614, -10.6984], [123.2654, -10.5182], [123.3711, -10.4749], [123.4182, -10.6513], [123.3107, -10.6984], [123.2148, -10.8062], [123.0053, -10.8764], [122.9489, -10.9093]]], [[[124.2866, -8.3295], [124.1467, -8.5314], [124.0657, -8.5517], [124.0173, -8.4438], [123.9277, -8.4489], [124.0138, -8.3187], [124.0687, -8.3178], [124.1105, -8.3643], [124.2396, -8.2034], [124.3045, -8.2288], [124.2866, -8.3295]]], [[[123.9248, -8.2725], [123.7839, -8.2996], [123.6979, -8.4244], [123.6292, -8.4225], [123.553, -8.5668], [123.4887, -8.5323], [123.4107, -8.5866], [123.33, -8.5356], [123.2301, -8.5307], [123.4759, -8.3223], [123.3912, -8.2805], [123.53, -8.2652], [123.6006, -8.2913], [123.776, -8.1904], [123.8961, -8.2393], [123.9248, -8.2725]]], [[[123.3175, -8.3548], [123.2973, -8.3986], [123.025, -8.3955], [123.0326, -8.3378], [123.1335, -8.2538], [123.2171, -8.2354], [123.336, -8.269], [123.3175, -8.3548]]], [[[134.7161, -6.5494], [134.6608, -6.5589], [134.6337, -6.4772], [134.6791, -6.4561], [134.7285, -6.5059], [134.7161, -6.5494]]], [[[103.4239, 1.0483], [103.4297, 0.9934], [103.3633, 1.0068], [103.3154, 1.0713], [103.38, 1.1336], [103.4049, 1.0726], [103.4239, 1.0483]]], [[[103.8286, 0.801], [103.834, 0.7722], [103.7424, 0.83], [103.74, 0.8718], [103.752, 0.8914], [103.8066, 0.8463], [103.8286, 0.801]]], [[[104.2394, 0.834], [104.1768, 0.8049], [104.1011, 0.9175], [104.1228, 0.944], [104.2271, 0.8799], [104.2394, 0.834]]], [[[104.6893, 0.0595], [104.6981, 0.0347], [104.6035, 0.0952], [104.4992, 0.2321], [104.5438, 0.2233], [104.6599, 0.1031], [104.6893, 0.0595]]], [[[106.2853, 3.1571], [106.2837, 3.0882], [106.2146, 3.1286], [106.201, 3.2049], [106.2237, 3.2296], [106.2712, 3.2163], [106.2853, 3.1571]]], [[[105.7604, 2.863], [105.7186, 2.8592], [105.7062, 2.8889], [105.6922, 3.0625], [105.8367, 2.9765], [105.8094, 2.904], [105.7604, 2.863]]], [[[108.8875, 2.9054], [108.8389, 2.853], [108.7865, 2.8856], [108.8857, 2.999], [108.8875, 2.9054]]], [[[108.9531, -1.6196], [108.8379, -1.6616], [108.8037, -1.5678], [108.8772, -1.5398], [108.9568, -1.5641], [108.9531, -1.6196]]], [[[107.4733, -2.8995], [107.4328, -2.9253], [107.4024, -2.8729], [107.4193, -2.8381], [107.4997, -2.845], [107.4733, -2.8995]]], [[[106.8864, -3.0053], [106.8143, -3.0145], [106.7429, -2.9328], [106.7969, -2.8989], [106.9106, -2.934], [106.8864, -3.0053]]], [[[114.4126, -7.1335], [114.3977, -7.1731], [114.3469, -7.1633], [114.2988, -7.0976], [114.3836, -7.0807], [114.4126, -7.1335]]], [[[112.7194, -5.811], [112.6979, -5.8465], [112.6021, -5.8437], [112.586, -5.8036], [112.6485, -5.7309], [112.7273, -5.7527], [112.7194, -5.811]]], [[[105.2528, -6.6404], [105.1904, -6.6625], [105.1214, -6.6149], [105.2257, -6.5291], [105.2605, -6.5239], [105.2774, -6.5614], [105.2528, -6.6404]]], [[[97.3342, 2.0756], [97.3283, 2.0533], [97.2251, 2.1585], [97.1083, 2.2169], [97.2528, 2.216], [97.3287, 2.1485], [97.3342, 2.0756]]], [[[95.3621, 5.8124], [95.3426, 5.7841], [95.2832, 5.7985], [95.2177, 5.8895], [95.3592, 5.8768], [95.366, 5.8427], [95.3621, 5.8124]]], [[[123.5976, -1.7043], [123.4825, -1.6814], [123.4866, -1.5349], [123.5485, -1.5082], [123.6164, -1.6274], [123.5976, -1.7043]]], [[[123.2424, -4.113], [123.1445, -4.2333], [123.0762, -4.2271], [122.9947, -4.148], [122.969, -4.03], [123.0249, -3.981], [123.2119, -3.9976], [123.247, -4.0409], [123.2424, -4.113]]], [[[123.8482, -1.9555], [123.866, -1.9957], [123.8035, -1.9943], [123.7835, -1.8783], [123.8482, -1.9555]]], [[[123.1525, -1.8165], [123.0788, -1.8989], [123.0858, -1.8148], [123.1375, -1.7727], [123.1525, -1.8165]]], [[[119.4641, -8.741], [119.3855, -8.736], [119.3789, -8.5865], [119.4465, -8.4292], [119.4817, -8.4729], [119.547, -8.4826], [119.5572, -8.5188], [119.5363, -8.5894], [119.444, -8.6718], [119.4641, -8.741]]], [[[119.0738, -8.2389], [119.03, -8.24], [119.0366, -8.1578], [119.0978, -8.1392], [119.1349, -8.1971], [119.1067, -8.2234], [119.0738, -8.2389]]], [[[115.61, -8.7698], [115.5819, -8.8042], [115.4805, -8.7154], [115.5614, -8.6699], [115.6133, -8.7132], [115.61, -8.7698]]], [[[117.649, 4.169], [117.8848, 4.1861], [117.9229, 4.0543], [117.7368, 4.004], [117.6251, 4.1215], [117.649, 4.169]]], [[[117.6584, 3.2805], [117.6458, 3.2478], [117.5375, 3.3864], [117.5479, 3.432], [117.6367, 3.4361], [117.6809, 3.4075], [117.6584, 3.2805]]], [[[124.0513, -5.9737], [124.0421, -6.0216], [123.9723, -5.9394], [123.9758, -5.8802], [124.0229, -5.9021], [124.0513, -5.9737]]], [[[123.6268, -5.2716], [123.6228, -5.373], [123.5826, -5.3674], [123.5409, -5.2983], [123.5606, -5.2498], [123.6268, -5.2716]]], [[[120.7744, -7.1189], [120.6408, -7.1158], [120.6334, -7.0183], [120.7817, -7.0631], [120.7744, -7.1189]]], [[[117.5563, -8.3673], [117.4904, -8.3487], [117.4905, -8.1834], [117.665, -8.1482], [117.6692, -8.1893], [117.5563, -8.3673]]], [[[116.4241, -3.4645], [116.3878, -3.6367], [116.3266, -3.5391], [116.427, -3.3999], [116.4241, -3.4645]]], [[[127.3727, 0.7913], [127.3384, 0.7584], [127.2864, 0.8119], [127.3198, 0.862], [127.3538, 0.8475], [127.3727, 0.7913]]], [[[134.3742, -2.1235], [134.3452, -2.1388], [134.3508, -2.0369], [134.419, -2.0518], [134.3742, -2.1235]]], [[[133.5708, -4.2459], [133.6219, -4.2993], [133.333, -4.1696], [133.3209, -4.111], [133.4644, -4.1998], [133.5708, -4.2459]]], [[[130.9053, -0.7774], [130.8324, -0.8629], [130.4024, -0.9239], [130.4843, -0.8325], [130.8135, -0.8139], [130.807, -0.765], [130.9053, -0.7774]]], [[[130.6267, -0.5287], [130.4654, -0.4865], [130.5975, -0.4183], [130.6843, -0.4691], [130.6267, -0.5287]]], [[[129.5489, -0.187], [129.5057, -0.1898], [129.3701, -0.0664], [129.3088, 0.0454], [129.542, -0.1393], [129.5489, -0.187]]], [[[127.4534, -0.0059], [127.4486, -0.0366], [127.3968, 0.0166], [127.4313, 0.1426], [127.4494, 0.069], [127.4534, -0.0059]]], [[[127.4197, 0.6421], [127.3736, 0.6349], [127.3826, 0.7436], [127.4426, 0.7334], [127.4459, 0.6833], [127.4197, 0.6421]]], [[[127.3004, -0.781], [127.2891, -0.8016], [127.1564, -0.7609], [127.2091, -0.6193], [127.2582, -0.6234], [127.3013, -0.7584], [127.3004, -0.781]]], [[[128.7225, -3.5469], [128.7133, -3.6025], [128.6195, -3.5886], [128.5852, -3.5122], [128.6936, -3.5245], [128.7225, -3.5469]]], [[[128.5626, -3.5854], [128.3916, -3.6379], [128.4516, -3.5147], [128.5363, -3.5413], [128.5626, -3.5854]]], [[[126.7193, 3.8747], [126.7218, 3.8325], [126.6612, 3.9284], [126.6375, 4.0419], [126.7396, 3.9177], [126.7193, 3.8747]]], [[[126.8519, 3.7685], [126.7996, 3.7839], [126.7789, 3.8432], [126.8045, 3.8579], [126.8578, 3.7872], [126.8519, 3.7685]]], [[[125.4074, 2.6516], [125.3973, 2.6295], [125.3601, 2.7468], [125.3908, 2.8054], [125.4465, 2.763], [125.4039, 2.707], [125.4074, 2.6516]]], [[[131.982, -7.2021], [131.9695, -7.2514], [131.8845, -7.1675], [131.7508, -7.1168], [131.9223, -7.1045], [131.982, -7.2021]]], [[[128.6701, -7.1833], [128.625, -7.2086], [128.5298, -7.1346], [128.6277, -7.0687], [128.6669, -7.138], [128.6701, -7.1833]]], [[[127.4194, -7.623], [127.3553, -7.6465], [127.3707, -7.5128], [127.4752, -7.5311], [127.464, -7.5969], [127.4194, -7.623]]], [[[123.4162, -10.3026], [123.326, -10.3375], [123.3256, -10.2642], [123.3953, -10.1714], [123.4588, -10.1399], [123.4968, -10.1939], [123.4051, -10.2271], [123.4162, -10.3026]]], [[[121.883, -10.5903], [121.8331, -10.6021], [121.7047, -10.5557], [121.867, -10.4389], [121.9983, -10.447], [121.9813, -10.5284], [121.883, -10.5903]]], [[[134.8195, -6.4342], [134.7951, -6.4424], [134.7953, -6.3931], [134.8858, -6.3235], [134.8195, -6.4342]]], [[[134.6744, -6.7498], [134.6574, -6.7653], [134.6314, -6.7329], [134.6635, -6.6577], [134.7357, -6.6233], [134.7261, -6.6687], [134.6744, -6.7498]]], [[[127.9879, -2.9365], [127.9377, -3.02], [127.8343, -3.0044], [127.9384, -2.9523], [127.9879, -2.9365]]], [[[127.6063, -3.3151], [127.6293, -3.3592], [127.4877, -3.2882], [127.5545, -3.2543], [127.6063, -3.3151]]], [[[122.9773, -8.5452], [122.9455, -8.604], [122.8878, -8.5873], [122.9328, -8.4971], [123.0105, -8.4483], [123.0895, -8.4398], [123.1531, -8.4758], [123.0301, -8.4948], [122.9773, -8.5452]]]]}}, {"type": "Feature", "properties": {"name": "Iran", "iso3": "IRN", "label": [53.0564, 33.5616]}, "geometry": {"type": "MultiPolygon", "coordinates": [[[[56.188, 26.9211], [56.0949, 26.8012], [55.9543, 26.7011], [55.8477, 26.7308], [55.4237, 26.5831], [55.3115, 26.5926], [55.2965, 26.6576], [55.347, 26.6479], [55.7626, 26.812], [55.7846, 26.8572], [55.7576, 26.9477], [55.9071, 26.9098], [56.0741, 26.9834], [56.214, 27.0033], [56.2794, 26.9521], [56.188, 26.9211]]], [[[53.9142, 37.3436], [54.1916, 37.3325], [54.6994, 37.4702], [54.9001, 37.7779], [55.0756, 37.9025], [55.3809, 38.0511], [55.5784, 38.0998], [56.2721, 38.0804], [56.3241, 38.1911], [56.4406, 38.2494], [57.1936, 38.2164], [57.3081, 38.1304], [57.3537, 37.9733], [57.9806, 37.8305], [58.1088, 37.7831], [58.2616, 37.6658], [58.3867, 37.6354], [58.5505, 37.6882], [58.6502, 37.6516], [58.8154, 37.6835], [59.3018, 37.5106], [59.3674, 37.3337], [59.455, 37.2528], [59.5622, 37.1789], [59.9486, 37.0416], [60.0628, 36.9629], [60.3413, 36.6376], [61.1196, 36.6426], [61.1699, 36.5723], [61.2124, 36.0991], [61.1529, 35.9768], [61.2521, 35.8676], [61.2389, 35.6593], [61.2785, 35.5138], [61.1893, 35.312], [61.1, 35.2723], [61.1496, 35.0938], [61.0702, 34.9217], [61.0801, 34.8556], [60.9578, 34.7101], [60.9512, 34.6539], [60.7263, 34.5183], [60.8895, 34.3194], [60.6427, 34.3072], [60.4857, 34.0948], [60.5271, 33.842], [60.4859, 33.7119], [60.5738, 33.5883], [60.9069, 33.539], [60.917, 33.5052], [60.5605, 33.1378], [60.5766, 32.9949], [60.8293, 32.2494], [60.7875, 31.8772], [60.8207, 31.4952], [61.6602, 31.3824], [61.7551, 31.2853], [61.8143, 31.0726], [61.8108, 30.9133], [61.7842, 30.8319], [60.8434, 29.8587], [61.3184, 29.3726], [61.3379, 29.265], [61.623, 28.7916], [61.8898, 28.5465], [62.353, 28.4147], [62.5646, 28.2352], [62.758, 28.2436], [62.7397, 28.0021], [62.812, 27.497], [62.7527, 27.2656], [62.9154, 27.2184], [63.1668, 27.2525], [63.2563, 27.2079], [63.3052, 27.1246], [63.2421, 27.0777], [63.2504, 26.8792], [63.1861, 26.8376], [63.1578, 26.6498], [62.7866, 26.6439], [62.4393, 26.561], [62.3123, 26.4909], [62.2394, 26.357], [62.126, 26.369], [62.0891, 26.3183], [61.8424, 26.2259], [61.7544, 25.8434], [61.6618, 25.7513], [61.5879, 25.2023], [61.5331, 25.1955], [61.4122, 25.1021], [60.6639, 25.2822], [60.5875, 25.4135], [60.5105, 25.4371], [60.4002, 25.3116], [60.0247, 25.3841], [59.8971, 25.3618], [59.8184, 25.4009], [59.616, 25.4033], [59.4561, 25.4815], [59.0461, 25.4173], [58.7979, 25.5546], [58.5309, 25.5924], [58.2029, 25.5916], [57.9366, 25.6916], [57.7961, 25.653], [57.7325, 25.7249], [57.3346, 25.7916], [57.2056, 26.0372], [57.2014, 26.1588], [57.1043, 26.3714], [57.036, 26.8007], [56.9104, 26.9946], [56.7281, 27.1277], [56.3562, 27.2002], [56.1181, 27.1431], [55.9411, 27.0376], [55.6503, 26.9775], [55.424, 26.7706], [55.2941, 26.7859], [54.7593, 26.5051], [54.6449, 26.5089], [54.2471, 26.6966], [54.0693, 26.7324], [53.8226, 26.7077], [53.7058, 26.7256], [53.5071, 26.8518], [53.455, 26.9433], [52.9825, 27.1419], [52.6916, 27.3234], [52.6026, 27.4934], [52.4759, 27.6165], [52.1919, 27.7173], [52.0308, 27.8244], [51.5891, 27.8642], [51.2789, 28.1313], [51.2761, 28.2188], [51.0938, 28.5121], [51.062, 28.7261], [50.867, 28.8702], [50.843, 28.9278], [50.8758, 29.0627], [50.6752, 29.1466], [50.6496, 29.4201], [50.1689, 29.9212], [50.0716, 30.1985], [49.9831, 30.2094], [49.5549, 30.029], [49.43, 30.1305], [49.0281, 30.3334], [49.002, 30.3739], [49.049, 30.3973], [49.1903, 30.3754], [49.2473, 30.4125], [49.2245, 30.4723], [49.1304, 30.5094], [49.002, 30.5065], [49.0371, 30.4505], [48.9168, 30.3973], [48.8912, 30.3276], [48.9191, 30.1209], [48.8701, 30.0624], [48.8324, 30.0355], [48.6709, 30.0283], [48.5465, 29.9624], [48.4346, 30.0376], [48.4014, 30.1883], [48.3311, 30.2854], [48.2262, 30.3213], [48.1476, 30.4168], [48.0149, 30.4656], [48.0106, 30.9898], [47.6795, 31.0024], [47.6795, 31.4006], [47.83, 31.7944], [47.5119, 32.1508], [47.3713, 32.4237], [47.2852, 32.474], [47.1214, 32.4666], [46.3771, 32.9292], [46.1128, 32.9577], [46.0808, 33.0865], [46.1459, 33.2296], [46.0199, 33.4157], [45.9811, 33.4701], [45.8732, 33.492], [45.8794, 33.6098], [45.7383, 33.6028], [45.4732, 33.9255], [45.3971, 33.9708], [45.5428, 34.2155], [45.4376, 34.4151], [45.5008, 34.5816], [45.6375, 34.5738], [45.6781, 34.7984], [45.9209, 35.0285], [46.1338, 35.1276], [46.1547, 35.1967], [46.1121, 35.3217], [45.9754, 35.4768], [45.995, 35.6081], [46.0374, 35.6731], [46.2625, 35.7441], [46.2734, 35.7732], [46.1675, 35.8206], [45.7764, 35.8218], [45.5616, 35.9772], [45.3616, 36.0153], [45.2411, 36.356], [45.2065, 36.3972], [45.1124, 36.4093], [45.0531, 36.4716], [45.0192, 36.6984], [44.8809, 36.7993], [44.7654, 37.135], [44.7941, 37.2904], [44.574, 37.4354], [44.5453, 37.6582], [44.5899, 37.7104], [44.3362, 37.8718], [44.2229, 37.8802], [44.2113, 37.9081], [44.4499, 38.3342], [44.2985, 38.3863], [44.2717, 38.836], [44.1708, 38.9344], [44.1445, 38.9944], [44.178, 39.1448], [44.0791, 39.2183], [44.0232, 39.3774], [44.3894, 39.4221], [44.456, 39.6667], [44.5871, 39.7686], [44.8172, 39.6504], [45.1412, 39.2543], [45.3355, 39.1392], [45.4797, 39.0063], [46.1701, 38.869], [46.3178, 38.9126], [46.5548, 38.9044], [46.8525, 39.1484], [46.9889, 39.1802], [47.3385, 39.4239], [47.7729, 39.6486], [47.9959, 39.6839], [48.3222, 39.3991], [48.136, 39.3124], [48.1044, 39.2411], [48.1255, 39.1716], [48.2741, 39.0991], [48.2921, 39.0188], [48.242, 38.979], [48.0501, 38.935], [47.9965, 38.8538], [48.2047, 38.7241], [48.3056, 38.6135], [48.4174, 38.5862], [48.5927, 38.4111], [48.8687, 38.4355], [48.9251, 38.0151], [49.081, 37.6676], [49.3725, 37.52], [50.1305, 37.4071], [50.2141, 37.3396], [50.3379, 37.1492], [50.9274, 36.8102], [51.1186, 36.7426], [51.762, 36.6145], [52.1901, 36.6217], [53.7677, 36.9303], [53.9154, 36.9303], [53.6795, 36.8531], [53.7687, 36.8185], [53.9701, 36.8183], [54.0238, 36.9013], [53.952, 37.1817], [53.9142, 37.3436]]]]}}, {"type": "Feature", "properties": {"name": "Iraq", "iso3": "IRQ", "label": [44.5783, 33.7898]}, "geometry": {"type": "MultiPolygon", "coordinates": [[[[42.359, 37.1086], [42.4559, 37.1287], [42.7746, 37.3719], [42.9366, 37.3248], [43.0925, 37.3674], [43.5158, 37.2445], [43.6758, 37.2272], [43.8364, 37.2235], [44.0132, 37.3135], [44.1145, 37.3019], [44.1918, 37.2499], [44.2017, 37.0518], [44.2818, 36.978], [44.606, 37.176], [44.731, 37.1653], [44.7984, 37.0639], [44.8809, 36.7993], [45.0192, 36.6984], [45.0531, 36.4716], [45.1124, 36.4093], [45.2065, 36.3972], [45.2411, 36.356], [45.3616, 36.0153], [45.5616, 35.9772], [45.7764, 35.8218], [46.1675, 35.8206], [46.2734, 35.7732], [46.2625, 35.7441], [46.0374, 35.6731], [45.995, 35.6081], [45.9754, 35.4768], [46.1121, 35.3217], [46.1547, 35.1967], [46.1338, 35.1276], [45.9209, 35.0285], [45.6781, 34.7984], [45.6375, 34.5738], [45.5008, 34.5816], [45.4376, 34.4151], [45.5428, 34.2155], [45.3971, 33.9708], [45.4732, 33.9255], [45.7383, 33.6028], [45.8794, 33.6098], [45.8732, 33.492], [45.9811, 33.4701], [46.0199, 33.4157], [46.1459, 33.2296], [46.0808, 33.0865], [46.1128, 32.9577], [46.3771, 32.9292], [47.1214, 32.4666], [47.2852, 32.474], [47.3713, 32.4237], [47.5119, 32.1508], [47.83, 31.7944], [47.6795, 31.4006], [47.6795, 31.0024], [48.0106, 30.9898], [48.0149, 30.4656], [48.1476, 30.4168], [48.2262, 30.3213], [48.3311, 30.2854], [48.4014, 30.1883], [48.4346, 30.0376], [48.5465, 29.9624], [48.4542, 29.9385], [48.3546, 29.9567], [48.1417, 30.0409], [47.9825, 30.0113], [47.9787, 29.9828], [47.6728, 30.0956], [47.3313, 30.0797], [47.2232, 30.0415], [47.1144, 29.9613], [46.9059, 29.5375], [46.7693, 29.3475], [46.5314, 29.0962], [46.3564, 29.0637], [44.7165, 29.1936], [42.0744, 31.0804], [40.3693, 31.939], [39.1454, 32.1245], [39.2928, 32.2438], [39.2475, 32.351], [39.0414, 32.3057], [38.9816, 32.4726], [39.0578, 32.4932], [38.7735, 33.3722], [40.6895, 34.332], [40.9351, 34.3866], [40.987, 34.4291], [41.1947, 34.769], [41.2164, 35.2882], [41.3541, 35.6404], [41.3526, 35.81], [41.2456, 36.0734], [41.296, 36.3834], [41.4168, 36.5146], [41.7886, 36.5972], [42.3591, 37.095], [42.359, 37.1086]]]]}}, {"type": "Feature", "properties": {"name": "Israel", "iso3": "ISR", "label": [35.212, 31.8941]}, "geometry": {"type": "MultiPolygon", "coordinates": [[[[35.8407, 33.4157], [35.785, 33.2911], [35.888, 32.9444], [35.7873, 32.7349], [35.6112, 32.6821], [35.5729, 32.6409], [35.5515, 32.3955], [35.4844, 32.4017], [35.3621, 32.5075], [35.1933, 32.5344], [35.065, 32.4604], [34.956, 32.1609], [34.9897, 31.9133], [34.9611, 31.8233], [35.1271, 31.8167], [35.2037, 31.75], [34.951, 31.6023], [34.8805, 31.3682], [35.1012, 31.3662], [35.4506, 31.4793], [35.4007, 31.2305], [35.4393, 31.1324], [35.1406, 30.4209], [35.1416, 30.1417], [35.0682, 29.9779], [34.9734, 29.555], [34.9043, 29.4773], [34.6586, 30.1915], [34.5297, 30.446], [34.2453, 31.2083], [34.3483, 31.2929], [34.3502, 31.3627], [34.5256, 31.5256], [34.4773, 31.5849], [34.6784, 31.8957], [35.1086, 33.0837], [35.4112, 33.0757], [35.4932, 33.1195], [35.5325, 33.2505], [35.5793, 33.2715], [35.6029, 33.2406], [35.7875, 33.3698], [35.8407, 33.4157]]]]}}, {"type": "Feature", "properties": {"name": "Japan", "iso3": "JPN", "label": [137.8266, 36.7207]}, "geometry": {"type": "MultiPolygon", "coordinates": [[[[133.3705, 36.2039], [133.3247, 36.1665], [133.2393, 36.1788], [133.1899, 36.2326], [133.2062, 36.2934], [133.2957, 36.3401], [133.3812, 36.2464], [133.3705, 36.2039]]], [[[138.344, 37.8221], [138.2252, 37.8294], [138.2828, 37.8542], [138.3223, 37.9695], [138.2462, 37.9946], [138.25, 38.0785], [138.5036, 38.3159], [138.4536, 38.0757], [138.5752, 38.0655], [138.497, 37.9039], [138.344, 37.8221]]], [[[134.9328, 34.2881], [134.8244, 34.2029], [134.7307, 34.2089], [134.6679, 34.2941], [134.8343, 34.4727], [135.0047, 34.544], [134.9055, 34.3983], [134.9328, 34.2881]]], [[[130.6228, 30.263], [130.5082, 30.2414], [130.4456, 30.2647], [130.3881, 30.3882], [130.4972, 30.4655], [130.6732, 30.3669], [130.6228, 30.263]]], [[[130.9598, 30.3969], [130.8722, 30.3863], [130.8703, 30.4442], [130.9399, 30.5751], [130.9474, 30.6712], [131.0604, 30.8285], [131.0574, 30.6425], [130.9926, 30.53], [130.9598, 30.3969]]], [[[130.0825, 32.2297], [130.0035, 32.194], [129.9602, 32.2437], [130.0173, 32.2918], [129.9793, 32.3462], [130.0098, 32.5216], [130.1678, 32.5412], [130.1995, 32.3406], [130.0825, 32.2297]]], [[[129.2795, 34.1234], [129.2145, 34.0828], [129.1864, 34.145], [129.2148, 34.3207], [129.3371, 34.2848], [129.3351, 34.2308], [129.2795, 34.1234]]], [[[129.3856, 34.3537], [129.3653, 34.3055], [129.2667, 34.3705], [129.3294, 34.5219], [129.3259, 34.6073], [129.4511, 34.6866], [129.4754, 34.5404], [129.3814, 34.4165], [129.3856, 34.3537]]], [[[128.6653, 32.7839], [128.7041, 32.7569], [128.8386, 32.7629], [128.8945, 32.6521], [128.7904, 32.6367], [128.7505, 32.5861], [128.6573, 32.6284], [128.6491, 32.662], [128.6653, 32.7839]]], [[[130.3811, 32.4237], [130.2926, 32.4193], [130.2417, 32.4628], [130.3654, 32.5272], [130.4614, 32.5157], [130.4186, 32.4577], [130.3811, 32.4237]]], [[[141.0728, 45.3329], [141.034, 45.2693], [140.9717, 45.4655], [141.0567, 45.4496], [141.0699, 45.4], [141.0728, 45.3329]]], [[[141.2954, 45.1193], [141.226, 45.1122], [141.1453, 45.1539], [141.1354, 45.2062], [141.1937, 45.2479], [141.2519, 45.2325], [141.3292, 45.1505], [141.2954, 45.1193]]], [[[139.4812, 42.081], [139.4346, 42.0841], [139.4313, 42.1996], [139.5584, 42.2352], [139.5051, 42.0964], [139.4812, 42.081]]], [[[134.3519, 34.4836], [134.2519, 34.423], [134.1821, 34.5192], [134.3723, 34.5224], [134.3519, 34.4836]]], [[[139.4564, 34.7265], [139.4457, 34.6795], [139.3669, 34.7205], [139.37, 34.7754], [139.4262, 34.7759], [139.4564, 34.7265]]], [[[129.077, 32.8403], [129.052, 32.8295], [128.9973, 32.9519], [129.035, 32.9691], [129.1098, 33.1326], [129.1819, 32.9931], [129.1116, 32.9289], [129.077, 32.8403]]], [[[129.4918, 33.223], [129.3704, 33.176], [129.4619, 33.3312], [129.5699, 33.361], [129.5081, 33.2843], [129.4918, 33.223]]], [[[129.7957, 33.7488], [129.7266, 33.7073], [129.6748, 33.7397], [129.7173, 33.8584], [129.7764, 33.8292], [129.7957, 33.7488]]], [[[132.5784, 34.1152], [132.5494, 34.0751], [132.4609, 34.0873], [132.5435, 34.1727], [132.5602, 34.1269], [132.5784, 34.1152]]], [[[132.266, 33.9452], [132.3146, 33.9086], [132.4449, 33.9132], [132.36, 33.847], [132.2088, 33.8729], [132.208, 33.9478], [132.266, 33.9452]]], [[[129.718, 31.6571], [129.6868, 31.6396], [129.7068, 31.7183], [129.7873, 31.7871], [129.7937, 31.7425], [129.718, 31.6571]]], [[[142.1882, 26.6165], [142.1071, 26.7215], [142.1617, 26.71], [142.2021, 26.6488], [142.1882, 26.6165]]], [[[143.8243, 44.117], [144.1014, 44.1016], [144.4818, 43.9496], [144.7152, 43.928], [144.8719, 43.9819], [145.3695, 44.3274], [145.352, 44.2298], [145.1264, 43.8694], [145.1011, 43.7646], [145.1396, 43.6625], [145.3408, 43.3025], [145.4879, 43.2797], [145.6736, 43.3889], [145.833, 43.3859], [145.6242, 43.2913], [145.5051, 43.1742], [145.3475, 43.1767], [144.9214, 43.0009], [144.6308, 42.9469], [144.1973, 42.9736], [143.9693, 42.8814], [143.581, 42.5987], [143.4295, 42.4189], [143.3321, 42.2204], [143.3137, 42.0843], [143.2365, 42.0002], [142.5082, 42.258], [141.8514, 42.5791], [141.4066, 42.5469], [140.9861, 42.3421], [140.7098, 42.5556], [140.4805, 42.5594], [140.3506, 42.4351], [140.3267, 42.2934], [140.5275, 42.1318], [140.7338, 42.1164], [141.151, 41.8051], [140.9995, 41.7374], [140.6599, 41.8156], [140.4892, 41.6722], [140.385, 41.5193], [140.2701, 41.456], [140.0852, 41.4341], [139.9953, 41.5764], [140.1084, 41.9129], [140.0568, 42.0673], [139.8354, 42.2781], [139.8602, 42.5817], [139.8911, 42.6492], [140.1146, 42.733], [140.4322, 42.9541], [140.4864, 43.0499], [140.3975, 43.1673], [140.3924, 43.3031], [140.4869, 43.3382], [140.8191, 43.2055], [141.1382, 43.1799], [141.2963, 43.1997], [141.3741, 43.2796], [141.4123, 43.3815], [141.3977, 43.6426], [141.6447, 44.0194], [141.6608, 44.2636], [141.7609, 44.4825], [141.7822, 44.7164], [141.719, 44.9411], [141.583, 45.156], [141.668, 45.4013], [141.8295, 45.4388], [141.9377, 45.5095], [141.9809, 45.4835], [142.416, 45.125], [142.8848, 44.6701], [143.7591, 44.1316], [143.8243, 44.117]]], [[[131.1746, 33.6026], [131.366, 33.5709], [131.583, 33.6524], [131.6963, 33.6028], [131.7106, 33.5023], [131.5374, 33.2741], [131.8966, 33.2546], [131.8479, 33.1181], [131.9493, 33.0471], [131.9104, 32.9737], [132.0086, 32.919], [132.0021, 32.8824], [131.7321, 32.5928], [131.6604, 32.4656], [131.4603, 31.8835], [131.46, 31.6708], [131.3372, 31.4047], [131.0708, 31.4369], [131.0352, 31.3777], [131.0984, 31.2562], [130.9022, 31.1121], [130.6857, 31.0151], [130.7897, 31.2691], [130.7042, 31.5774], [130.7963, 31.6241], [130.7763, 31.7063], [130.6551, 31.7184], [130.5561, 31.5631], [130.5404, 31.4031], [130.6445, 31.2675], [130.5888, 31.1785], [130.2007, 31.2919], [130.1473, 31.4085], [130.2941, 31.4507], [130.322, 31.6015], [130.1879, 31.7688], [130.1944, 32.0908], [130.3191, 32.1435], [130.3949, 32.219], [130.6405, 32.6192], [130.4979, 32.6569], [130.5694, 32.7341], [130.5473, 32.8316], [130.4404, 32.9514], [130.3817, 33.0926], [130.2375, 33.1776], [130.1269, 33.1048], [130.1731, 33.013], [130.175, 32.8513], [130.3265, 32.8526], [130.3608, 32.7559], [130.3404, 32.7019], [130.2455, 32.6771], [130.1521, 32.7479], [130.0541, 32.7708], [129.7686, 32.571], [129.8268, 32.7253], [129.69, 32.8752], [129.6791, 33.06], [129.7777, 32.9855], [129.8283, 32.8927], [129.9008, 32.8519], [129.9917, 32.8516], [129.8968, 33.0224], [129.5801, 33.2363], [129.6102, 33.3437], [129.66, 33.365], [129.8441, 33.3218], [129.8257, 33.437], [130.0721, 33.5218], [130.168, 33.5983], [130.365, 33.6345], [130.4838, 33.8346], [130.6695, 33.9155], [130.8396, 33.9178], [130.9531, 33.872], [131.0581, 33.6729], [131.1746, 33.6026]]], [[[134.3574, 34.2563], [134.4957, 34.2147], [134.6375, 34.2266], [134.6353, 34.0439], [134.6953, 33.9277], [134.6748, 33.8478], [134.7389, 33.8205], [134.3771, 33.6084], [134.2427, 33.4395], [134.1816, 33.2472], [133.9587, 33.4483], [133.854, 33.4927], [133.632, 33.511], [133.2859, 33.36], [133.1456, 33.0832], [133.016, 32.9839], [132.9772, 32.842], [132.8699, 32.7546], [132.8043, 32.752], [132.6418, 32.7625], [132.709, 32.9025], [132.4951, 32.9166], [132.4926, 33.0077], [132.4278, 33.0594], [132.5114, 33.2931], [132.4052, 33.3312], [132.4128, 33.4305], [132.0326, 33.34], [132.6431, 33.6899], [132.7843, 33.9924], [132.9352, 34.0953], [132.9901, 34.0881], [133.1337, 33.9273], [133.3498, 33.9771], [133.4721, 33.9728], [133.6268, 34.0694], [133.6435, 34.1347], [133.6026, 34.2438], [133.7063, 34.2374], [133.9483, 34.348], [134.0759, 34.3584], [134.2192, 34.319], [134.3574, 34.2563]]], [[[141.2293, 41.3727], [141.2688, 41.3538], [141.4555, 41.4047], [141.4, 41.0963], [141.4305, 40.7233], [141.4628, 40.6111], [141.6463, 40.4736], [141.7971, 40.2912], [141.9908, 39.7922], [141.977, 39.4288], [141.9008, 39.1113], [141.6586, 38.9749], [141.5463, 38.7628], [141.4675, 38.4042], [141.1084, 38.3379], [140.9621, 38.1489], [140.9279, 37.9496], [141.0363, 37.4672], [141.0017, 37.1146], [140.9684, 37.0021], [140.7918, 36.8469], [140.7299, 36.7319], [140.6273, 36.5028], [140.5735, 36.2313], [140.622, 36.0592], [140.874, 35.725], [140.6393, 35.6613], [140.4574, 35.5103], [140.4165, 35.267], [140.3547, 35.1814], [140.0592, 35.0383], [139.9204, 34.8996], [139.8439, 34.9149], [139.7992, 34.9569], [139.8433, 35.0099], [139.8265, 35.2967], [139.9062, 35.3453], [140.0969, 35.5852], [139.9875, 35.6682], [139.8348, 35.6581], [139.7863, 35.6121], [139.7678, 35.4948], [139.65, 35.4091], [139.6655, 35.3195], [139.744, 35.2524], [139.675, 35.1493], [139.6359, 35.1421], [139.5641, 35.2433], [139.4744, 35.2985], [139.2494, 35.278], [139.1341, 35.1549], [139.086, 34.8392], [138.9826, 34.6984], [138.8375, 34.6192], [138.761, 34.6992], [138.8027, 34.9748], [138.9036, 35.0252], [138.8209, 35.0957], [138.7196, 35.1241], [138.5771, 35.0865], [138.2532, 34.7327], [138.1891, 34.5963], [137.979, 34.6409], [137.5434, 34.6642], [137.0617, 34.5828], [137.0771, 34.6214], [137.2878, 34.7035], [137.2752, 34.7725], [137.0322, 34.7659], [136.9633, 34.8349], [136.9348, 34.8152], [136.9441, 34.7215], [136.8713, 34.7331], [136.8529, 34.9787], [136.8971, 35.0355], [136.8042, 35.0503], [136.69, 34.9841], [136.533, 34.6784], [136.6158, 34.5891], [136.8803, 34.4336], [136.8537, 34.3241], [136.3299, 34.1769], [135.9162, 33.5617], [135.6953, 33.487], [135.4528, 33.5534], [135.1754, 33.898], [135.1279, 34.007], [135.1001, 34.2884], [135.3093, 34.4168], [135.4118, 34.547], [135.4159, 34.6175], [135.3552, 34.6543], [135.0417, 34.631], [134.74, 34.7652], [134.5838, 34.7706], [134.2469, 34.7139], [133.9683, 34.5273], [133.4453, 34.4332], [133.1424, 34.3024], [133.0189, 34.3296], [132.6565, 34.2461], [132.4213, 34.3534], [132.3126, 34.325], [132.2381, 34.227], [132.1465, 33.8388], [131.7405, 34.0521], [131.4762, 34.0194], [131.2326, 33.948], [131.0719, 34.0207], [130.9188, 33.9757], [130.8893, 34.2618], [131.0042, 34.3926], [131.3544, 34.4132], [131.608, 34.6155], [131.8561, 34.7263], [132.2596, 35.0223], [132.619, 35.3068], [132.6977, 35.4183], [132.9229, 35.5113], [133.2672, 35.5565], [133.3765, 35.4588], [133.6154, 35.5114], [133.9812, 35.5072], [134.2141, 35.5393], [134.4561, 35.6279], [134.8822, 35.6632], [135.1743, 35.7471], [135.2654, 35.7218], [135.232, 35.5919], [135.327, 35.5255], [135.6803, 35.5031], [135.9031, 35.6069], [136.0953, 35.7676], [136.0223, 35.8741], [136.0062, 35.9906], [136.0675, 36.1168], [136.1562, 36.2233], [136.359, 36.3618], [136.6981, 36.742], [136.7493, 36.951], [136.7192, 37.1984], [136.8435, 37.3821], [137.3227, 37.5221], [137.3375, 37.4375], [137.1521, 37.2832], [136.924, 37.172], [136.8999, 37.1177], [136.9944, 37.0268], [137.0167, 36.8372], [137.1237, 36.7741], [137.2463, 36.7532], [137.3426, 36.7704], [137.5141, 36.9516], [138.3199, 37.2184], [138.6328, 37.4722], [138.8851, 37.8439], [139.2472, 38.0091], [139.3639, 38.099], [139.5208, 38.5025], [139.802, 38.8816], [139.9123, 39.2286], [140.0365, 39.4111], [140.0647, 39.6244], [140.0547, 39.7493], [139.9947, 39.8551], [139.9452, 39.8851], [139.8104, 39.8777], [139.7415, 39.9209], [139.7555, 39.9589], [139.908, 40.0217], [140.0111, 40.2604], [139.9239, 40.5339], [139.9667, 40.6728], [140.0293, 40.7332], [140.2013, 40.7749], [140.2812, 40.8461], [140.3436, 41.0057], [140.3152, 41.1609], [140.3859, 41.2298], [140.6276, 41.1954], [140.6794, 40.8933], [140.7486, 40.8303], [140.8008, 40.8343], [140.8762, 40.9295], [140.936, 40.9408], [141.1186, 40.8823], [141.1832, 40.924], [141.2621, 41.1027], [141.2442, 41.2056], [141.2004, 41.2436], [140.8006, 41.1388], [140.8019, 41.2537], [140.8915, 41.4798], [140.9369, 41.5056], [141.1059, 41.4559], [141.2293, 41.3727]]], [[[124.2932, 24.5159], [124.2343, 24.3581], [124.1357, 24.3476], [124.0848, 24.4358], [124.1204, 24.4696], [124.2105, 24.4586], [124.302, 24.5871], [124.324, 24.5664], [124.2932, 24.5159]]], [[[123.8887, 24.2801], [123.6807, 24.288], [123.6798, 24.3178], [123.7523, 24.3485], [123.7715, 24.4145], [123.9349, 24.362], [123.9281, 24.3236], [123.8887, 24.2801]]], [[[125.4441, 24.7432], [125.3594, 24.7171], [125.2689, 24.7325], [125.2836, 24.8719], [125.4019, 24.7769], [125.4441, 24.7432]]], [[[128.2588, 26.6528], [127.9513, 26.4565], [127.8671, 26.4425], [127.9048, 26.3281], [127.8487, 26.3189], [127.7901, 26.2551], [127.8036, 26.1525], [127.7294, 26.0972], [127.6531, 26.0947], [127.6549, 26.1992], [127.7271, 26.3079], [127.7289, 26.4339], [127.8204, 26.4661], [127.9455, 26.5939], [127.8908, 26.6311], [127.9072, 26.6936], [128.0468, 26.6433], [128.0977, 26.6678], [128.2549, 26.8819], [128.3316, 26.8121], [128.3109, 26.7207], [128.2588, 26.6528]]], [[[128.9981, 27.7208], [128.9563, 27.7025], [128.9, 27.7278], [128.9076, 27.898], [128.9517, 27.9103], [129.0164, 27.7702], [128.9981, 27.7208]]], [[[129.4525, 28.209], [129.3664, 28.1277], [129.1646, 28.2498], [129.3225, 28.3596], [129.5097, 28.3975], [129.6896, 28.5175], [129.7104, 28.4321], [129.4391, 28.2548], [129.4525, 28.209]]], [[[129.324, 28.1049], [129.3306, 28.0816], [129.2324, 28.1011], [129.1925, 28.1925], [129.2773, 28.1447], [129.324, 28.1049]]], [[[139.8411, 33.0561], [139.7757, 33.0782], [139.7774, 33.1251], [139.8736, 33.0935], [139.8411, 33.0561]]]]}}, {"type": "Feature", "properties": {"name": "Jordan", "iso3": "JOR", "label": [36.7119, 31.3357]}, "geometry": {"type": "MultiPolygon", "coordinates": [[[[35.7873, 32.7349], [35.8947, 32.7138], [36.0595, 32.5338], [36.2197, 32.4951], [36.3721, 32.3869], [36.8184, 32.3173], [38.7735, 33.3722], [39.0578, 32.4932], [38.9816, 32.4726], [39.0414, 32.3057], [39.2475, 32.351], [39.2928, 32.2438], [38.9623, 31.9949], [36.9586, 31.4915], [37.9801, 30.5], [37.6499, 30.331], [37.4692, 29.9951], [36.7553, 29.866], [36.4761, 29.4951], [36.0154, 29.1905], [34.9508, 29.3535], [35.0682, 29.9779], [35.1416, 30.1417], [35.1406, 30.4209], [35.4393, 31.1324], [35.4007, 31.2305], [35.4654, 31.5624], [35.559, 31.7655], [35.5314, 31.9849], [35.5721, 32.2379], [35.5729, 32.6409], [35.7345, 32.7289], [35.7873, 32.7349]]]]}}, {"type": "Feature", "properties": {"name": "Kazakhstan", "iso3": "KAZ", "label": [66.1774, 47.9637]}, "geometry": {"type": "MultiPolygon", "coordinates": [[[[50.1845, 44.8546], [50.0953, 44.8306], [49.9951, 44.937], [50.023, 45.0447], [50.1099, 45.0819], [50.0389, 44.9491], [50.0981, 44.8815], [50.1845, 44.8546]]], [[[50.3117, 44.9721], [50.2772, 44.9586], [50.2562, 45.0224], [50.2949, 45.0759], [50.3497, 45.083], [50.3309, 44.9984], [50.3117, 44.9721]]], [[[52.6824, 45.4118], [52.5983, 45.4282], [52.5543, 45.474], [52.6089, 45.528], [52.6596, 45.5181], [52.693, 45.4607], [52.6824, 45.4118]]], [[[70.9468, 42.2487], [70.7152, 42.1687], [70.5843, 42.036], [70.416, 42.0786], [70.0956, 41.8205], [69.6639, 41.6721], [69.401, 41.5419], [69.3684, 41.4906], [69.1536, 41.4252], [69.0649, 41.3669], [68.9869, 41.205], [68.7371, 41.0419], [68.5841, 40.8763], [68.5727, 40.6227], [68.415, 40.6194], [68.1603, 40.7218], [68.0477, 40.8093], [68.1131, 41.0286], [67.9357, 41.1966], [67.8051, 41.1639], [67.7351, 41.1873], [66.8143, 41.1424], [66.7097, 41.1791], [66.4986, 41.9949], [66.0096, 42.0049], [66.1003, 42.9908], [65.803, 42.877], [65.4962, 43.3105], [65.2705, 43.4175], [64.9055, 43.7147], [64.4432, 43.5512], [63.207, 43.628], [61.9902, 43.4921], [61.1607, 44.1686], [61.0079, 44.3938], [58.5553, 45.5554], [55.9757, 44.9949], [55.9774, 41.3222], [55.5452, 41.2627], [55.4344, 41.2963], [55.2496, 41.4581], [54.8538, 41.9652], [54.121, 42.3352], [53.6854, 42.2969], [53.0559, 42.1478], [52.8705, 42.0606], [52.4938, 41.7804], [52.4621, 42.1006], [52.6184, 42.4282], [52.5966, 42.7602], [52.4939, 42.8203], [52.273, 42.7998], [52.1837, 42.8687], [51.8982, 42.8696], [51.616, 43.1584], [51.2954, 43.1741], [51.3018, 43.4824], [51.0648, 43.7501], [50.8308, 44.1928], [50.685, 44.2651], [50.3312, 44.3255], [50.2756, 44.3551], [50.2529, 44.4615], [50.2975, 44.5815], [50.4095, 44.624], [50.8604, 44.6288], [51.1771, 44.5014], [51.3767, 44.5412], [51.5436, 44.531], [51.4311, 44.602], [51.3103, 44.6187], [51.0579, 44.8116], [51.0094, 44.9218], [51.0403, 44.9803], [51.2499, 45.1217], [51.4157, 45.3579], [51.5396, 45.3429], [51.7326, 45.3995], [52.4268, 45.4046], [52.9107, 45.3197], [53.2004, 45.332], [52.8375, 45.4967], [52.7738, 45.5728], [53.0416, 45.9679], [53.1353, 46.1917], [53.064, 46.4753], [53.1702, 46.669], [53.0694, 46.8561], [52.916, 46.9544], [52.4832, 46.9907], [52.3403, 46.8948], [52.1383, 46.8286], [52.0111, 46.9019], [51.7445, 46.9337], [51.6152, 47.0299], [51.178, 47.1102], [50.92, 47.0407], [50.5829, 46.8823], [50.4193, 46.8795], [49.8863, 46.5957], [49.3475, 46.5191], [49.3621, 46.4102], [49.2858, 46.4368], [49.2057, 46.3857], [49.2322, 46.3372], [48.586, 46.5771], [48.5092, 46.65], [48.5584, 46.7571], [48.8836, 46.7054], [48.9503, 46.7258], [48.9594, 46.7746], [48.5525, 47.321], [48.167, 47.7088], [48.11, 47.7454], [47.4819, 47.8039], [47.2924, 47.7409], [47.2021, 47.7925], [47.0933, 47.9477], [47.119, 48.127], [47.0646, 48.2325], [47.0043, 48.2845], [46.6609, 48.4123], [46.6092, 48.5739], [46.7026, 48.8056], [46.9622, 49.0383], [47.0313, 49.1503], [47.0182, 49.1999], [46.8021, 49.3671], [46.8896, 49.697], [46.992, 49.8527], [47.2952, 50.0585], [47.3265, 50.2735], [47.5036, 50.4027], [47.5996, 50.4136], [47.8496, 50.2823], [48.335, 49.8583], [48.4343, 49.8285], [48.759, 49.9283], [48.8433, 50.0131], [48.6251, 50.6127], [48.8084, 50.6013], [49.3234, 50.8517], [49.498, 51.0836], [49.8223, 51.1319], [50.3093, 51.3216], [50.7939, 51.7292], [51.1635, 51.6475], [51.2699, 51.5945], [51.3445, 51.4753], [51.6091, 51.484], [52.0071, 51.6727], [52.2191, 51.7094], [52.3311, 51.6813], [52.5712, 51.4816], [53.3381, 51.4824], [53.5347, 51.3996], [53.6881, 51.2518], [53.9568, 51.1612], [54.1397, 51.0408], [54.4215, 50.7803], [54.4715, 50.5838], [54.5553, 50.5358], [54.6361, 50.5916], [54.65, 50.6602], [54.6063, 50.8799], [54.5461, 50.946], [54.6416, 51.0116], [54.868, 50.9414], [55.3611, 50.6653], [55.6862, 50.5829], [56.0497, 50.7135], [56.1439, 50.8446], [56.4914, 51.0195], [56.6202, 50.9809], [57.0117, 51.0652], [57.179, 51.036], [57.4422, 50.8889], [57.6538, 50.9251], [57.8389, 51.0917], [58.3592, 51.0638], [58.5475, 50.971], [58.8837, 50.6944], [59.4523, 50.6204], [59.5239, 50.5828], [59.523, 50.4929], [59.8124, 50.582], [59.9552, 50.7993], [60.0586, 50.8503], [60.2881, 50.7041], [60.4248, 50.6791], [60.638, 50.6637], [60.9423, 50.6955], [61.2269, 50.7748], [61.3895, 50.861], [61.5851, 51.2297], [61.5547, 51.3246], [61.3631, 51.4419], [61.0148, 51.4924], [60.9735, 51.5371], [60.4647, 51.6512], [60.3875, 51.773], [60.0675, 51.8906], [60.0303, 51.9333], [60.0655, 51.9765], [60.4255, 52.1256], [60.6703, 52.1508], [60.9945, 52.3369], [60.7744, 52.6758], [60.8023, 52.7447], [61.0475, 52.9725], [61.4008, 52.996], [61.9742, 52.9438], [62.0827, 53.0054], [62.0811, 53.0574], [62.0146, 53.1079], [61.6599, 53.2285], [61.1992, 53.2872], [61.1628, 53.3368], [61.2289, 53.4459], [61.401, 53.4558], [61.535, 53.5233], [61.4741, 53.5803], [61.2479, 53.551], [60.9795, 53.6217], [61.1132, 53.7535], [61.1437, 53.9638], [61.2311, 54.0195], [61.3337, 54.0493], [61.9287, 53.9465], [62.0402, 54.0026], [62.499, 54.0132], [62.6327, 54.0693], [63.0739, 54.1052], [63.1913, 54.171], [63.7014, 54.2432], [63.8471, 54.2365], [64.1994, 54.3474], [64.4612, 54.3842], [64.6499, 54.3522], [64.9268, 54.3966], [65.0884, 54.3402], [65.1578, 54.3644], [65.2374, 54.5161], [65.477, 54.6233], [65.7078, 54.6187], [65.9143, 54.6933], [65.9547, 54.6595], [66.2227, 54.6674], [67.6934, 54.8724], [67.8299, 54.9436], [68.1559, 54.9767], [68.244, 55.0524], [68.2062, 55.1609], [68.5248, 55.2048], [68.7129, 55.3085], [68.9772, 55.3896], [69.4933, 55.3569], [70.1824, 55.1625], [70.3715, 55.2123], [70.4863, 55.2824], [70.7381, 55.3052], [70.9102, 55.128], [71.1855, 54.5993], [71.1521, 54.3641], [71.0527, 54.2605], [71.0932, 54.2122], [71.3364, 54.1583], [71.8874, 54.2215], [72.0045, 54.2057], [72.1054, 54.3084], [72.186, 54.3256], [72.3873, 54.123], [72.4043, 53.9645], [72.4468, 53.9418], [72.5859, 53.9959], [72.5643, 54.0904], [72.6223, 54.1343], [72.9141, 54.1073], [73.1193, 53.9808], [73.2299, 53.9578], [73.3807, 53.9628], [73.6664, 54.0635], [73.7124, 54.0424], [73.6789, 53.9294], [73.3994, 53.8115], [73.3057, 53.7072], [73.2857, 53.5984], [73.4069, 53.4476], [73.643, 53.5763], [73.859, 53.6197], [74.21, 53.5765], [74.3516, 53.4876], [74.4027, 53.5044], [74.452, 53.6473], [74.8342, 53.8257], [75.0521, 53.8267], [75.2202, 53.8938], [75.3771, 53.9701], [75.4372, 54.0896], [75.6929, 54.1148], [76.2666, 54.312], [76.4965, 54.3357], [76.8373, 54.4424], [76.6546, 54.1453], [76.4217, 54.1515], [76.4848, 54.0226], [76.5757, 53.9425], [77.7044, 53.3792], [77.86, 53.2692], [78.4755, 52.6384], [79.4688, 51.4931], [79.9862, 50.7746], [80.0659, 50.7582], [80.0863, 50.84], [80.2202, 50.9118], [80.4236, 50.9463], [80.448, 51.1833], [80.7353, 51.2934], [80.8773, 51.2814], [80.9656, 51.1898], [81.1272, 51.1911], [81.0715, 50.9688], [81.1246, 50.9463], [81.3883, 50.9565], [81.4659, 50.7398], [81.9337, 50.7664], [82.098, 50.7108], [82.3264, 50.7419], [82.4939, 50.7276], [82.6117, 50.7715], [82.7608, 50.8934], [83.0192, 50.8973], [83.1603, 50.9892], [83.3573, 50.9946], [83.7178, 50.8872], [83.9451, 50.7747], [84.176, 50.5206], [84.2578, 50.2882], [84.3232, 50.2392], [84.6073, 50.2024], [84.839, 50.0913], [84.9895, 50.0614], [85.0008, 49.8941], [85.2326, 49.6158], [85.3716, 49.6239], [85.9336, 49.5504], [85.9744, 49.4993], [86.1809, 49.4993], [86.6102, 49.7691], [86.7287, 49.7487], [86.7307, 49.6956], [86.6143, 49.6097], [86.6265, 49.5627], [86.7144, 49.5586], [86.8121, 49.4879], [87.001, 49.2873], [87.2337, 49.2162], [87.3229, 49.0858], [87.0485, 49.1099], [86.8859, 49.0906], [86.8083, 49.0497], [86.7286, 48.9394], [86.7578, 48.8607], [86.718, 48.6972], [86.5494, 48.5286], [86.2656, 48.4545], [85.7494, 48.3851], [85.6264, 48.204], [85.526, 47.9156], [85.6566, 47.2546], [85.4848, 47.0635], [85.2335, 47.0364], [85.0122, 46.9092], [84.7861, 46.8307], [84.6666, 46.9724], [84.3389, 46.9961], [84.016, 46.9705], [83.714, 47.021], [83.0903, 47.2094], [83.0295, 47.1859], [82.9749, 46.966], [82.5551, 46.1587], [82.3152, 45.5949], [82.3267, 45.5199], [82.6116, 45.4243], [82.6211, 45.2931], [82.5215, 45.1255], [82.2666, 45.2191], [81.9449, 45.1608], [81.7896, 45.226], [81.7589, 45.3108], [81.692, 45.3494], [80.8533, 45.1293], [80.6348, 45.1265], [80.0592, 45.0064], [79.8719, 44.8838], [79.9972, 44.7972], [80.2551, 44.8081], [80.4815, 44.7146], [80.3814, 44.6554], [80.3551, 44.552], [80.3553, 44.0973], [80.6508, 43.5642], [80.7038, 43.4271], [80.6678, 43.3101], [80.7857, 43.1616], [80.7512, 43.1025], [80.617, 43.1283], [80.3902, 43.0431], [80.3834, 42.9738], [80.5438, 42.9117], [80.539, 42.8735], [80.2503, 42.7973], [80.2022, 42.7345], [80.1619, 42.6255], [80.2591, 42.2354], [80.2094, 42.19], [79.9211, 42.4131], [79.4282, 42.4835], [79.203, 42.666], [79.1267, 42.7757], [78.8852, 42.7749], [78.5242, 42.8646], [78.0231, 42.8575], [77.8017, 42.8952], [77.2355, 42.9126], [76.9881, 42.9736], [76.5092, 42.9189], [75.8403, 42.9375], [75.6356, 42.8146], [75.3662, 42.837], [74.8176, 42.9782], [74.2091, 43.2404], [74.1459, 43.1941], [73.9492, 43.195], [73.886, 43.1326], [73.5563, 43.0028], [73.4219, 42.5935], [73.493, 42.409], [73.4116, 42.4198], [73.2829, 42.5041], [72.8551, 42.5611], [72.7529, 42.6379], [72.2758, 42.7577], [71.7605, 42.8215], [71.5143, 42.7669], [71.4221, 42.7832], [71.2566, 42.7335], [71.0228, 42.5354], [70.8929, 42.2937], [70.9468, 42.2487]]]]}}, {"type": "Feature", "properties": {"name": "Kuwait", "iso3": "KWT", "label": [47.6931, 29.3408]}, "geometry": {"type": "MultiPolygon", "coordinates": [[[[48.2754, 29.6243], [48.1797, 29.6114], [48.0814, 29.7989], [48.1848, 29.9789], [48.3482, 29.7827], [48.3402, 29.6947], [48.2754, 29.6243]]], [[[48.4425, 28.5429], [47.6713, 28.5332], [47.5831, 28.628], [47.5213, 28.8378], [47.4332, 28.9896], [46.5314, 29.0962], [46.9059, 29.5375], [47.1482, 30.001], [47.3313, 30.0797], [47.6437, 30.0973], [47.9787, 29.9828], [48.0057, 29.8358], [48.1435, 29.5725], [47.9696, 29.6167], [47.7227, 29.393], [47.8453, 29.3657], [47.9981, 29.3855], [48.0515, 29.3554], [48.1838, 28.9794], [48.3393, 28.7633], [48.3896, 28.6316], [48.4425, 28.5429]]]]}}, {"type": "Feature", "properties": {"name": "Kyrgyzstan", "iso3": "KGZ", "label": [73.361, 41.0226]}, "geometry": {"type": "MultiPolygon", "coordinates": [[[[70.958, 40.2389], [71.3047, 40.2869], [71.5204, 40.209], [71.6299, 40.2171], [71.6925, 40.1523], [71.9557, 40.2586], [72.1312, 40.4386], [72.2328, 40.4544], [72.3577, 40.4017], [72.406, 40.4631], [72.3697, 40.5197], [72.4021, 40.5781], [72.6041, 40.5254], [72.7738, 40.6504], [73.1369, 40.8106], [72.99, 40.8601], [72.8666, 40.8423], [72.6583, 40.8699], [72.3641, 41.0435], [72.1873, 41.0259], [72.1643, 41.1737], [71.8786, 41.195], [71.858, 41.3114], [71.7925, 41.4131], [71.7007, 41.454], [71.6649, 41.5412], [71.6022, 41.5033], [71.5855, 41.3333], [71.5, 41.3075], [71.4209, 41.3419], [71.3931, 41.1234], [71.1107, 41.1526], [70.8604, 41.2249], [70.7824, 41.2625], [70.6889, 41.4498], [70.4714, 41.4126], [70.177, 41.54], [70.181, 41.5714], [70.455, 41.725], [70.6309, 41.8755], [70.8033, 41.9227], [70.8566, 42.0308], [71.2285, 42.1629], [71.2127, 42.2064], [71.036, 42.2847], [70.9468, 42.2487], [70.8929, 42.34], [71.002, 42.4591], [71.0228, 42.5354], [71.1674, 42.6674], [71.2566, 42.7335], [71.4221, 42.7832], [71.5143, 42.7669], [71.8168, 42.8222], [72.2758, 42.7577], [72.7529, 42.6379], [72.8551, 42.5611], [73.2829, 42.5041], [73.4116, 42.4198], [73.493, 42.409], [73.4219, 42.5935], [73.5563, 43.0028], [73.612, 43.0479], [73.886, 43.1326], [73.9492, 43.195], [74.1459, 43.1941], [74.2091, 43.2404], [74.8176, 42.9782], [75.3662, 42.837], [75.6356, 42.8146], [75.7896, 42.9329], [75.8403, 42.9375], [76.5092, 42.9189], [76.9881, 42.9736], [77.2355, 42.9126], [77.8017, 42.8952], [78.0231, 42.8575], [78.5242, 42.8646], [78.8852, 42.7749], [79.1267, 42.7757], [79.203, 42.666], [79.4282, 42.4835], [79.9211, 42.4131], [80.2094, 42.19], [80.2462, 42.0598], [80.2162, 42.0324], [79.8404, 41.9958], [79.7661, 41.8989], [79.2936, 41.7828], [78.4429, 41.4175], [78.3624, 41.3716], [78.3463, 41.2814], [78.1234, 41.0756], [77.8152, 41.0556], [77.5817, 40.9928], [76.9077, 41.0242], [76.824, 40.9823], [76.6611, 40.7796], [76.4802, 40.4495], [76.3186, 40.3522], [76.2583, 40.4308], [76.1566, 40.3765], [76.0043, 40.3714], [75.872, 40.3032], [75.6771, 40.3058], [75.5556, 40.6252], [75.241, 40.4803], [75.1113, 40.4541], [74.8352, 40.4826], [74.8013, 40.4285], [74.8305, 40.3285], [74.6799, 40.3106], [74.4119, 40.1372], [73.9916, 40.0431], [73.8354, 39.8001], [73.9071, 39.5785], [73.8229, 39.489], [73.7157, 39.4623], [73.4704, 39.4606], [73.235, 39.3746], [73.1093, 39.3619], [72.5634, 39.3772], [72.3577, 39.3369], [72.23, 39.2075], [72.0428, 39.3521], [71.7786, 39.278], [71.7257, 39.3066], [71.7322, 39.423], [71.5033, 39.4788], [71.5174, 39.5539], [71.4703, 39.6037], [71.065, 39.4934], [71.0049, 39.4119], [70.7993, 39.3947], [70.7331, 39.4133], [70.6078, 39.5644], [70.5012, 39.5874], [70.2448, 39.5426], [70.1711, 39.5842], [70.1368, 39.5576], [69.956, 39.5531], [69.5988, 39.5738], [69.2977, 39.5248], [69.2291, 39.7611], [69.2788, 39.9178], [69.3072, 39.9686], [69.4319, 39.9098], [69.4763, 39.9197], [69.4688, 40.0208], [69.5303, 40.0973], [69.9668, 40.2022], [70.4514, 40.0492], [70.5151, 39.9499], [70.6241, 39.999], [70.6443, 40.0834], [70.9464, 40.1876], [70.9609, 40.2207], [70.958, 40.2389]], [[71.2062, 39.8926], [71.1793, 39.9798], [71.2287, 40.0481], [71.0804, 40.0799], [71.0055, 40.1523], [70.9606, 40.088], [71.0448, 39.9925], [71.0117, 39.8951], [71.1562, 39.8834], [71.2062, 39.8926]], [[71.7797, 39.9502], [71.7899, 39.9953], [71.6813, 39.9687], [71.6689, 39.9461], [71.7529, 39.9071], [71.7797, 39.9502]], [[70.7017, 39.8253], [70.4828, 39.8827], [70.5596, 39.7909], [70.6121, 39.7868], [70.7017, 39.8253]]]]}}, {"type": "Feature", "properties": {"name": "Laos", "iso3": "LAO", "label": [103.7959, 18.4369]}, "geometry": {"type": "MultiPolygon", "coordinates": [[[[102.1274, 22.3792], [102.4875, 21.9578], [102.5825, 21.9043], [102.662, 21.676], [102.7386, 21.6779], [102.8159, 21.8074], [102.8452, 21.7348], [102.9496, 21.6813], [102.9486, 21.5698], [102.8512, 21.2659], [103.1045, 20.8916], [103.6351, 20.6971], [103.7145, 20.7169], [103.882, 20.8614], [104.1014, 20.9455], [104.3496, 20.8211], [104.5832, 20.6467], [104.5327, 20.5549], [104.3678, 20.4414], [104.6188, 20.3745], [104.6987, 20.2053], [104.8479, 20.2024], [104.9292, 20.0828], [104.9279, 20.0181], [104.8151, 19.904], [104.7432, 19.7547], [104.5879, 19.6187], [104.2599, 19.6855], [104.032, 19.6751], [104.0135, 19.6465], [104.0629, 19.4826], [104.0275, 19.4205], [103.8964, 19.34], [103.8916, 19.305], [104.7165, 18.8034], [104.9932, 18.7283], [105.1465, 18.651], [105.087, 18.4962], [105.1146, 18.4053], [105.3335, 18.1896], [105.4582, 18.1543], [105.5885, 17.9837], [105.6272, 17.8344], [105.6914, 17.7378], [106.0062, 17.4153], [106.2695, 17.2168], [106.426, 17.0025], [106.5022, 16.9541], [106.5462, 16.6507], [106.6564, 16.4926], [106.7396, 16.4525], [106.8511, 16.5156], [106.9307, 16.3531], [107.0697, 16.2798], [107.2174, 16.1363], [107.3964, 16.043], [107.392, 15.9517], [107.1659, 15.8025], [107.2794, 15.6187], [107.5643, 15.3916], [107.6531, 15.2552], [107.5553, 15.057], [107.4804, 14.9799], [107.5245, 14.8718], [107.5194, 14.7051], [107.4147, 14.5629], [107.2927, 14.5924], [107.1094, 14.4167], [107.0302, 14.4257], [106.9381, 14.3273], [106.8199, 14.3147], [106.5015, 14.5782], [106.355, 14.4548], [106.2254, 14.4762], [106.1652, 14.3724], [105.9789, 14.343], [106.1247, 14.0491], [106.0668, 13.9212], [105.9045, 13.9245], [105.7397, 14.085], [105.5315, 14.1562], [105.3502, 14.1096], [105.2457, 14.2005], [105.1833, 14.3462], [105.4227, 14.4716], [105.4974, 14.5907], [105.5467, 14.9325], [105.4904, 15.1276], [105.4904, 15.2566], [105.5132, 15.3609], [105.6156, 15.4883], [105.641, 15.6565], [105.6221, 15.7], [105.3989, 15.8299], [105.3756, 15.9422], [105.4062, 15.9875], [105.0472, 16.1603], [104.9499, 16.3399], [104.8193, 16.4661], [104.7506, 16.6476], [104.7436, 16.8844], [104.816, 17.3003], [104.7396, 17.4617], [104.4281, 17.699], [103.9496, 18.319], [103.8988, 18.2953], [103.7923, 18.3165], [103.488, 18.4182], [103.2883, 18.4084], [103.2518, 18.3735], [103.2632, 18.2785], [103.1485, 18.2217], [103.0514, 18.0285], [102.9914, 17.9862], [102.8074, 17.9456], [102.6606, 17.818], [102.6168, 17.8333], [102.5982, 17.9268], [102.5525, 17.9651], [102.4588, 17.9846], [102.1015, 18.2106], [101.9475, 18.0815], [101.7748, 18.0334], [101.6875, 17.8894], [101.4137, 17.7188], [101.1675, 17.499], [101.1052, 17.4795], [100.9085, 17.5839], [101.1439, 18.1426], [101.1375, 18.2869], [101.047, 18.442], [101.1655, 18.6183], [101.2863, 18.9771], [101.2799, 19.0889], [101.1976, 19.3279], [101.2119, 19.5483], [100.9665, 19.6108], [100.7439, 19.5147], [100.6255, 19.4999], [100.5136, 19.5535], [100.4201, 19.6445], [100.3977, 19.7561], [100.5431, 20.0887], [100.5195, 20.1779], [100.318, 20.3859], [100.2181, 20.3396], [100.1397, 20.2454], [100.1149, 20.2577], [100.1297, 20.3722], [100.2493, 20.7303], [100.3261, 20.7957], [100.5651, 20.8251], [100.6229, 20.8596], [100.5223, 20.9219], [100.5361, 20.9924], [100.6137, 21.0593], [100.7031, 21.2514], [100.7566, 21.3126], [100.9275, 21.3662], [101.0804, 21.4687], [101.1389, 21.5675], [101.1967, 21.5221], [101.1754, 21.4075], [101.2479, 21.1973], [101.5424, 21.2343], [101.7048, 21.1501], [101.8006, 21.2126], [101.7229, 21.3149], [101.7365, 21.8265], [101.6029, 21.9897], [101.5245, 22.2537], [101.6199, 22.3274], [101.7075, 22.4866], [101.76, 22.4903], [101.8418, 22.3885], [101.9454, 22.4394], [102.0915, 22.4123], [102.1274, 22.3792]]]]}}, {"type": "Feature", "properties": {"name": "Lebanon", "iso3": "LBN", "label": [35.9709, 33.8606]}, "geometry": {"type": "MultiPolygon", "coordinates": [[[[35.9763, 34.6292], [36.2636, 34.6329], [36.2963, 34.6787], [36.3839, 34.6579], [36.433, 34.6135], [36.3299, 34.4996], [36.5044, 34.4324], [36.585, 34.2212], [36.4575, 34.0568], [36.3549, 34.0113], [36.2778, 33.9253], [36.365, 33.8394], [36.0922, 33.8316], [36.0188, 33.7839], [35.9424, 33.6676], [36.0267, 33.5979], [36.0223, 33.5625], [35.6029, 33.2406], [35.5793, 33.2715], [35.5325, 33.2505], [35.4932, 33.1195], [35.4112, 33.0757], [35.1086, 33.0837], [35.6118, 34.0322], [35.6479, 34.2482], [35.8043, 34.4374], [35.9779, 34.5474], [35.9763, 34.6292]]]]}}, {"type": "Feature", "properties": {"name": "Macao", "iso3": "MAC", "label": [113.5041, 22.2155]}, "geometry": {"type": "MultiPolygon", "coordinates": [[[[113.4789, 22.1956], [113.4941, 22.2416], [113.5481, 22.2226], [113.4842, 22.1978], [113.4789, 22.1956]]]]}}, {"type": "Feature", "properties": {"name": "Malaysia", "iso3": "MYS", "label": [114.778, 3.694]}, "geometry": {"type": "MultiPolygon", "coordinates": [[[[100.1191, 6.442], [100.1768, 6.6718], [100.2614, 6.6827], [100.3454, 6.5499], [100.6295, 6.448], [100.7156, 6.4807], [100.7545, 6.4601], [100.8739, 6.2454], [101.0535, 6.2426], [101.0756, 5.9565], [100.9928, 5.8462], [100.9816, 5.771], [101.114, 5.6368], [101.1906, 5.6688], [101.257, 5.7894], [101.5561, 5.9078], [101.6784, 5.7788], [101.7907, 5.7793], [101.8736, 5.8253], [101.9361, 5.9793], [102.0552, 6.0967], [102.1011, 6.2422], [102.274, 6.2034], [102.3401, 6.172], [102.5344, 5.8625], [103.0971, 5.4084], [103.4158, 4.8503], [103.4539, 4.6695], [103.4688, 4.3933], [103.4205, 3.9769], [103.362, 3.7691], [103.3733, 3.6711], [103.4535, 3.5206], [103.4295, 3.3786], [103.4395, 2.9331], [103.5373, 2.7748], [103.8122, 2.5805], [104.2186, 1.7229], [104.2885, 1.4807], [104.2501, 1.3886], [104.1764, 1.3649], [104.1149, 1.4123], [104.0762, 1.5298], [103.9814, 1.6236], [103.9915, 1.4548], [103.8168, 1.4766], [103.6945, 1.4497], [103.5498, 1.3328], [103.4803, 1.3295], [103.3568, 1.5461], [102.7271, 1.8556], [102.5482, 2.0424], [102.1456, 2.2485], [101.8899, 2.4494], [101.7812, 2.5736], [101.5197, 2.6836], [101.4068, 2.8135], [101.2955, 2.8852], [101.3543, 3.0111], [101.2999, 3.2533], [101.0248, 3.6247], [100.8513, 3.7767], [100.7154, 3.9662], [100.7955, 4.0234], [100.661, 4.2257], [100.6146, 4.3734], [100.6146, 4.6522], [100.4734, 5.0443], [100.3526, 5.5877], [100.374, 5.778], [100.3433, 5.9842], [100.2633, 6.1825], [100.1584, 6.3242], [100.1191, 6.442]]], [[[117.5744, 4.1706], [117.4509, 4.1929], [117.2775, 4.2993], [117.1006, 4.3371], [116.5891, 4.3384], [116.5147, 4.3708], [116.4146, 4.3082], [116.2362, 4.3625], [116.1345, 4.3552], [116.0216, 4.2907], [115.8607, 4.348], [115.7824, 4.2538], [115.6788, 4.193], [115.5685, 3.9388], [115.5445, 3.6337], [115.5661, 3.4458], [115.5143, 3.3424], [115.4932, 3.1281], [115.4544, 3.0343], [115.3102, 2.9939], [115.247, 3.0259], [115.1176, 2.8949], [115.0863, 2.8411], [115.0808, 2.6342], [115.1809, 2.5669], [115.1791, 2.5232], [114.9691, 2.3508], [114.7864, 2.2505], [114.7587, 2.1624], [114.8306, 1.98], [114.8, 1.8939], [114.7035, 1.8508], [114.6322, 1.617], [114.5125, 1.452], [114.3871, 1.5], [113.9023, 1.4343], [113.6223, 1.2359], [113.5132, 1.3084], [113.0065, 1.4339], [112.9883, 1.5476], [112.943, 1.567], [112.4762, 1.5591], [112.1857, 1.4391], [112.0785, 1.1434], [111.9231, 1.1133], [111.809, 1.0117], [111.6074, 1.0226], [111.4832, 0.9958], [111.1014, 1.0505], [110.5058, 0.862], [110.3152, 0.996], [109.7357, 1.5229], [109.654, 1.6149], [109.6358, 1.7767], [109.5489, 1.8483], [109.539, 1.8962], [109.6289, 2.0275], [109.7196, 1.8578], [109.8648, 1.7645], [110.1141, 1.6986], [110.3492, 1.7197], [110.6752, 1.548], [110.8949, 1.5325], [111.0984, 1.4009], [111.2232, 1.3959], [111.058, 1.4867], [111.0287, 1.5578], [111.0466, 1.6336], [111.1542, 1.7388], [111.17, 1.9023], [111.2509, 2.0639], [111.2682, 2.1397], [111.2089, 2.1977], [111.1955, 2.2972], [111.2422, 2.4357], [111.3514, 2.3645], [111.4438, 2.3815], [111.4433, 2.6343], [111.5125, 2.743], [111.6232, 2.818], [112.7373, 3.0705], [113.0447, 3.2052], [113.4461, 3.7406], [113.9239, 4.2432], [114.0125, 4.5752], [114.0639, 4.5927], [114.1688, 4.527], [114.2241, 4.4779], [114.3229, 4.2628], [114.4166, 4.2559], [114.5718, 4.0491], [114.6541, 4.0376], [114.7762, 4.1688], [114.8104, 4.2665], [114.7835, 4.2808], [114.8402, 4.3932], [114.7901, 4.4639], [114.7467, 4.7181], [115.0268, 4.8997], [115.0268, 4.6914], [115.107, 4.3904], [115.2467, 4.3472], [115.3192, 4.3653], [115.2279, 4.7506], [115.14, 4.8998], [115.3749, 4.9328], [115.5545, 5.0936], [115.582, 5.1941], [115.4669, 5.2541], [115.4217, 5.3305], [115.419, 5.4132], [115.6039, 5.6034], [115.6245, 5.5489], [115.7408, 5.533], [115.7969, 5.5361], [115.8771, 5.6135], [115.9185, 5.725], [116.0598, 5.8824], [116.1384, 6.1295], [116.4947, 6.5217], [116.7762, 6.9902], [116.833, 6.9521], [116.8498, 6.8267], [116.7881, 6.6061], [116.9133, 6.6597], [117.1285, 6.9689], [117.2524, 6.9192], [117.2453, 6.8334], [117.294, 6.6769], [117.6457, 6.4737], [117.6956, 6.2723], [117.6159, 6.1965], [117.6445, 6.0019], [117.6172, 5.9407], [117.5012, 5.8847], [117.8177, 5.9404], [118.0038, 6.0533], [118.1158, 5.8625], [117.9348, 5.7875], [117.9736, 5.7062], [118.1446, 5.7542], [118.2491, 5.8206], [118.3531, 5.8061], [118.5142, 5.7289], [118.5948, 5.5921], [118.9573, 5.429], [119.1784, 5.4309], [119.2556, 5.3659], [119.2497, 5.1987], [119.1322, 5.1005], [118.6721, 4.9641], [118.3818, 5.0185], [118.2605, 4.9889], [118.1854, 4.8285], [118.3242, 4.6687], [118.5625, 4.5021], [118.5951, 4.4606], [118.5483, 4.3792], [118.0082, 4.2502], [117.6965, 4.3428], [117.6038, 4.2], [117.5744, 4.1706]]], [[[104.2216, 2.7317], [104.1469, 2.7282], [104.1291, 2.7672], [104.1848, 2.8717], [104.2232, 2.7742], [104.2216, 2.7317]]], [[[100.289, 5.2947], [100.2638, 5.267], [100.191, 5.2829], [100.2039, 5.4469], [100.2455, 5.4678], [100.3389, 5.4101], [100.289, 5.2947]]], [[[99.848, 6.4657], [99.9187, 6.3586], [99.8658, 6.2971], [99.8232, 6.3127], [99.7438, 6.2633], [99.6463, 6.4184], [99.7492, 6.4096], [99.8217, 6.445], [99.848, 6.4657]]], [[[117.1416, 7.1682], [117.0807, 7.1153], [117.0643, 7.2607], [117.1469, 7.337], [117.2641, 7.3517], [117.2808, 7.2906], [117.2394, 7.1848], [117.1416, 7.1682]]], [[[101.3186, 2.9885], [101.2681, 2.9704], [101.2654, 2.9965], [101.3112, 3.0674], [101.3284, 3.0476], [101.3186, 2.9885]]], [[[111.3893, 2.4153], [111.3587, 2.4022], [111.3115, 2.4376], [111.3004, 2.7412], [111.3335, 2.7683], [111.3783, 2.7093], [111.3805, 2.4589], [111.3893, 2.4153]]], [[[117.8848, 4.1861], [117.649, 4.169], [117.6621, 4.2502], [117.7614, 4.2523], [117.8848, 4.1861]]]]}}, {"type": "Feature", "properties": {"name": "Mongolia", "iso3": "MNG", "label": [102.8787, 47.7774]}, "geometry": {"type": "MultiPolygon", "coordinates": [[[[87.8143, 49.1623], [87.9348, 49.1646], [88.1157, 49.2563], [88.1926, 49.4517], [88.6332, 49.4861], [88.8316, 49.4484], [88.9002, 49.5397], [89.0084, 49.4728], [89.1095, 49.5014], [89.18, 49.5322], [89.2439, 49.6271], [89.3956, 49.6115], [89.6541, 49.7175], [89.6438, 49.903], [89.9773, 49.9843], [90.0537, 50.0938], [90.6551, 50.2224], [90.7607, 50.306], [91.0216, 50.4155], [91.415, 50.468], [91.4465, 50.5222], [91.8043, 50.6936], [92.1924, 50.7006], [92.2958, 50.8498], [92.3548, 50.8642], [92.6267, 50.6883], [92.7387, 50.7109], [92.7793, 50.7787], [92.9413, 50.7782], [93.0099, 50.6545], [93.1031, 50.6039], [94.2511, 50.5564], [94.3547, 50.2218], [94.6147, 50.0237], [94.9303, 50.0438], [95.1114, 49.9354], [95.3856, 49.9412], [95.5227, 49.9112], [95.7894, 50.0125], [95.852, 50.0129], [95.9357, 49.96], [96.0655, 49.9987], [96.315, 49.9011], [96.5058, 49.9187], [96.5984, 49.8784], [96.7117, 49.9116], [96.9857, 49.8828], [97.2086, 49.7308], [97.3598, 49.7415], [97.5408, 49.8431], [97.5894, 49.9115], [97.8539, 49.9468], [98.0039, 50.0143], [98.1034, 50.0778], [98.2503, 50.3024], [98.2795, 50.5333], [98.145, 50.5686], [98.0298, 50.6446], [97.9531, 50.8552], [97.8253, 50.9853], [97.8357, 51.0517], [97.9108, 51.1652], [97.9469, 51.3484], [98.0376, 51.45], [98.2199, 51.5056], [98.3527, 51.7176], [98.6405, 51.8012], [98.8025, 51.9575], [98.8932, 52.1173], [99.0343, 52.0354], [99.407, 51.9235], [99.7192, 51.8716], [99.9217, 51.7555], [100.4689, 51.7261], [101.3812, 51.4526], [101.5709, 51.4672], [102.1115, 51.3535], [102.1557, 51.3138], [102.215, 50.8294], [102.3166, 50.7185], [102.2884, 50.5851], [102.3364, 50.5442], [102.4694, 50.5257], [102.6833, 50.3872], [103.1617, 50.2907], [103.3044, 50.2003], [103.6329, 50.1386], [103.8026, 50.1761], [104.0787, 50.1542], [104.1797, 50.1694], [104.4663, 50.3062], [105.0947, 50.3899], [105.3836, 50.4737], [105.8752, 50.4054], [106.2179, 50.3046], [106.7111, 50.3126], [107.2333, 49.9894], [107.9166, 49.9478], [107.9654, 49.6535], [108.4069, 49.3964], [108.6137, 49.3228], [109.2367, 49.3349], [110.1999, 49.1704], [110.4278, 49.22], [110.6311, 49.1376], [110.7098, 49.143], [111.3366, 49.3559], [111.4293, 49.3426], [112.0797, 49.4242], [112.4949, 49.5323], [112.8064, 49.5236], [113.0556, 49.6163], [113.1642, 49.7972], [113.5742, 50.007], [114.2971, 50.2744], [114.7432, 50.2337], [115.0033, 50.1386], [115.2745, 49.9489], [115.4292, 49.8965], [115.7178, 49.8806], [116.1346, 50.0108], [116.3512, 49.9781], [116.5512, 49.9203], [116.6833, 49.8238], [116.0255, 48.7823], [115.8205, 48.5772], [115.7855, 48.2482], [115.5251, 48.1309], [115.5576, 47.945], [115.6164, 47.8748], [115.8982, 47.6869], [116.2312, 47.8582], [116.5135, 47.8396], [116.7605, 47.8698], [117.0697, 47.8064], [117.3508, 47.6522], [117.7684, 47.9879], [118.1471, 48.0289], [118.4984, 47.984], [118.76, 47.7576], [119.0819, 47.6542], [119.1624, 47.5252], [119.2908, 47.4727], [119.326, 47.4102], [119.7111, 47.15], [119.8979, 46.8578], [119.8959, 46.7329], [119.8672, 46.6722], [119.7066, 46.606], [119.1621, 46.6387], [118.8439, 46.7602], [118.7229, 46.6919], [118.3087, 46.717], [118.0713, 46.6666], [117.9104, 46.6193], [117.7412, 46.5182], [117.5469, 46.5883], [117.4381, 46.5862], [117.3334, 46.362], [116.8591, 46.3879], [116.5626, 46.2898], [116.5167, 46.2091], [116.3576, 46.0966], [116.213, 45.8869], [116.2406, 45.796], [116.1977, 45.7394], [115.9342, 45.6262], [115.6811, 45.4583], [115.1626, 45.3902], [114.9192, 45.3783], [114.7388, 45.4196], [114.5602, 45.39], [114.4191, 45.2026], [114.0803, 44.9711], [113.587, 44.7457], [112.7067, 44.8834], [112.5968, 44.9177], [112.4113, 45.0582], [111.898, 45.0641], [111.6213, 44.8271], [111.4022, 44.3673], [111.6026, 44.1071], [111.8369, 43.9347], [111.9317, 43.8149], [111.9332, 43.7114], [111.7711, 43.6646], [111.5474, 43.4963], [111.0072, 43.3414], [110.4004, 42.7737], [109.3398, 42.4384], [108.6873, 42.4161], [108.1712, 42.4473], [106.77, 42.2887], [105.1971, 41.738], [104.982, 41.5955], [104.8604, 41.6437], [104.4982, 41.6587], [104.4982, 41.877], [103.7111, 41.7513], [103.0729, 42.006], [102.1566, 42.1581], [101.9729, 42.2159], [101.66, 42.5], [101.4953, 42.5388], [101.092, 42.5513], [99.9838, 42.6773], [99.4679, 42.5682], [97.2057, 42.7898], [96.3854, 42.7204], [96.2995, 42.9287], [95.8596, 43.276], [95.842, 43.3837], [95.5256, 43.954], [95.3256, 44.0394], [95.3503, 44.2781], [95.0498, 44.2594], [94.712, 44.3508], [94.3647, 44.5195], [94.1993, 44.6452], [93.9579, 44.675], [93.6564, 44.901], [93.5162, 44.9445], [92.7879, 45.0357], [92.4238, 45.0089], [92.0298, 45.0685], [91.5844, 45.0765], [91.441, 45.1248], [91.3121, 45.1181], [91.05, 45.2174], [90.8772, 45.1961], [90.6618, 45.5252], [90.7097, 45.7308], [91.0018, 46.0358], [90.9115, 46.2707], [91.0289, 46.5661], [90.9857, 46.749], [90.8699, 46.9545], [90.7155, 47.0039], [90.4962, 47.2852], [90.3307, 47.6552], [90.1032, 47.7454], [90.0279, 47.8777], [89.9587, 47.8863], [89.9104, 47.8443], [89.7781, 47.827], [89.6385, 47.9091], [89.5609, 48.004], [89.4792, 48.0291], [89.3299, 48.0249], [89.1963, 47.9809], [89.0477, 48.0025], [88.9178, 48.089], [88.576, 48.2202], [88.5171, 48.3845], [87.9797, 48.5551], [87.9723, 48.6033], [88.0601, 48.7072], [87.8318, 48.7916], [87.7432, 48.8816], [87.8722, 49.0001], [87.8252, 49.1163], [87.8143, 49.1623]]]]}}, {"type": "Feature", "properties": {"name": "Myanmar", "iso3": "MMR", "label": [96.9374, 19.9724]}, "geometry": {"type": "MultiPolygon", "coordinates": [[[[100.1225, 20.3166], [99.8903, 20.4244], [99.7201, 20.3254], [99.4589, 20.363], [99.4859, 20.1499], [99.3379, 20.0789], [99.1969, 20.1151], [99.0742, 20.0994], [99.0207, 20.0418], [98.9874, 19.8614], [98.9167, 19.7729], [98.7606, 19.7711], [98.3713, 19.6892], [98.2391, 19.6907], [98.111, 19.7622], [98.015, 19.7495], [97.9912, 19.6537], [97.8168, 19.46], [97.8039, 19.1305], [97.7142, 18.9965], [97.7061, 18.9318], [97.7459, 18.5882], [97.5151, 18.4978], [97.3739, 18.518], [97.4508, 18.3597], [97.5238, 18.2959], [97.6322, 18.2903], [97.7399, 17.9353], [97.7064, 17.7971], [98.2565, 17.1477], [98.4389, 16.9757], [98.4781, 16.7322], [98.6607, 16.3304], [98.6893, 16.3054], [98.8354, 16.4176], [98.8883, 16.3519], [98.8655, 16.2371], [98.818, 16.1808], [98.5924, 16.0507], [98.5569, 15.3677], [98.4521, 15.3574], [98.191, 15.2041], [98.2021, 14.9759], [98.246, 14.8147], [98.57, 14.3599], [98.9336, 14.0499], [99.1368, 13.7167], [99.1762, 13.2331], [99.1074, 13.1035], [99.1239, 13.0308], [99.1735, 12.9613], [99.2198, 12.7397], [99.4051, 12.5479], [99.3942, 12.4736], [99.4629, 12.1902], [99.5229, 12.0896], [99.6147, 11.7812], [99.5729, 11.6872], [99.4779, 11.6125], [99.1901, 11.1053], [98.7572, 10.6609], [98.7684, 10.4309], [98.7025, 10.1904], [98.658, 10.1791], [98.5626, 10.035], [98.4969, 10.1825], [98.523, 10.3531], [98.4649, 10.6758], [98.5356, 10.7407], [98.6756, 10.9869], [98.6826, 11.1331], [98.7447, 11.2404], [98.7414, 11.5917], [98.876, 11.7197], [98.8048, 11.7792], [98.6937, 11.7184], [98.6363, 11.7384], [98.6449, 11.9103], [98.6895, 11.9567], [98.6639, 12.1267], [98.6963, 12.2252], [98.6003, 12.2453], [98.6787, 12.3485], [98.6244, 12.4407], [98.6646, 12.5399], [98.6632, 12.6624], [98.576, 13.1619], [98.4871, 13.2931], [98.4213, 13.4838], [98.2454, 13.7335], [98.239, 13.9345], [98.2004, 13.9802], [98.1495, 13.6476], [98.1106, 13.7129], [98.0727, 13.9865], [98.1002, 14.1615], [97.9984, 14.3353], [97.9098, 14.6527], [97.9293, 14.6956], [98.0187, 14.6526], [97.9365, 14.7639], [97.8691, 14.7387], [97.8123, 14.8589], [97.7998, 15.1849], [97.7438, 15.3068], [97.7742, 15.431], [97.7104, 15.8755], [97.5843, 16.0196], [97.6406, 16.2539], [97.6337, 16.4577], [97.726, 16.5686], [97.3759, 16.5229], [97.2117, 16.8926], [97.1783, 17.062], [97.2002, 17.0954], [96.8515, 17.401], [96.9098, 17.3048], [96.8509, 17.2029], [96.9086, 17.031], [96.7654, 16.7104], [96.6225, 16.5639], [96.4312, 16.5049], [96.3644, 16.5205], [96.2822, 16.596], [96.2489, 16.7653], [96.1891, 16.7683], [96.2367, 16.5674], [96.3243, 16.4444], [96.1351, 16.3425], [96.0429, 16.3399], [96.0123, 16.2537], [95.7633, 16.169], [95.6795, 15.9768], [95.5557, 15.8378], [95.3896, 15.7228], [95.3015, 15.7562], [95.3078, 15.8804], [95.3647, 15.9854], [95.3468, 16.0976], [95.333, 16.0333], [95.177, 15.8257], [94.9426, 15.8183], [94.8912, 15.9791], [94.8932, 16.1828], [94.7981, 15.9711], [94.6615, 15.9044], [94.6514, 16.0648], [94.7199, 16.3987], [94.7033, 16.5119], [94.6652, 16.3361], [94.5875, 16.2888], [94.4416, 16.0944], [94.299, 16.0076], [94.2238, 16.0165], [94.2713, 16.5173], [94.3534, 16.6399], [94.4, 16.8682], [94.4524, 16.9545], [94.4731, 17.1354], [94.5645, 17.3085], [94.589, 17.5693], [94.4943, 17.8246], [94.4308, 18.2017], [94.1707, 18.7324], [94.2457, 18.7412], [94.07, 18.8934], [94.0449, 19.2874], [94.0016, 19.1818], [93.941, 19.1461], [93.9681, 18.9951], [93.9292, 18.8997], [93.7055, 19.0269], [93.4931, 19.3695], [93.5786, 19.4012], [93.728, 19.2665], [93.8249, 19.2385], [93.962, 19.3293], [93.9981, 19.4409], [93.8396, 19.5341], [93.7396, 19.6973], [93.6117, 19.7761], [93.707, 19.9122], [93.5818, 19.9096], [93.4096, 20.0383], [93.25, 20.0701], [93.1566, 20.0408], [93.199, 19.8983], [93.1906, 19.8512], [93.1295, 19.858], [93.002, 20.0749], [93.0955, 20.1813], [93.0151, 20.1853], [93.0668, 20.3776], [93.0354, 20.4062], [92.9907, 20.288], [92.8821, 20.1521], [92.7912, 20.2114], [92.8911, 20.3403], [92.8507, 20.4148], [92.709, 20.564], [92.7229, 20.2956], [92.608, 20.4699], [92.3783, 20.7176], [92.3241, 20.7918], [92.1796, 21.2931], [92.2797, 21.4276], [92.3306, 21.4398], [92.5392, 21.3198], [92.5686, 21.2633], [92.5998, 21.2702], [92.6316, 21.3062], [92.5935, 21.4673], [92.5749, 21.9781], [92.6304, 22.0113], [92.689, 22.131], [92.7714, 22.1048], [92.8543, 22.0102], [92.9646, 22.0038], [93.043, 22.184], [93.1512, 22.2306], [93.162, 22.3602], [93.0787, 22.7182], [93.1625, 22.908], [93.1642, 23.032], [93.308, 23.0304], [93.3494, 23.085], [93.3913, 23.3392], [93.4149, 23.6821], [93.3073, 24.0219], [93.3263, 24.0642], [93.3556, 24.0741], [93.4938, 23.9729], [93.6834, 24.0065], [94.1276, 23.8765], [94.2931, 24.3219], [94.5841, 24.7672], [94.7076, 25.0487], [94.6753, 25.1386], [94.553, 25.2157], [94.5799, 25.3198], [94.6678, 25.4589], [94.7858, 25.5193], [94.9457, 25.7002], [94.992, 25.7705], [95.0152, 25.9129], [95.1324, 26.0413], [95.0689, 26.1911], [95.0509, 26.3473], [95.0598, 26.474], [95.1287, 26.5973], [95.4639, 26.7561], [95.9053, 27.0466], [96.0614, 27.2171], [96.1908, 27.2613], [96.7316, 27.3315], [96.9534, 27.1333], [97.0381, 27.1021], [97.1021, 27.1154], [97.1037, 27.1633], [96.902, 27.4396], [96.8769, 27.5867], [96.9628, 27.6983], [97.3352, 27.9377], [97.3392, 28.0309], [97.3027, 28.086], [97.3225, 28.218], [97.5379, 28.5102], [97.6589, 28.5], [97.769, 28.3562], [97.8876, 28.3565], [98.0989, 28.1423], [98.1305, 27.9676], [98.2988, 27.5501], [98.3505, 27.5381], [98.4089, 27.6395], [98.4525, 27.6572], [98.6512, 27.5725], [98.7394, 26.6981], [98.6719, 26.2985], [98.6855, 26.1894], [98.6632, 26.1395], [98.572, 26.1141], [98.5641, 26.0724], [98.6562, 25.8636], [98.6254, 25.8267], [98.4655, 25.7889], [98.3338, 25.5868], [98.1726, 25.5945], [98.1429, 25.5711], [98.0996, 25.4157], [98.0107, 25.2925], [97.918, 25.2361], [97.8195, 25.2519], [97.7149, 25.0343], [97.7379, 24.8699], [97.5833, 24.7748], [97.5294, 24.6312], [97.5314, 24.4917], [97.6666, 24.38], [97.7082, 24.2288], [97.6906, 24.1308], [97.5683, 23.9885], [97.5646, 23.911], [97.686, 23.8981], [98.0169, 24.0654], [98.2125, 24.1106], [98.4994, 24.1157], [98.5834, 24.0698], [98.8351, 24.1212], [98.6768, 23.9051], [98.6809, 23.8418], [98.7877, 23.7378], [98.8322, 23.6244], [98.7979, 23.5204], [98.8826, 23.3803], [98.8638, 23.1913], [99.4181, 23.0692], [99.4646, 23.0462], [99.5071, 22.9591], [99.3852, 22.8251], [99.3383, 22.6887], [99.3377, 22.498], [99.2054, 22.2826], [99.1724, 22.1925], [99.193, 22.126], [99.9177, 22.028], [99.9479, 21.9883], [99.9407, 21.7587], [99.9782, 21.7016], [100.0955, 21.6606], [100.1168, 21.5112], [100.2147, 21.463], [100.3506, 21.501], [100.5313, 21.4581], [100.6046, 21.4718], [100.8352, 21.6552], [101.0798, 21.7559], [101.1309, 21.7355], [101.1473, 21.5816], [101.0804, 21.4687], [100.9275, 21.3662], [100.7566, 21.3126], [100.7031, 21.2514], [100.6137, 21.0593], [100.5361, 20.9924], [100.5223, 20.9219], [100.6229, 20.8596], [100.5651, 20.8251], [100.3261, 20.7957], [100.2493, 20.7303], [100.1297, 20.3722], [100.1225, 20.3166]]], [[[98.2098, 10.9527], [98.2935, 10.7797], [98.2715, 10.7399], [98.1554, 10.8979], [98.0805, 10.8866], [98.1673, 10.9803], [98.2098, 10.9527]]], [[[98.1826, 9.9334], [98.1181, 9.8779], [98.1402, 9.9747], [98.2207, 10.0452], [98.2917, 10.0513], [98.2313, 9.954], [98.1826, 9.9334]]], [[[98.2217, 11.4782], [98.2162, 11.4558], [98.1873, 11.4724], [98.2011, 11.5672], [98.2996, 11.783], [98.2633, 11.5236], [98.2217, 11.4782]]], [[[98.516, 11.905], [98.4743, 11.8994], [98.4662, 12.0843], [98.6096, 11.9566], [98.5765, 11.9251], [98.516, 11.905]]], [[[98.5538, 11.7449], [98.5284, 11.5387], [98.4348, 11.5671], [98.3765, 11.7915], [98.5235, 11.8049], [98.5538, 11.7449]]], [[[98.414, 12.5979], [98.4683, 12.5713], [98.4595, 12.4737], [98.3809, 12.3537], [98.3139, 12.336], [98.3121, 12.6782], [98.3965, 12.6471], [98.414, 12.5979]]], [[[98.1367, 12.1504], [98.0754, 12.1645], [98.0373, 12.2325], [98.0714, 12.2918], [98.1225, 12.2787], [98.1201, 12.1913], [98.1367, 12.1504]]], [[[94.4768, 15.9459], [94.4119, 15.8484], [94.3879, 15.9941], [94.6013, 16.2055], [94.6187, 16.1413], [94.5661, 16.0193], [94.4768, 15.9459]]], [[[97.575, 16.2532], [97.5372, 16.2401], [97.4804, 16.3057], [97.4691, 16.461], [97.542, 16.5051], [97.579, 16.486], [97.5894, 16.3974], [97.575, 16.2532]]], [[[93.6908, 18.6843], [93.5699, 18.7596], [93.4875, 18.8675], [93.6183, 18.8888], [93.7447, 18.8655], [93.7184, 18.7157], [93.6908, 18.6843]]], [[[93.4918, 19.8926], [93.5133, 19.7548], [93.4446, 19.8064], [93.4129, 19.9503], [93.4918, 19.8926]]], [[[93.7148, 19.5583], [93.9457, 19.4286], [93.902, 19.332], [93.8152, 19.2987], [93.7559, 19.3257], [93.7323, 19.4163], [93.644, 19.4951], [93.6884, 19.5444], [93.7148, 19.5583]]], [[[98.5417, 10.9615], [98.4774, 10.9797], [98.5266, 11.087], [98.5417, 10.9615]]], [[[98.0755, 11.6924], [98.0836, 11.6368], [98.0211, 11.6959], [98.0104, 11.8603], [98.0808, 11.7332], [98.0755, 11.6924]]], [[[98.0661, 12.3898], [98.0023, 12.279], [97.9518, 12.3223], [97.9387, 12.3461], [97.9902, 12.3938], [98.0599, 12.3979], [98.0661, 12.3898]]], [[[98.3154, 13.0991], [98.3092, 12.9347], [98.2593, 13.014], [98.2653, 13.2022], [98.2986, 13.1517], [98.3154, 13.0991]]], [[[94.8049, 15.8193], [94.7844, 15.7938], [94.7335, 15.823], [94.828, 15.933], [94.8382, 15.8921], [94.8049, 15.8193]]], [[[93.0102, 19.9239], [93.0232, 19.8289], [92.9127, 19.9998], [92.9146, 20.0865], [92.9596, 20.0462], [93.0102, 19.9239]]]]}}, {"type": "Feature", "properties": {"name": "N. Cyprus", "iso3": "CYN", "label": [33.5332, 35.2025]}, "geometry": {"type": "MultiPolygon", "coordinates": [[[[34.0045, 35.0652], [33.8664, 35.0936], [33.6754, 35.0179], [33.5257, 35.0387], [33.4758, 35.0003], [33.456, 35.1014], [33.3838, 35.1627], [33.191, 35.1731], [32.9195, 35.0878], [32.7841, 35.1158], [32.7127, 35.171], [32.8799, 35.1806], [32.9416, 35.3904], [33.3078, 35.3415], [33.6076, 35.3541], [34.0635, 35.474], [34.4111, 35.6293], [34.5561, 35.6621], [33.942, 35.292], [33.9079, 35.2024], [33.9312, 35.1404], [34.0045, 35.0652]]]]}}, {"type": "Feature", "properties": {"name": "Nepal", "iso3": "NPL", "label": [84.3222, 28.0969]}, "geometry": {"type": "MultiPolygon", "coordinates": [[[[88.1098, 27.8706], [88.1503, 27.8433], [88.147, 27.7492], [88.0241, 27.4089], [87.9844, 27.1339], [88.1572, 26.8073], [88.1615, 26.7248], [88.0549, 26.43], [87.9951, 26.3824], [87.8492, 26.4369], [87.6334, 26.3991], [87.4136, 26.4229], [87.2874, 26.3603], [87.0896, 26.4332], [87.0164, 26.5554], [86.7014, 26.4351], [86.3661, 26.5744], [86.0073, 26.6494], [85.7945, 26.6042], [85.7373, 26.6397], [85.6999, 26.7816], [85.6484, 26.829], [85.5685, 26.8398], [85.293, 26.741], [85.1918, 26.7666], [85.1254, 26.861], [85.0201, 26.8785], [84.6854, 27.041], [84.6102, 27.2987], [84.091, 27.4914], [83.8972, 27.4351], [83.8288, 27.3778], [83.4472, 27.4653], [83.2897, 27.371], [82.7334, 27.519], [82.6773, 27.6734], [82.4514, 27.6718], [81.9877, 27.9138], [81.8526, 27.8671], [81.3108, 28.1764], [81.1689, 28.335], [80.587, 28.6496], [80.5179, 28.6652], [80.4791, 28.6049], [80.4186, 28.612], [80.0707, 28.8302], [80.0517, 28.8703], [80.1305, 29.1004], [80.233, 29.1946], [80.2549, 29.4233], [80.3169, 29.5721], [80.4019, 29.7303], [80.6129, 29.9559], [80.9076, 30.1719], [81.0103, 30.1645], [81.1104, 30.0368], [81.1771, 30.0399], [81.2551, 30.0933], [81.4172, 30.3376], [81.6419, 30.3875], [81.8549, 30.3624], [82.0434, 30.3268], [82.159, 30.1152], [82.2207, 30.0639], [82.4865, 29.9415], [82.8543, 29.6834], [83.014, 29.6181], [83.1555, 29.6126], [83.5835, 29.1836], [83.9359, 29.2795], [84.1014, 29.22], [84.2287, 28.9118], [84.7969, 28.5602], [85.0691, 28.6097], [85.1591, 28.5922], [85.0886, 28.3723], [85.1225, 28.316], [85.6783, 28.2774], [85.8402, 28.1354], [85.9541, 27.9282], [85.9945, 27.9104], [86.0642, 27.9347], [86.0787, 28.0836], [86.137, 28.1144], [86.218, 28.0221], [86.4087, 27.9287], [86.5169, 27.9635], [86.5545, 28.0852], [86.6905, 28.0949], [86.7504, 28.0221], [87.0201, 27.9287], [87.1414, 27.8383], [87.6226, 27.8152], [87.8607, 27.8861], [88.0233, 27.8834], [88.1098, 27.8706]]]]}}, {"type": "Feature", "properties": {"name": "North Korea", "iso3": "PRK", "label": [127.4046, 40.4096]}, "geometry": {"type": "MultiPolygon", "coordinates": [[[[128.3746, 38.6234], [128.1687, 38.3593], [128.039, 38.3085], [127.294, 38.3133], [127.0903, 38.2839], [126.6668, 37.9172], [126.6339, 37.7818], [126.3699, 37.8784], [126.2031, 37.8285], [126.1167, 37.7429], [126.0503, 37.8698], [125.9417, 37.8737], [125.7691, 37.9854], [125.695, 37.9627], [125.5815, 37.815], [125.4493, 37.7302], [125.3578, 37.7248], [125.3107, 37.8435], [124.9888, 37.9314], [125.2467, 38.0568], [125.2067, 38.0815], [124.995, 38.0778], [124.6909, 38.1292], [124.8745, 38.2334], [124.8806, 38.3417], [125.0674, 38.5567], [125.3097, 38.6654], [125.5545, 38.6862], [125.4242, 38.7469], [125.2989, 38.743], [125.1688, 38.8055], [125.1573, 38.8715], [125.4097, 39.2884], [125.3608, 39.5266], [125.1001, 39.5903], [124.7753, 39.7581], [124.7389, 39.7415], [124.7322, 39.6522], [124.6383, 39.6151], [124.5574, 39.7906], [124.3486, 39.9069], [124.3866, 40.1042], [124.8894, 40.4598], [124.9969, 40.4647], [125.0729, 40.5475], [125.4169, 40.6599], [125.5938, 40.779], [125.6451, 40.779], [125.7283, 40.8667], [125.9891, 40.9046], [126.4118, 41.3213], [126.4904, 41.3581], [126.6013, 41.641], [126.9035, 41.7811], [127.0069, 41.742], [127.1797, 41.5313], [127.6877, 41.44], [128.0131, 41.4487], [128.1494, 41.3877], [128.2909, 41.5628], [128.2893, 41.6074], [128.0329, 41.8985], [128.0452, 41.9875], [128.3078, 42.0256], [128.9234, 42.0382], [129.1955, 42.2185], [129.2178, 42.3127], [129.3137, 42.4136], [129.4236, 42.4359], [129.5237, 42.3847], [129.6979, 42.4481], [129.861, 42.9651], [129.8982, 42.9981], [130.0826, 42.9742], [130.2403, 42.8918], [130.2467, 42.7448], [130.3607, 42.6309], [130.4982, 42.5705], [130.6873, 42.3025], [130.6365, 42.2749], [130.4575, 42.3017], [130.2357, 42.1832], [129.7563, 41.7123], [129.6863, 41.595], [129.6824, 41.4943], [129.759, 41.3915], [129.7658, 41.3039], [129.7121, 41.1237], [129.742, 40.9323], [129.7087, 40.8573], [129.3411, 40.7263], [129.1098, 40.4911], [128.7014, 40.3175], [128.5112, 40.1302], [128.3045, 40.0359], [128.1063, 40.0326], [127.9666, 39.9956], [127.8671, 39.8959], [127.5682, 39.782], [127.5274, 39.6957], [127.5489, 39.4611], [127.5229, 39.3774], [127.4574, 39.401], [127.4223, 39.3736], [127.3945, 39.2079], [127.7861, 39.0841], [127.9717, 38.898], [128.3295, 38.6809], [128.3746, 38.6234]]], [[[124.9053, 39.5363], [124.8489, 39.5076], [124.8461, 39.5589], [124.9346, 39.6078], [124.9053, 39.5363]]]]}}, {"type": "Feature", "properties": {"name": "Oman", "iso3": "OMN", "label": [55.8231, 21.0989]}, "geometry": {"type": "MultiPolygon", "coordinates": [[[[58.7221, 20.2188], [58.6409, 20.2107], [58.6412, 20.3374], [58.788, 20.4966], [58.8844, 20.6806], [58.9508, 20.5162], [58.8352, 20.4239], [58.7723, 20.2668], [58.7221, 20.2188]]], [[[53.0856, 16.6484], [52.8006, 17.2679], [52.7292, 17.3004], [51.9776, 18.9961], [54.9773, 19.9959], [55.641, 22.0019], [55.1858, 22.7041], [55.1999, 23.0348], [55.5085, 23.7246], [55.5316, 23.819], [55.4685, 23.9411], [55.5479, 23.9914], [55.9852, 24.0634], [55.9286, 24.2151], [55.7608, 24.2427], [55.8057, 24.3498], [55.7682, 24.4906], [55.8039, 24.6362], [55.7957, 24.8681], [55.9158, 24.9718], [56.0006, 24.9532], [56.0167, 24.9077], [55.9703, 24.8589], [56.0639, 24.7388], [56.388, 24.9792], [56.4898, 24.7164], [56.6406, 24.4703], [56.9125, 24.1502], [57.123, 23.9807], [57.2198, 23.9228], [57.6113, 23.8037], [58.1204, 23.7166], [58.3245, 23.6238], [58.578, 23.6435], [58.773, 23.5172], [59.0299, 23.1306], [59.1947, 22.9719], [59.4294, 22.6608], [59.5352, 22.5785], [59.8232, 22.509], [59.8, 22.2199], [59.3715, 21.4988], [59.0688, 21.2891], [58.8957, 21.1128], [58.4742, 20.4069], [58.3487, 20.3869], [58.209, 20.424], [58.245, 20.5992], [58.1694, 20.5895], [58.1029, 20.5704], [57.8618, 20.2441], [57.7142, 19.6784], [57.8116, 19.0171], [57.6758, 18.9579], [57.1766, 18.9026], [56.826, 18.7535], [56.6551, 18.5874], [56.5508, 18.166], [56.3835, 17.988], [56.2703, 17.9508], [55.6139, 17.8861], [55.4791, 17.8433], [55.2554, 17.5856], [55.2382, 17.5047], [55.2956, 17.3816], [55.2752, 17.3209], [55.0642, 17.0389], [54.7719, 16.9646], [54.5665, 17.0312], [54.0682, 17.0055], [53.9544, 16.9178], [53.6099, 16.76], [53.2978, 16.7233], [53.0856, 16.6484]]], [[[56.2979, 25.6507], [56.2495, 25.6254], [56.1446, 25.6905], [56.1675, 26.0475], [56.0805, 26.0626], [56.1645, 26.207], [56.3056, 26.2352], [56.3787, 26.3563], [56.4298, 26.3272], [56.4164, 26.1087], [56.3736, 25.8046], [56.3072, 25.7093], [56.2979, 25.6507]]], [[[56.2818, 25.2355], [56.2105, 25.2133], [56.2343, 25.3038], [56.2878, 25.2786], [56.2818, 25.2355]]]]}}, {"type": "Feature", "properties": {"name": "Pakistan", "iso3": "PAK", "label": [69.804, 30.1755]}, "geometry": {"type": "MultiPolygon", "coordinates": [[[[76.7669, 35.6617], [77.0486, 35.1099], [77.0009, 34.992], [76.7829, 34.9002], [76.6963, 34.7869], [76.5944, 34.7358], [76.4567, 34.7561], [76.1725, 34.6677], [76.041, 34.6699], [75.7092, 34.5031], [75.4525, 34.5367], [75.1875, 34.639], [74.9519, 34.6459], [74.3004, 34.7654], [73.9612, 34.6535], [73.7945, 34.3782], [73.81, 34.3253], [73.9246, 34.2878], [73.9724, 34.2366], [73.9795, 34.1913], [73.9041, 34.0757], [73.9499, 34.0188], [74.2465, 33.9902], [74.2509, 33.9461], [74.2156, 33.8866], [74.001, 33.7882], [73.9765, 33.7213], [74.004, 33.6324], [74.15, 33.507], [74.1178, 33.3841], [73.9942, 33.2422], [74.0038, 33.1895], [74.1263, 33.0754], [74.3036, 32.9918], [74.33, 32.8608], [74.3055, 32.8104], [74.3546, 32.7687], [74.6633, 32.7577], [74.6434, 32.6077], [74.6857, 32.4938], [74.7889, 32.4578], [74.9873, 32.4622], [75.2337, 32.3721], [75.3335, 32.2792], [75.3247, 32.2153], [75.2541, 32.1403], [74.7395, 31.9488], [74.5556, 31.8186], [74.51, 31.7129], [74.5939, 31.4654], [74.5177, 31.1856], [74.5397, 31.1327], [74.6104, 31.1128], [74.6328, 31.0347], [74.3394, 30.8936], [73.8993, 30.4354], [73.8827, 30.3521], [73.9334, 30.2221], [73.8092, 30.0934], [73.3816, 29.9344], [73.2312, 29.5506], [72.9033, 29.0288], [72.3419, 28.7519], [72.1285, 28.3463], [71.948, 28.1773], [71.8703, 27.9625], [71.543, 27.8699], [71.1848, 27.8316], [70.7979, 27.7096], [70.6916, 27.769], [70.6291, 27.9375], [70.4886, 28.0231], [70.4037, 28.025], [70.1445, 27.849], [69.8963, 27.4736], [69.537, 27.1229], [69.47, 26.8044], [69.5069, 26.7427], [69.7359, 26.6271], [70.0594, 26.5788], [70.1477, 26.5064], [70.1326, 26.2148], [70.0777, 26.072], [70.1002, 25.9101], [70.2646, 25.7065], [70.4485, 25.6813], [70.5695, 25.706], [70.6484, 25.6669], [70.6521, 25.4229], [70.8777, 25.063], [71.0479, 24.6877], [70.9698, 24.5719], [70.9732, 24.4874], [71.044, 24.4001], [70.7163, 24.238], [70.5793, 24.2791], [70.5468, 24.4183], [70.4893, 24.4122], [70.0982, 24.2875], [70.0211, 24.1916], [69.8052, 24.1652], [69.7162, 24.1726], [69.5592, 24.2731], [68.9008, 24.2924], [68.8283, 24.264], [68.7812, 24.3137], [68.7281, 24.2656], [68.7241, 23.9647], [68.4887, 23.9672], [68.2825, 23.928], [68.165, 23.8573], [68.1155, 23.7534], [68.037, 23.8482], [67.951, 23.8286], [67.86, 23.9027], [67.819, 23.8281], [67.6685, 23.811], [67.6458, 23.9199], [67.5631, 23.8818], [67.5036, 23.94], [67.4769, 24.0183], [67.3652, 24.0916], [67.3094, 24.1748], [67.2887, 24.3678], [67.1715, 24.7561], [66.703, 24.8609], [66.6986, 25.2263], [66.5699, 25.3785], [66.5339, 25.4844], [66.4286, 25.5753], [66.3242, 25.6018], [66.219, 25.5899], [66.1312, 25.4933], [66.3564, 25.5074], [66.4677, 25.4453], [66.2347, 25.4644], [65.8836, 25.4196], [65.6797, 25.3553], [65.4062, 25.3743], [65.0613, 25.3111], [64.7767, 25.3073], [64.659, 25.1841], [64.1521, 25.3334], [64.0594, 25.4029], [63.9355, 25.3425], [63.7209, 25.3859], [63.5566, 25.3532], [63.4957, 25.2975], [63.4914, 25.2108], [63.17, 25.2549], [63.015, 25.2247], [62.6647, 25.2648], [62.5725, 25.2547], [62.3153, 25.1349], [62.1986, 25.2249], [62.0895, 25.1553], [61.9079, 25.1313], [61.5669, 25.1863], [61.6154, 25.2861], [61.6618, 25.7513], [61.7544, 25.8434], [61.8424, 26.2259], [62.0891, 26.3183], [62.126, 26.369], [62.2394, 26.357], [62.3123, 26.4909], [62.4393, 26.561], [62.7866, 26.6439], [63.1578, 26.6498], [63.1861, 26.8376], [63.2504, 26.8792], [63.2421, 27.0777], [63.3016, 27.1515], [63.1668, 27.2525], [62.9154, 27.2184], [62.763, 27.2502], [62.812, 27.497], [62.7397, 28.0021], [62.758, 28.2436], [62.5646, 28.2352], [62.353, 28.4147], [61.8898, 28.5465], [61.623, 28.7916], [61.3379, 29.265], [61.3184, 29.3726], [60.8434, 29.8587], [62.4766, 29.4083], [63.5676, 29.498], [64.0987, 29.3919], [64.1722, 29.4604], [64.3937, 29.5443], [65.0955, 29.5595], [66.2313, 29.8657], [66.3134, 29.9686], [66.2472, 30.0435], [66.2385, 30.1096], [66.3055, 30.3211], [66.2869, 30.6079], [66.3469, 30.8028], [66.3972, 30.9122], [66.5958, 31.02], [66.7313, 31.1945], [66.8293, 31.2637], [66.9243, 31.3056], [67.2873, 31.2178], [67.4528, 31.2346], [67.7379, 31.3439], [67.7335, 31.3792], [67.5976, 31.4533], [67.5782, 31.5065], [68.0172, 31.678], [68.161, 31.803], [68.4433, 31.7545], [68.5977, 31.803], [68.7823, 31.6464], [68.8689, 31.6342], [69.0831, 31.7385], [69.2793, 31.9368], [69.2414, 32.4335], [69.4054, 32.6827], [69.4046, 32.7643], [69.5016, 33.0201], [69.7037, 33.0947], [69.9201, 33.1125], [70.2611, 33.289], [70.2842, 33.369], [70.1342, 33.6208], [69.8681, 33.8977], [69.8896, 34.0073], [69.9947, 34.0518], [70.3257, 33.9611], [70.654, 33.9523], [71.0516, 34.0497], [71.0913, 34.1203], [71.0957, 34.3694], [70.9656, 34.5304], [71.0656, 34.5996], [71.2941, 34.8677], [71.4551, 34.9669], [71.6205, 35.183], [71.5455, 35.2889], [71.6006, 35.4079], [71.572, 35.5468], [71.519, 35.5975], [71.4275, 35.8337], [71.3429, 35.9385], [71.1851, 36.0421], [71.2329, 36.1218], [71.6205, 36.4365], [71.7727, 36.4318], [72.1567, 36.7009], [72.6229, 36.8296], [73.1168, 36.8686], [73.7691, 36.8885], [74.0389, 36.8257], [74.6006, 37.0367], [74.6922, 37.0357], [74.8893, 36.9524], [75.0539, 36.9872], [75.1452, 36.9732], [75.3467, 36.9135], [75.4242, 36.7382], [75.6672, 36.742], [75.885, 36.6007], [75.9744, 36.3824], [75.9687, 36.1688], [75.9049, 36.0885], [75.9123, 36.049], [76.0709, 35.983], [76.1479, 35.829], [76.2517, 35.8109], [76.5513, 35.8871], [76.5635, 35.773], [76.7275, 35.6787], [76.7669, 35.6617]]]]}}, {"type": "Feature", "properties": {"name": "Palestine", "iso3": "PSE", "label": [35.1948, 31.9298]}, "geometry": {"type": "MultiPolygon", "coordinates": [[[[34.4773, 31.5849], [34.5256, 31.5256], [34.3502, 31.3627], [34.3483, 31.2929], [34.2453, 31.2083], [34.1981, 31.3226], [34.3873, 31.4838], [34.4773, 31.5849]]], [[[35.5515, 32.3955], [35.5721, 32.2379], [35.5314, 31.9849], [35.559, 31.7655], [35.4506, 31.4793], [35.1012, 31.3662], [34.9078, 31.3513], [34.8728, 31.3969], [34.951, 31.6023], [35.2037, 31.75], [35.1271, 31.8167], [35.0532, 31.8379], [34.983, 31.8168], [34.9538, 31.8413], [34.9897, 31.9133], [34.956, 32.1609], [35.065, 32.4604], [35.1933, 32.5344], [35.3621, 32.5075], [35.4844, 32.4017], [35.5515, 32.3955]]]]}}, {"type": "Feature", "properties": {"name": "Philippines", "iso3": "PHL", "label": [121.8627, 15.0798]}, "geometry": {"type": "MultiPolygon", "coordinates": [[[[121.1016, 18.6153], [121.2545, 18.5634], [121.593, 18.3765], [121.8456, 18.2954], [121.9476, 18.2852], [122.0385, 18.3279], [122.1467, 18.4866], [122.2212, 18.5006], [122.2655, 18.4588], [122.315, 18.3203], [122.2938, 18.2343], [122.1795, 18.0643], [122.1523, 17.6644], [122.2368, 17.4349], [122.3875, 17.3068], [122.4075, 17.1781], [122.5191, 17.1249], [122.4258, 16.8227], [122.2259, 16.4352], [122.1352, 16.1848], [121.9747, 16.1579], [121.7887, 16.0774], [121.5953, 15.9333], [121.5609, 15.8268], [121.607, 15.6698], [121.3923, 15.3244], [121.3989, 15.2666], [121.6954, 14.7373], [121.6266, 14.6817], [121.6279, 14.5812], [121.7666, 14.1681], [121.9117, 14.0204], [122.0796, 13.9471], [122.2117, 13.9302], [122.2284, 13.9795], [122.2875, 13.9962], [122.1997, 14.148], [122.4908, 14.3224], [122.6271, 14.3175], [122.8561, 14.2508], [122.9342, 14.1881], [123.071, 13.96], [123.06, 13.7888], [123.102, 13.7502], [123.2314, 13.7474], [123.297, 13.8364], [123.3054, 13.9366], [123.2593, 13.9754], [123.3203, 14.0617], [123.4323, 13.9663], [123.8157, 13.8371], [123.8576, 13.7996], [123.8063, 13.7217], [123.6071, 13.7044], [123.5496, 13.6458], [123.6081, 13.5281], [123.8192, 13.2695], [123.7852, 13.1105], [123.8728, 13.117], [124.0691, 13.0319], [124.1428, 13.0358], [124.1373, 12.7912], [124.0598, 12.5671], [123.9617, 12.595], [123.8778, 12.6897], [123.9485, 12.9164], [123.918, 12.9399], [123.736, 12.8969], [123.6268, 12.9118], [123.4023, 13.0331], [123.3109, 13.0441], [123.2955, 13.2156], [123.1633, 13.4417], [122.8635, 13.6172], [122.7813, 13.7371], [122.5952, 13.9076], [122.4863, 13.93], [122.468, 13.8867], [122.508, 13.6568], [122.5962, 13.562], [122.6679, 13.3954], [122.6751, 13.2532], [122.5999, 13.1941], [122.5152, 13.26], [122.4979, 13.3635], [122.3766, 13.5206], [122.0728, 13.7884], [121.7779, 13.9376], [121.6917, 13.9346], [121.5011, 13.8422], [121.4508, 13.7908], [121.4463, 13.7119], [121.3441, 13.6491], [121.2035, 13.6403], [121.0955, 13.6795], [121.0062, 13.7581], [120.9323, 13.7619], [120.8407, 13.8847], [120.7291, 13.9005], [120.6371, 13.8045], [120.6168, 14.188], [120.6883, 14.2912], [120.9221, 14.4931], [120.9516, 14.558], [120.9413, 14.6451], [120.8881, 14.7158], [120.7079, 14.7766], [120.5837, 14.8812], [120.5468, 14.7661], [120.5887, 14.4831], [120.5557, 14.4414], [120.4388, 14.4534], [120.3961, 14.4933], [120.3652, 14.6083], [120.2839, 14.6844], [120.2508, 14.7933], [120.138, 14.8004], [120.0821, 14.8511], [120.0366, 15.1146], [119.9328, 15.4309], [119.8916, 15.8377], [119.7689, 16.0084], [119.7726, 16.2551], [119.8308, 16.3266], [120.0334, 16.1846], [120.1598, 16.0477], [120.337, 16.0665], [120.3688, 16.1096], [120.3893, 16.2216], [120.325, 16.4003], [120.3044, 16.6455], [120.3212, 16.7619], [120.4089, 16.9556], [120.4271, 17.3769], [120.3584, 17.6382], [120.5845, 18.3687], [120.5997, 18.5079], [120.8138, 18.6034], [120.925, 18.5851], [121.0514, 18.6137], [121.1016, 18.6153]]], [[[117.3111, 8.4396], [117.2186, 8.3673], [117.2559, 8.541], [117.3499, 8.7136], [117.8848, 9.2407], [118.0238, 9.2698], [118.1148, 9.3467], [119.0238, 10.3536], [119.2238, 10.4773], [119.287, 10.574], [119.3127, 10.6871], [119.2611, 10.8452], [119.3057, 10.9736], [119.5013, 11.3464], [119.5533, 11.3135], [119.5326, 11.1016], [119.5619, 11.0455], [119.5267, 10.9532], [119.6869, 10.5003], [119.5952, 10.4074], [119.3693, 10.3273], [119.2848, 10.2517], [119.1915, 10.0611], [118.7821, 9.9161], [118.755, 9.8621], [118.7738, 9.7668], [118.435, 9.256], [118.1341, 9.1014], [117.9896, 8.8771], [117.7798, 8.7286], [117.5722, 8.642], [117.5166, 8.5383], [117.4125, 8.4959], [117.3111, 8.4396]]], [[[122.4962, 11.6151], [122.6127, 11.5642], [122.7263, 11.6079], [122.8381, 11.5957], [122.9313, 11.5293], [122.8945, 11.4413], [123.1027, 11.5415], [123.1583, 11.5355], [123.1195, 11.2868], [123.0165, 11.1165], [122.8029, 10.99], [122.7699, 10.8238], [122.6731, 10.8009], [122.5221, 10.6919], [122.1977, 10.6229], [121.954, 10.4444], [121.9338, 10.4937], [121.9801, 10.6386], [121.9503, 10.7574], [121.9644, 10.8717], [122.0509, 11.0974], [122.1035, 11.6429], [122.067, 11.7237], [121.8912, 11.7909], [121.9637, 11.8974], [122.0292, 11.8954], [122.3992, 11.7022], [122.4962, 11.6151]]], [[[123.1309, 9.0641], [122.9947, 9.0588], [122.9479, 9.108], [122.8666, 9.3198], [122.5625, 9.4828], [122.4109, 9.6939], [122.3995, 9.823], [122.4715, 9.9615], [122.713, 9.9901], [122.8556, 10.0869], [122.8665, 10.284], [122.817, 10.5038], [122.9584, 10.6983], [122.9833, 10.8866], [123.2566, 10.9939], [123.5106, 10.923], [123.5676, 10.7808], [123.4929, 10.5823], [123.3436, 10.3254], [123.2961, 10.1245], [123.162, 9.8643], [123.1498, 9.6062], [123.3219, 9.3175], [123.2934, 9.2173], [123.1925, 9.0879], [123.1309, 9.0641]]], [[[124.5746, 11.3431], [124.6443, 11.3081], [124.7243, 11.3221], [124.8211, 11.4014], [124.93, 11.3729], [125.0266, 11.2117], [125.0397, 10.9519], [125.0132, 10.7857], [125.1642, 10.6375], [125.1972, 10.4572], [125.2685, 10.3077], [125.2533, 10.2638], [125.1484, 10.2724], [125.1426, 10.1895], [124.9875, 10.3676], [125.0266, 10.0331], [124.7808, 10.1681], [124.7896, 10.3275], [124.7377, 10.4397], [124.7986, 10.6822], [124.7867, 10.7814], [124.6627, 10.962], [124.5028, 10.9044], [124.4455, 10.9236], [124.366, 11.3707], [124.3082, 11.4862], [124.3307, 11.5352], [124.5482, 11.395], [124.5746, 11.3431]]], [[[125.2396, 12.5279], [125.3104, 12.4463], [125.3202, 12.3218], [125.4813, 12.252], [125.5356, 12.1914], [125.5033, 12.1358], [125.5134, 12.0546], [125.4565, 11.9525], [125.4918, 11.5943], [125.609, 11.323], [125.5735, 11.2382], [125.6273, 11.2339], [125.704, 11.1648], [125.7356, 11.0496], [125.6281, 11.132], [125.4318, 11.1126], [125.2334, 11.1451], [125.1559, 11.267], [125.0343, 11.3413], [124.917, 11.5584], [124.9789, 11.6385], [124.995, 11.7649], [124.8843, 11.7755], [124.6768, 12.0209], [124.5291, 12.0792], [124.4457, 12.1528], [124.3258, 12.4038], [124.2947, 12.5693], [124.5658, 12.5262], [125.1502, 12.5726], [125.2396, 12.5279]]], [[[120.7044, 13.4795], [120.9808, 13.486], [121.1225, 13.3812], [121.2027, 13.4323], [121.5228, 13.1312], [121.5387, 13.0889], [121.4748, 12.9316], [121.5406, 12.6382], [121.4123, 12.423], [121.3943, 12.3006], [121.3224, 12.3036], [121.2367, 12.2188], [121.117, 12.2534], [121.0834, 12.339], [120.9222, 12.5116], [120.8994, 12.6458], [120.796, 12.748], [120.7637, 12.9698], [120.6514, 13.1691], [120.5083, 13.2601], [120.4555, 13.3935], [120.3385, 13.4124], [120.4013, 13.517], [120.6533, 13.4976], [120.7044, 13.4795]]], [[[126.006, 9.3209], [126.0876, 9.2607], [126.1934, 9.2767], [126.192, 9.1249], [126.3046, 8.9521], [126.3195, 8.8447], [126.1396, 8.5957], [126.3653, 8.4839], [126.3798, 8.3268], [126.4587, 8.2028], [126.4354, 7.8328], [126.5701, 7.6772], [126.5815, 7.2478], [126.4391, 7.0124], [126.294, 6.8823], [126.2169, 6.891], [126.1921, 6.8525], [126.2402, 6.7339], [126.1894, 6.3097], [126.1098, 6.4896], [126.0431, 6.8432], [125.8244, 7.3333], [125.6893, 7.263], [125.6407, 7.1051], [125.5422, 7.0166], [125.401, 6.7958], [125.3807, 6.6899], [125.5885, 6.4658], [125.6707, 6.225], [125.668, 5.9787], [125.4559, 5.6643], [125.3465, 5.599], [125.2879, 5.6323], [125.241, 5.7569], [125.2685, 6.0332], [125.2315, 6.0695], [125.174, 6.047], [125.0354, 5.8707], [124.9273, 5.8753], [124.6363, 5.9982], [124.2128, 6.2333], [124.0781, 6.4044], [123.9853, 6.9937], [124.0451, 7.1141], [124.1907, 7.2673], [124.2066, 7.3964], [123.9685, 7.6646], [123.7647, 7.7426], [123.6658, 7.8178], [123.5532, 7.8321], [123.4931, 7.8079], [123.3909, 7.4075], [123.1782, 7.5294], [123.0967, 7.7004], [122.9896, 7.5463], [122.843, 7.5293], [122.7918, 7.7225], [122.714, 7.7741], [122.6162, 7.7631], [122.4744, 7.639], [122.1425, 6.9497], [122.0981, 6.9137], [121.9643, 6.9682], [121.9042, 7.0752], [121.9246, 7.1995], [122.0472, 7.3636], [122.1318, 7.8105], [122.3371, 8.0284], [122.6729, 8.1331], [122.9111, 8.1564], [122.9963, 8.2205], [122.9988, 8.3561], [123.0506, 8.4339], [123.1472, 8.516], [123.3412, 8.5704], [123.4346, 8.7033], [123.6801, 8.6206], [123.7834, 8.5477], [123.8492, 8.4327], [123.8774, 8.1888], [123.7531, 8.0583], [123.7994, 8.0491], [124.1977, 8.2295], [124.3252, 8.5084], [124.4049, 8.5999], [124.4513, 8.6063], [124.6218, 8.5227], [124.7312, 8.563], [124.7868, 8.8741], [124.8689, 8.9723], [125.141, 8.8688], [125.2097, 9.0271], [125.3756, 8.9918], [125.4987, 9.0147], [125.5334, 9.1409], [125.414, 9.6692], [125.4713, 9.7568], [125.5209, 9.7591], [125.8767, 9.5131], [125.9547, 9.4267], [126.006, 9.3209]]], [[[123.3703, 9.4496], [123.3317, 9.4229], [123.316, 9.489], [123.4037, 9.8893], [123.3862, 9.9671], [123.7114, 10.4737], [123.7265, 10.5622], [123.9299, 10.9638], [123.9672, 11.1869], [124.0389, 11.2735], [124.0533, 10.9258], [124.0275, 10.7679], [124.0513, 10.5856], [124.005, 10.4001], [123.9521, 10.3166], [123.7887, 10.2208], [123.7005, 10.1283], [123.4936, 9.5893], [123.3703, 9.4496]]], [[[121.9217, 18.8947], [121.8582, 18.8229], [121.8252, 18.8427], [121.8889, 18.9916], [121.9434, 19.0104], [121.9879, 18.9566], [121.9217, 18.8947]]], [[[121.5209, 19.362], [121.5312, 19.2713], [121.4721, 19.2733], [121.3829, 19.3285], [121.3916, 19.3994], [121.5209, 19.362]]], [[[121.9601, 20.3659], [121.9141, 20.3594], [121.9412, 20.4537], [122.0312, 20.4694], [121.9601, 20.3659]]], [[[121.8781, 20.7819], [121.8296, 20.7003], [121.7906, 20.7012], [121.867, 20.8392], [121.8781, 20.7819]]], [[[121.1594, 6.0756], [121.2139, 6.0035], [121.3915, 6.0021], [121.411, 5.9398], [121.2944, 5.87], [121.2182, 5.9427], [121.083, 5.893], [121.0186, 5.9229], [120.9307, 5.8962], [120.8764, 5.9526], [120.8982, 6.0069], [121.0377, 6.096], [121.1594, 6.0756]]], [[[117.0799, 7.8834], [117.0283, 7.8075], [116.9695, 7.8949], [116.9936, 8.0505], [117.0771, 8.0691], [117.0799, 7.8834]]], [[[119.9162, 10.486], [119.7932, 10.4553], [119.7645, 10.5516], [119.8521, 10.6401], [120.0084, 10.5701], [119.9812, 10.5387], [119.9162, 10.486]]], [[[120.1, 12.1677], [120.1937, 12.167], [120.2282, 12.2198], [120.2605, 12.1417], [120.3414, 12.0774], [120.3146, 12.0124], [120.0105, 12.0083], [119.8659, 12.199], [119.8857, 12.2999], [119.9164, 12.3191], [120.0775, 12.1978], [120.1, 12.1677]]], [[[120.0388, 11.7033], [119.9639, 11.6694], [119.9449, 11.6907], [119.8609, 11.954], [119.916, 11.9813], [120.0359, 11.9172], [120.0731, 11.7835], [120.0388, 11.7033]]], [[[122.6495, 10.4727], [122.5384, 10.425], [122.5167, 10.4925], [122.5375, 10.6076], [122.7013, 10.7406], [122.7372, 10.6546], [122.6813, 10.4982], [122.6495, 10.4727]]], [[[124.5938, 9.7872], [124.5843, 9.7505], [124.4775, 9.7479], [124.3599, 9.6302], [124.1225, 9.5993], [123.9356, 9.624], [123.8717, 9.6757], [123.8172, 9.8174], [123.9089, 9.9196], [124.0598, 10.0002], [124.1729, 10.1352], [124.3357, 10.1599], [124.5771, 10.0267], [124.5551, 9.8792], [124.5822, 9.8296], [124.5938, 9.7872]]], [[[120.2504, 5.2566], [120.1916, 5.1683], [120.1184, 5.2154], [120.1006, 5.169], [120.0133, 5.1511], [119.9581, 5.0795], [119.8215, 5.0695], [119.8273, 5.1332], [120.1652, 5.3324], [120.208, 5.3401], [120.2294, 5.2841], [120.2504, 5.2566]]], [[[122.0929, 6.4283], [121.9592, 6.4158], [121.8087, 6.6137], [121.832, 6.6641], [122.0583, 6.7407], [122.2881, 6.6389], [122.3235, 6.6022], [122.2518, 6.5798], [122.201, 6.4829], [122.0929, 6.4283]]], [[[126.0594, 9.7662], [125.9912, 9.8385], [125.9986, 9.9271], [126.0738, 10.0592], [126.1295, 9.9436], [126.1208, 9.8652], [126.1726, 9.8], [126.1369, 9.7678], [126.0594, 9.7662]]], [[[125.6902, 9.9145], [125.6726, 9.8865], [125.4948, 10.1187], [125.5246, 10.3097], [125.6668, 10.4401], [125.6846, 10.392], [125.6467, 10.2454], [125.7033, 10.0718], [125.6925, 9.939], [125.6902, 9.9145]]], [[[120.2713, 13.7507], [120.2729, 13.683], [120.1042, 13.7824], [120.1207, 13.8581], [120.2114, 13.8207], [120.2713, 13.7507]]], [[[121.9148, 13.5403], [121.9957, 13.5468], [122.1146, 13.4632], [122.1224, 13.3651], [122.0049, 13.205], [121.8292, 13.3286], [121.815, 13.4245], [121.8662, 13.5662], [121.9148, 13.5403]]], [[[122.094, 12.3549], [122.014, 12.1056], [121.9602, 12.1914], [121.9819, 12.2453], [121.9232, 12.3313], [121.9895, 12.4353], [122.0016, 12.5985], [122.145, 12.6526], [122.1316, 12.5375], [122.094, 12.3549]]], [[[122.6545, 12.309], [122.6033, 12.2856], [122.4229, 12.4551], [122.4719, 12.4919], [122.6036, 12.4916], [122.6833, 12.3823], [122.6545, 12.309]]], [[[123.2818, 12.8534], [123.3672, 12.7008], [122.949, 13.0587], [122.9575, 13.1072], [123.0436, 13.1134], [123.2062, 12.9054], [123.2818, 12.8534]]], [[[123.7754, 12.4539], [123.7791, 12.3663], [123.5872, 12.6333], [123.6215, 12.6749], [123.7087, 12.6108], [123.7754, 12.4539]]], [[[123.7166, 12.2874], [123.9083, 12.1691], [124.0403, 11.9668], [124.0455, 11.7524], [123.8478, 11.9136], [123.7252, 11.9516], [123.736, 12.0026], [123.612, 12.0902], [123.5311, 12.1966], [123.4737, 12.2166], [123.4188, 12.1942], [123.1578, 11.9256], [123.2672, 12.3955], [123.2364, 12.5835], [123.463, 12.5012], [123.5748, 12.4069], [123.7166, 12.2874]]], [[[124.3536, 13.6322], [124.3271, 13.5674], [124.2482, 13.5867], [124.1754, 13.5315], [124.057, 13.6056], [124.0389, 13.6631], [124.1237, 13.7905], [124.1229, 13.9797], [124.1862, 14.0595], [124.2249, 14.0776], [124.3083, 13.947], [124.4172, 13.871], [124.404, 13.6794], [124.3536, 13.6322]]], [[[122.1754, 14.0488], [122.1723, 14.008], [121.9562, 14.1561], [121.9592, 14.2288], [122.1754, 14.0488]]], [[[122.0335, 15.005], [122.0516, 14.9699], [121.9703, 14.893], [122.0217, 14.7594], [121.9896, 14.6622], [121.933, 14.6561], [121.9106, 14.6665], [121.923, 14.8], [121.8203, 14.9636], [121.8398, 15.0381], [121.9717, 15.0464], [122.0335, 15.005]]], [[[124.3162, 10.606], [124.2885, 10.6015], [124.3347, 10.7067], [124.3823, 10.6798], [124.3813, 10.6326], [124.3162, 10.606]]], [[[125.2808, 9.9822], [125.2877, 9.9327], [125.159, 10.0629], [125.133, 10.155], [125.231, 10.1157], [125.2808, 9.9822]]], [[[122.9371, 7.4091], [122.9437, 7.361], [122.8047, 7.316], [122.8222, 7.4285], [122.8712, 7.3973], [122.9148, 7.4334], [122.9371, 7.4091]]], [[[125.7846, 6.9627], [125.7689, 6.9058], [125.683, 7.0732], [125.7145, 7.1855], [125.7834, 7.1307], [125.7846, 6.9627]]], [[[124.6084, 11.4922], [124.4835, 11.4858], [124.3604, 11.6659], [124.5109, 11.6871], [124.6223, 11.5496], [124.6084, 11.4922]]], [[[124.8066, 9.1426], [124.7779, 9.0831], [124.6658, 9.1323], [124.6391, 9.1751], [124.6533, 9.2258], [124.7081, 9.243], [124.7902, 9.1901], [124.8066, 9.1426]]], [[[121.2522, 19.0824], [121.2467, 19.0152], [121.1849, 19.1014], [121.2132, 19.1836], [121.2447, 19.143], [121.2522, 19.0824]]], [[[119.8614, 11.5253], [119.8829, 11.4724], [119.8307, 11.3757], [119.73, 11.4319], [119.7256, 11.4747], [119.8268, 11.5154], [119.8614, 11.5253]]], [[[123.757, 11.2833], [123.8156, 11.1507], [123.7367, 11.1515], [123.7076, 11.248], [123.7414, 11.2791], [123.757, 11.2833]]], [[[122.3108, 12.5288], [122.2609, 12.5031], [122.2479, 12.5569], [122.2875, 12.5893], [122.3108, 12.5288]]], [[[125.9705, 9.5936], [125.9524, 9.568], [125.9221, 9.6215], [125.9678, 9.7591], [125.993, 9.6846], [125.9705, 9.5936]]], [[[124.8544, 11.5948], [124.8359, 11.5433], [124.7811, 11.5808], [124.7309, 11.7153], [124.8215, 11.6266], [124.8544, 11.5948]]], [[[117.3553, 8.2146], [117.287, 8.191], [117.2723, 8.2535], [117.2809, 8.315], [117.3537, 8.2893], [117.3553, 8.2146]]], [[[123.6977, 9.2373], [123.7062, 9.1335], [123.6145, 9.1033], [123.5407, 9.1297], [123.4936, 9.2155], [123.6549, 9.2788], [123.6977, 9.2373]]]]}}, {"type": "Feature", "properties": {"name": "Qatar", "iso3": "QAT", "label": [51.1934, 25.1993]}, "geometry": {"type": "MultiPolygon", "coordinates": [[[[51.268, 24.6072], [51.0934, 24.5646], [50.966, 24.5739], [50.8557, 24.6796], [50.8044, 24.7893], [50.8468, 24.8886], [50.7546, 25.3993], [51.0031, 25.9814], [51.1081, 26.0806], [51.2623, 26.1533], [51.3891, 26.0111], [51.5431, 25.9024], [51.5723, 25.781], [51.4854, 25.5247], [51.6089, 25.0529], [51.3965, 24.6451], [51.268, 24.6072]]]]}}, {"type": "Feature", "properties": {"name": "Saudi Arabia", "iso3": "SAU", "label": [45.5409, 23.4382]}, "geometry": {"type": "MultiPolygon", "coordinates": [[[[36.9017, 25.3831], [36.7221, 25.534], [36.5303, 25.6016], [36.5043, 25.6451], [36.5336, 25.6887], [36.5888, 25.6198], [36.7476, 25.5587], [36.9548, 25.4146], [36.9017, 25.3831]]], [[[41.9877, 16.7156], [42.065, 16.7101], [42.0264, 16.7577], [42.06, 16.8035], [42.1704, 16.7086], [42.1578, 16.5707], [42.0718, 16.6715], [41.9642, 16.6535], [41.8016, 16.7788], [41.7761, 16.8469], [41.8582, 16.8929], [41.885, 16.9468], [41.8604, 17.0025], [41.9173, 16.9937], [41.9479, 16.9364], [41.9467, 16.7489], [41.9877, 16.7156]]], [[[51.9776, 18.9961], [49.042, 18.5818], [48.1722, 18.1569], [47.5796, 17.4483], [47.4418, 17.1119], [47.1436, 16.9467], [46.9757, 16.9535], [46.7276, 17.2656], [46.3104, 17.2313], [45.5354, 17.3021], [45.4065, 17.3198], [45.148, 17.4274], [44.156, 17.3985], [43.917, 17.3247], [43.713, 17.3655], [43.5973, 17.4714], [43.418, 17.5163], [43.1909, 17.3594], [43.2369, 17.2665], [43.156, 17.205], [43.1165, 16.942], [43.1845, 16.8118], [43.165, 16.6894], [42.7993, 16.3718], [42.6988, 16.737], [42.5529, 16.8685], [42.5441, 16.9597], [42.3833, 17.1225], [42.2939, 17.435], [42.0522, 17.6693], [41.75, 17.8857], [41.5076, 18.2561], [41.4317, 18.4524], [41.2295, 18.6784], [41.116, 19.0822], [40.9133, 19.4901], [40.7916, 19.6464], [40.7592, 19.7555], [40.6159, 19.8224], [40.4822, 19.9935], [40.0807, 20.2659], [39.8841, 20.293], [39.7283, 20.3903], [39.6137, 20.5177], [39.4912, 20.737], [39.2761, 20.974], [39.0936, 21.3104], [39.1507, 21.4328], [39.1471, 21.519], [38.9879, 21.8817], [39.0959, 22.3928], [39.062, 22.5922], [39.0014, 22.699], [39.0074, 22.7701], [38.8829, 22.882], [38.9411, 22.8818], [38.7969, 23.0486], [38.7061, 23.3055], [38.4642, 23.7119], [38.2889, 23.911], [37.9197, 24.1854], [37.821, 24.1875], [37.7134, 24.2744], [37.5431, 24.2917], [37.1809, 24.82], [37.2663, 24.9601], [37.1488, 25.2911], [36.9207, 25.6412], [36.7627, 25.7513], [36.6752, 26.0389], [36.5187, 26.1049], [36.2496, 26.5948], [35.8517, 27.0705], [35.763, 27.2588], [35.5813, 27.4325], [35.4238, 27.7338], [35.1805, 28.0349], [35.0783, 28.087], [34.7221, 28.1307], [34.625, 28.0645], [34.6162, 28.1483], [34.7799, 28.5073], [34.7991, 28.7205], [34.9508, 29.3535], [36.0685, 29.2005], [36.4761, 29.4951], [36.7553, 29.866], [37.4692, 29.9951], [37.6499, 30.331], [37.9801, 30.5], [36.9586, 31.4915], [38.9623, 31.9949], [39.1454, 32.1245], [40.3693, 31.939], [42.0744, 31.0804], [44.6908, 29.2023], [46.3564, 29.0637], [46.5314, 29.0962], [47.4332, 28.9896], [47.5213, 28.8378], [47.5831, 28.628], [47.6713, 28.5332], [48.4425, 28.5429], [48.6264, 28.1326], [48.809, 27.8959], [48.8328, 27.8007], [48.7972, 27.7243], [48.9064, 27.6291], [49.2375, 27.4927], [49.1751, 27.4376], [49.4053, 27.181], [49.5377, 27.1518], [49.7165, 26.9559], [49.9861, 26.8289], [50.1498, 26.6626], [50.0264, 26.6992], [50.0081, 26.6785], [50.0273, 26.5269], [50.185, 26.4049], [50.2139, 26.3085], [50.1555, 26.1005], [50.0316, 26.111], [50.0811, 25.9614], [50.239, 25.6229], [50.4552, 25.4248], [50.5579, 25.0867], [50.8044, 24.7893], [50.8557, 24.6796], [50.966, 24.5739], [51.0934, 24.5646], [51.268, 24.6072], [51.3385, 24.5644], [51.4112, 24.5708], [51.4184, 24.531], [51.3099, 24.3404], [51.5684, 24.2862], [51.5926, 24.0789], [52.5551, 22.9328], [55.1043, 22.6215], [55.1858, 22.7041], [55.641, 22.0019], [54.9773, 19.9959], [52.1186, 19.0432], [51.9776, 18.9961]]], [[[36.5955, 25.7128], [36.5439, 25.7343], [36.5827, 25.8555], [36.5956, 25.7349], [36.5955, 25.7128]]]]}}, {"type": "Feature", "properties": {"name": "Siachen Glacier", "iso3": "KAS", "label": [77.2357, 35.3943]}, "geometry": {"type": "MultiPolygon", "coordinates": [[[[77.0486, 35.1099], [76.7669, 35.6617], [77.09, 35.5521], [77.4465, 35.4756], [77.7994, 35.4959], [77.1686, 35.1715], [77.0486, 35.1099]]]]}}, {"type": "Feature", "properties": {"name": "Singapore", "iso3": "SGP", "label": [103.8666, 1.3664]}, "geometry": {"type": "MultiPolygon", "coordinates": [[[[103.9697, 1.3314], [103.8199, 1.2654], [103.6502, 1.3255], [103.7053, 1.4234], [103.818, 1.4471], [103.9964, 1.3652], [103.9697, 1.3314]]]]}}, {"type": "Feature", "properties": {"name": "South Korea", "iso3": "KOR", "label": [127.3718, 36.0914]}, "geometry": {"type": "MultiPolygon", "coordinates": [[[[126.6339, 37.7818], [126.6646, 37.8007], [126.6668, 37.9172], [127.0903, 38.2839], [127.294, 38.3133], [128.039, 38.3085], [128.1687, 38.3593], [128.3746, 38.6234], [128.6188, 38.1761], [129.0516, 37.6776], [129.3352, 37.2746], [129.4183, 37.059], [129.4734, 36.7419], [129.3926, 36.3227], [129.4035, 36.0521], [129.4583, 36.0064], [129.5729, 36.0505], [129.4191, 35.4979], [129.2142, 35.1818], [128.9801, 35.1015], [128.5109, 35.101], [128.4188, 35.0157], [128.4439, 34.8704], [128.0945, 34.9336], [128.0362, 35.022], [127.8732, 34.9663], [127.7148, 34.9547], [127.6394, 34.8897], [127.7422, 34.7826], [127.7154, 34.721], [127.6324, 34.6902], [127.5236, 34.8401], [127.4043, 34.8231], [127.3896, 34.743], [127.4791, 34.6252], [127.3246, 34.4633], [127.1734, 34.5461], [127.2605, 34.6617], [127.2471, 34.7551], [127.0308, 34.6069], [126.8975, 34.4389], [126.8263, 34.4511], [126.7548, 34.5119], [126.6108, 34.4035], [126.5844, 34.3175], [126.5314, 34.3143], [126.4817, 34.4939], [126.2645, 34.6732], [126.3011, 34.72], [126.5245, 34.6979], [126.4729, 34.7563], [126.5934, 34.8244], [126.4207, 34.8234], [126.2911, 35.1542], [126.3605, 35.2169], [126.4928, 35.5013], [126.6141, 35.571], [126.4865, 35.6063], [126.4885, 35.6471], [126.7174, 35.7688], [126.753, 35.872], [126.6475, 35.9224], [126.6935, 36.0142], [126.5404, 36.1662], [126.5482, 36.4776], [126.4877, 36.6938], [126.3888, 36.6512], [126.1809, 36.6916], [126.1605, 36.7719], [126.2172, 36.8709], [126.487, 37.0075], [126.5777, 37.0196], [126.7845, 36.9484], [126.8721, 36.8245], [126.9769, 36.9394], [126.8689, 36.9757], [126.7464, 37.1936], [126.7905, 37.2949], [126.6503, 37.4471], [126.6568, 37.5512], [126.5634, 37.7165], [126.6207, 37.7555], [126.6339, 37.7818]]], [[[128.741, 34.7985], [128.6467, 34.7369], [128.4893, 34.8653], [128.668, 35.0088], [128.7219, 35.0136], [128.741, 34.7985]]], [[[128.0658, 34.8059], [128.0547, 34.7081], [127.984, 34.7032], [127.9418, 34.7663], [127.8734, 34.735], [127.8383, 34.8133], [127.8322, 34.8745], [127.9154, 34.921], [128.038, 34.8786], [128.0658, 34.8059]]], [[[126.2337, 34.3705], [126.1697, 34.3552], [126.1086, 34.3987], [126.2475, 34.5633], [126.3438, 34.5449], [126.3799, 34.4979], [126.3354, 34.4264], [126.2337, 34.3705]]], [[[126.5207, 37.7368], [126.516, 37.6047], [126.4233, 37.6236], [126.3693, 37.772], [126.4116, 37.8227], [126.4936, 37.7826], [126.5207, 37.7368]]], [[[126.753, 34.344], [126.7699, 34.2964], [126.6891, 34.3054], [126.6461, 34.3511], [126.6519, 34.3903], [126.7, 34.3959], [126.753, 34.344]]], [[[127.799, 34.615], [127.7878, 34.5841], [127.7373, 34.6309], [127.7871, 34.6821], [127.799, 34.615]]], [[[126.4176, 36.4926], [126.4038, 36.4279], [126.3375, 36.4706], [126.3186, 36.6125], [126.3866, 36.5711], [126.4176, 36.4926]]], [[[126.172, 34.7312], [126.1152, 34.7142], [126.0075, 34.8675], [126.0784, 34.9148], [126.1686, 34.8297], [126.172, 34.7312]]], [[[130.916, 37.4785], [130.8706, 37.4487], [130.8103, 37.5099], [130.9037, 37.5537], [130.9343, 37.5297], [130.916, 37.4785]]], [[[126.327, 33.2236], [126.2402, 33.2148], [126.1656, 33.312], [126.3377, 33.4604], [126.6955, 33.5493], [126.9012, 33.5151], [126.9313, 33.4438], [126.8729, 33.3412], [126.5817, 33.2383], [126.327, 33.2236]]]]}}, {"type": "Feature", "properties": {"name": "Sri Lanka", "iso3": "LKA", "label": [80.6475, 8.272]}, "geometry": {"type": "MultiPolygon", "coordinates": [[[[79.9695, 9.6307], [79.9068, 9.6198], [79.8586, 9.7344], [79.8885, 9.7412], [79.9119, 9.6791], [79.9695, 9.6307]]], [[[79.8748, 9.0507], [79.9037, 8.975], [79.7477, 9.1046], [79.86, 9.0657], [79.8748, 9.0507]]], [[[79.9823, 9.8127], [80.2528, 9.7963], [80.376, 9.6423], [80.7111, 9.3664], [80.9354, 8.9715], [81.016, 8.9326], [81.1982, 8.662], [81.227, 8.5055], [81.3729, 8.4314], [81.4222, 8.1479], [81.6654, 7.7825], [81.6829, 7.6845], [81.832, 7.4284], [81.8741, 7.2883], [81.8614, 6.9013], [81.7678, 6.6143], [81.6374, 6.4251], [81.3063, 6.2039], [80.7241, 5.9791], [80.4958, 5.9494], [80.2674, 6.0098], [80.0953, 6.1532], [79.8594, 6.8293], [79.713, 8.1823], [79.7498, 8.2942], [79.7497, 8.0489], [79.7835, 8.0185], [79.8509, 8.4116], [79.9418, 8.6915], [79.9289, 8.8992], [80.0648, 9.0957], [80.0996, 9.21], [80.1184, 9.3269], [80.0863, 9.5778], [80.318, 9.4654], [80.4283, 9.481], [80.3854, 9.5488], [80.2576, 9.6113], [80.0458, 9.6499], [79.954, 9.7423], [79.967, 9.7926], [79.9823, 9.8127]]]]}}, {"type": "Feature", "properties": {"name": "Syria", "iso3": "SYR", "label": [38.0004, 35.0859]}, "geometry": {"type": "MultiPolygon", "coordinates": [[[[35.8927, 35.9166], [36.1536, 35.8339], [36.202, 35.9375], [36.3476, 36.0035], [36.3754, 36.1712], [36.4771, 36.2207], [36.6367, 36.234], [36.5375, 36.4574], [36.5969, 36.7014], [36.6586, 36.8025], [36.9418, 36.7584], [37.0662, 36.6526], [37.4363, 36.6433], [38.1917, 36.9016], [38.4438, 36.8623], [38.7666, 36.6931], [39.3566, 36.6816], [40.0164, 36.8261], [40.7057, 37.0977], [40.9589, 37.1092], [41.2646, 37.0693], [41.5155, 37.0892], [42.0599, 37.2061], [42.2027, 37.2973], [42.3129, 37.2296], [42.359, 37.1086], [42.3501, 37.0606], [41.7886, 36.5972], [41.4168, 36.5146], [41.296, 36.3834], [41.2456, 36.0734], [41.3526, 35.81], [41.3541, 35.6404], [41.2164, 35.2882], [41.1947, 34.769], [40.987, 34.4291], [40.9351, 34.3866], [40.6895, 34.332], [38.7735, 33.3722], [36.8184, 32.3173], [36.3721, 32.3869], [36.2197, 32.4951], [36.0595, 32.5338], [35.8947, 32.7138], [35.7873, 32.7349], [35.888, 32.9444], [35.7925, 33.3341], [36.0345, 33.5851], [35.9424, 33.6676], [35.9685, 33.7324], [36.0922, 33.8316], [36.365, 33.8394], [36.2778, 33.9253], [36.3549, 34.0113], [36.4575, 34.0568], [36.585, 34.2212], [36.5044, 34.4324], [36.3299, 34.4996], [36.433, 34.6135], [36.3839, 34.6579], [36.2963, 34.6787], [36.2636, 34.6329], [35.9763, 34.6292], [35.8879, 34.9486], [35.9431, 35.2238], [35.9024, 35.4207], [35.7645, 35.5716], [35.8396, 35.8492], [35.8927, 35.9166]]]]}}, {"type": "Feature", "properties": {"name": "Taiwan", "iso3": "TWN", "label": [120.9944, 23.6412]}, "geometry": {"type": "MultiPolygon", "coordinates": [[[[121.0088, 22.6204], [120.8974, 22.3791], [120.8398, 21.925], [120.7428, 21.956], [120.5812, 22.3564], [120.3162, 22.5476], [120.2328, 22.7179], [120.0725, 23.1498], [120.143, 23.3991], [120.1321, 23.6529], [120.6297, 24.4785], [121.0406, 25.0328], [121.3654, 25.1592], [121.4496, 25.249], [121.5937, 25.2753], [121.6871, 25.1816], [121.8528, 25.1044], [121.929, 24.9737], [121.8201, 24.8245], [121.828, 24.5344], [121.6131, 24.0527], [121.3975, 23.1725], [121.1612, 22.7764], [121.0088, 22.6204]]], [[[118.4074, 24.5221], [118.4512, 24.4556], [118.4327, 24.4144], [118.2951, 24.4363], [118.2873, 24.4766], [118.3394, 24.4691], [118.4074, 24.5221]]]]}}, {"type": "Feature", "properties": {"name": "Tajikistan", "iso3": "TJK", "label": [70.7519, 38.8736]}, "geometry": {"type": "MultiPolygon", "coordinates": [[[[67.759, 37.1722], [67.798, 37.245], [67.8144, 37.487], [68.0876, 37.8354], [68.294, 38.0329], [68.3503, 38.211], [68.1441, 38.3831], [68.0872, 38.4735], [68.0479, 38.6693], [68.1485, 38.8906], [68.1325, 38.9276], [68.0443, 38.9836], [67.6944, 38.9946], [67.6483, 39.1311], [67.3576, 39.2167], [67.4262, 39.4656], [67.5425, 39.5576], [67.719, 39.6214], [68.4633, 39.5367], [68.5861, 39.635], [68.639, 39.8389], [68.7353, 39.8362], [68.7778, 39.9042], [68.8324, 39.8843], [68.8688, 39.9075], [68.7895, 40.0133], [68.8047, 40.0503], [68.9721, 40.0899], [68.9269, 40.1363], [68.6397, 40.1292], [68.6307, 40.1671], [68.9518, 40.2226], [69.2749, 40.1981], [69.2195, 40.2881], [69.2944, 40.2966], [69.3042, 40.3274], [69.2062, 40.5666], [69.314, 40.6348], [69.3094, 40.7239], [69.3572, 40.7674], [69.4139, 40.7972], [69.7129, 40.657], [70.2921, 40.8917], [70.402, 41.0351], [70.6573, 40.8396], [70.6392, 40.7786], [70.7511, 40.7218], [70.3826, 40.4535], [70.3716, 40.3841], [70.5336, 40.3245], [70.6027, 40.2142], [70.958, 40.2389], [70.9464, 40.1876], [70.6443, 40.0834], [70.6241, 39.999], [70.5151, 39.9499], [70.4514, 40.0492], [69.9668, 40.2022], [69.5303, 40.0973], [69.4688, 40.0208], [69.4763, 39.9197], [69.4319, 39.9098], [69.3072, 39.9686], [69.2788, 39.9178], [69.2291, 39.7611], [69.2977, 39.5248], [69.5988, 39.5738], [69.956, 39.5531], [70.1368, 39.5576], [70.1711, 39.5842], [70.2448, 39.5426], [70.5012, 39.5874], [70.6078, 39.5644], [70.7331, 39.4133], [70.7993, 39.3947], [71.0049, 39.4119], [71.065, 39.4934], [71.4703, 39.6037], [71.5174, 39.5539], [71.5033, 39.4788], [71.7322, 39.423], [71.7257, 39.3066], [71.7786, 39.278], [72.0428, 39.3521], [72.23, 39.2075], [72.3577, 39.3369], [72.5634, 39.3772], [73.1093, 39.3619], [73.235, 39.3746], [73.4704, 39.4606], [73.6316, 39.4489], [73.6073, 39.2292], [73.8053, 38.9687], [73.6961, 38.8543], [73.8017, 38.6069], [73.8691, 38.5629], [74.0256, 38.5398], [74.1313, 38.6612], [74.2774, 38.6598], [74.5141, 38.6], [74.8123, 38.4603], [74.8359, 38.4043], [74.7721, 38.2748], [74.7751, 38.1919], [74.9383, 37.7725], [74.8942, 37.6014], [75.0975, 37.4513], [75.1188, 37.3857], [74.8913, 37.2316], [74.6594, 37.3945], [74.5242, 37.3824], [74.349, 37.4188], [74.2597, 37.4154], [74.1671, 37.3294], [73.7496, 37.2318], [73.6275, 37.2616], [73.7173, 37.3294], [73.7206, 37.4188], [73.4813, 37.4717], [73.3829, 37.4623], [72.8955, 37.2675], [72.757, 37.1727], [72.6574, 37.0291], [72.3588, 36.9829], [72.1535, 36.9005], [71.8021, 36.6943], [71.6656, 36.6969], [71.5975, 36.7329], [71.5309, 36.8451], [71.4329, 37.1275], [71.5822, 37.9101], [71.552, 37.9332], [71.2785, 37.9184], [71.3327, 38.1703], [71.2559, 38.307], [71.0521, 38.4179], [70.8789, 38.4564], [70.7359, 38.4226], [70.6158, 38.3344], [70.4178, 38.0754], [70.2146, 37.9244], [70.2515, 37.6642], [70.1887, 37.5825], [70.1198, 37.5435], [70.0447, 37.5472], [69.9406, 37.6003], [69.8209, 37.6096], [69.4921, 37.5531], [69.4201, 37.4867], [69.3992, 37.3993], [69.4145, 37.2078], [69.3039, 37.1169], [69.2648, 37.1084], [68.9118, 37.3339], [68.8237, 37.2707], [68.6691, 37.2584], [68.3869, 37.1375], [68.2995, 37.0884], [68.2609, 37.0131], [68.2121, 37.0215], [68.0678, 36.9498], [67.958, 36.972], [67.766, 37.1401], [67.759, 37.1722]]], [[[70.6525, 40.9366], [70.55, 41.0149], [70.6492, 40.9608], [70.6525, 40.9366]]], [[[70.7017, 39.8253], [70.5596, 39.7909], [70.4828, 39.8827], [70.6982, 39.8458], [70.7017, 39.8253]]]]}}, {"type": "Feature", "properties": {"name": "Thailand", "iso3": "THA", "label": [100.8199, 13.8076]}, "geometry": {"type": "MultiPolygon", "coordinates": [[[[102.6064, 11.6765], [102.5899, 11.5722], [102.5328, 11.6149], [102.5689, 11.6917], [102.6064, 11.6765]]], [[[102.4268, 11.9887], [102.43, 11.9647], [102.302, 11.9808], [102.2774, 12.1519], [102.3188, 12.1417], [102.4084, 12.0251], [102.4268, 11.9887]]], [[[98.4091, 7.9021], [98.3984, 7.8284], [98.2963, 7.7761], [98.2623, 7.9261], [98.3221, 8.1663], [98.351, 8.1106], [98.435, 8.0856], [98.3988, 7.9646], [98.4091, 7.9021]]], [[[100.1225, 20.3166], [100.1149, 20.2577], [100.1397, 20.2454], [100.2181, 20.3396], [100.318, 20.3859], [100.5195, 20.1779], [100.5431, 20.0887], [100.3977, 19.7561], [100.4201, 19.6445], [100.5136, 19.5535], [100.6255, 19.4999], [100.7439, 19.5147], [100.9665, 19.6108], [101.2119, 19.5483], [101.1976, 19.3279], [101.2799, 19.0889], [101.2863, 18.9771], [101.1655, 18.6183], [101.047, 18.442], [101.1375, 18.2869], [101.1439, 18.1426], [100.9085, 17.5839], [100.9559, 17.5411], [101.1052, 17.4795], [101.1675, 17.499], [101.4137, 17.7188], [101.6875, 17.8894], [101.7748, 18.0334], [101.9475, 18.0815], [102.1015, 18.2106], [102.4588, 17.9846], [102.5525, 17.9651], [102.5982, 17.9268], [102.6168, 17.8333], [102.6606, 17.818], [102.8074, 17.9456], [102.9914, 17.9862], [103.0514, 18.0285], [103.1485, 18.2217], [103.2632, 18.2785], [103.2518, 18.3735], [103.2883, 18.4084], [103.488, 18.4182], [103.7923, 18.3165], [103.8988, 18.2953], [103.9496, 18.319], [104.4281, 17.699], [104.7396, 17.4617], [104.816, 17.3003], [104.7436, 16.8844], [104.7506, 16.6476], [104.8193, 16.4661], [104.9499, 16.3399], [105.0472, 16.1603], [105.4062, 15.9875], [105.3756, 15.9422], [105.3989, 15.8299], [105.6221, 15.7], [105.641, 15.6565], [105.6156, 15.4883], [105.5132, 15.3609], [105.4904, 15.2566], [105.4904, 15.1276], [105.5467, 14.9325], [105.4756, 14.5301], [105.3422, 14.4167], [105.1691, 14.3361], [105.0741, 14.2274], [105.0034, 14.2544], [104.9697, 14.3661], [104.779, 14.4278], [104.4116, 14.3696], [104.2277, 14.3955], [103.9818, 14.3579], [103.7419, 14.3742], [103.6004, 14.4211], [103.1994, 14.3326], [103.0311, 14.2525], [102.9093, 14.1367], [102.7289, 13.8419], [102.5447, 13.66], [102.5469, 13.5857], [102.3197, 13.54], [102.3308, 13.2882], [102.4617, 13.015], [102.4996, 12.67], [102.7557, 12.4263], [102.7062, 12.2557], [102.7366, 12.0898], [102.9339, 11.7067], [102.7916, 11.8886], [102.763, 12.0125], [102.5941, 12.203], [102.5402, 12.1092], [102.3432, 12.2526], [102.2591, 12.3943], [102.2296, 12.3316], [102.0344, 12.5319], [101.8357, 12.6404], [101.7236, 12.6894], [101.4449, 12.6189], [101.0902, 12.6736], [100.9537, 12.6212], [100.8978, 12.6538], [100.8633, 12.7145], [100.9627, 13.432], [100.6561, 13.5213], [100.6029, 13.5682], [100.5364, 13.5145], [100.2356, 13.4845], [100.0175, 13.3532], [99.9905, 13.2435], [100.0511, 13.1712], [100.0899, 13.0457], [99.964, 12.69], [100.0057, 12.3547], [99.9891, 12.1708], [99.8371, 11.9366], [99.7987, 11.7488], [99.6273, 11.4629], [99.5144, 11.1006], [99.4869, 10.8896], [99.2848, 10.5691], [99.2373, 10.3881], [99.165, 10.3198], [99.1946, 10.1754], [99.1607, 9.734], [99.2883, 9.4146], [99.2539, 9.2652], [99.3938, 9.2137], [99.7238, 9.3142], [99.8355, 9.2884], [99.9047, 9.1129], [99.9896, 8.5892], [100.1293, 8.4281], [100.1635, 8.5084], [100.2287, 8.4247], [100.2794, 8.2685], [100.4535, 7.4423], [100.5452, 7.2269], [100.4394, 7.2808], [100.3804, 7.5415], [100.2838, 7.5515], [100.3243, 7.6442], [100.3174, 7.716], [100.2566, 7.7749], [100.1582, 7.7281], [100.1607, 7.5993], [100.4235, 7.1878], [100.4897, 7.1614], [100.5862, 7.176], [100.7926, 6.9947], [101.0179, 6.8609], [101.302, 6.9083], [101.4979, 6.8653], [101.6143, 6.754], [101.7992, 6.4746], [102.1011, 6.2422], [102.0552, 6.0967], [101.9361, 5.9793], [101.8736, 5.8253], [101.7907, 5.7793], [101.6784, 5.7788], [101.5561, 5.9078], [101.257, 5.7894], [101.1906, 5.6688], [101.114, 5.6368], [100.9816, 5.771], [100.9928, 5.8462], [101.0756, 5.9565], [101.0535, 6.2426], [100.8739, 6.2454], [100.7545, 6.4601], [100.7156, 6.4807], [100.6295, 6.448], [100.3454, 6.5499], [100.2614, 6.6827], [100.1768, 6.6718], [100.1191, 6.442], [99.8687, 6.7499], [99.696, 6.8767], [99.7203, 7.1062], [99.6678, 7.1509], [99.6024, 7.1553], [99.553, 7.2188], [99.597, 7.3556], [99.4352, 7.3344], [99.3586, 7.3722], [99.2637, 7.619], [99.1834, 7.7181], [99.0776, 7.7181], [99.0427, 7.7656], [99.0511, 7.8878], [98.9739, 7.9628], [98.7887, 8.0598], [98.7035, 8.2567], [98.5792, 8.3443], [98.4998, 8.3178], [98.421, 8.1782], [98.3607, 8.187], [98.3055, 8.2262], [98.2382, 8.4231], [98.2418, 8.7679], [98.326, 8.9689], [98.3714, 9.2905], [98.493, 9.5614], [98.7469, 10.3508], [98.7754, 10.557], [98.7572, 10.6609], [99.1901, 11.1053], [99.4779, 11.6125], [99.5729, 11.6872], [99.6147, 11.7812], [99.5229, 12.0896], [99.4629, 12.1902], [99.3942, 12.4736], [99.4051, 12.5479], [99.2198, 12.7397], [99.1735, 12.9613], [99.1239, 13.0308], [99.1074, 13.1035], [99.1762, 13.2331], [99.1368, 13.7167], [98.9336, 14.0499], [98.57, 14.3599], [98.246, 14.8147], [98.2021, 14.9759], [98.191, 15.2041], [98.4521, 15.3574], [98.5569, 15.3677], [98.5924, 16.0507], [98.818, 16.1808], [98.8655, 16.2371], [98.8883, 16.3519], [98.8354, 16.4176], [98.6893, 16.3054], [98.6607, 16.3304], [98.4781, 16.7322], [98.4389, 16.9757], [98.2565, 17.1477], [97.7064, 17.7971], [97.7399, 17.9353], [97.6322, 18.2903], [97.5238, 18.2959], [97.4508, 18.3597], [97.3739, 18.518], [97.5151, 18.4978], [97.7459, 18.5882], [97.7061, 18.9318], [97.7142, 18.9965], [97.8039, 19.1305], [97.8168, 19.46], [97.9912, 19.6537], [98.015, 19.7495], [98.111, 19.7622], [98.2391, 19.6907], [98.3713, 19.6892], [98.7606, 19.7711], [98.9167, 19.7729], [98.9874, 19.8614], [99.0207, 20.0418], [99.0742, 20.0994], [99.1969, 20.1151], [99.3379, 20.0789], [99.4859, 20.1499], [99.4589, 20.363], [99.7201, 20.3254], [99.8903, 20.4244], [100.0036, 20.3796], [100.1225, 20.3166]]], [[[100.0741, 9.6967], [100.0257, 9.7117], [99.9834, 9.7936], [100.0435, 9.7917], [100.073, 9.7491], [100.0741, 9.6967]]], [[[100.0707, 9.586], [100.0537, 9.4614], [99.9624, 9.4216], [99.9313, 9.4761], [99.9396, 9.56], [100.043, 9.5769], [100.0707, 9.586]]], [[[99.6631, 6.5219], [99.6066, 6.5968], [99.654, 6.7141], [99.7014, 6.5706], [99.6631, 6.5219]]], [[[98.592, 7.9339], [98.58, 7.917], [98.5294, 8.1085], [98.6043, 8.0573], [98.592, 7.9339]]], [[[98.3075, 9.0515], [98.2508, 9.0408], [98.2736, 9.1299], [98.3012, 9.1391], [98.3125, 9.0804], [98.3075, 9.0515]]], [[[99.0784, 7.5918], [99.1044, 7.4713], [99.0377, 7.5485], [99.0451, 7.6365], [99.0784, 7.5918]]]]}}, {"type": "Feature", "properties": {"name": "Timor-Leste", "iso3": "TLS", "label": [125.8471, -8.8767]}, "geometry": {"type": "MultiPolygon", "coordinates": [[[[125.6461, -8.1399], [125.5795, -8.3118], [125.5071, -8.2751], [125.6211, -8.15], [125.6461, -8.1399]]], [[[125.0682, -9.5119], [124.9602, -9.2138], [125.1005, -9.1898], [125.1494, -9.1229], [125.149, -9.0426], [125.1004, -9.004], [124.9732, -9.0643], [124.9368, -9.0534], [124.9223, -8.9425], [125.027, -8.8591], [125.178, -8.6479], [125.3818, -8.5754], [125.8043, -8.4922], [126.6197, -8.4595], [126.9664, -8.3157], [127.2148, -8.3729], [127.2961, -8.4245], [126.9152, -8.7152], [126.6654, -8.782], [126.4869, -8.9127], [126.1643, -8.9967], [125.9461, -9.1239], [125.8403, -9.1302], [125.408, -9.2758], [125.2103, -9.4035], [125.0682, -9.5119]]], [[[124.0363, -9.3416], [124.1981, -9.2562], [124.4444, -9.1903], [124.413, -9.3144], [124.3193, -9.4138], [124.1155, -9.4231], [124.0524, -9.3754], [124.0363, -9.3416]]]]}}, {"type": "Feature", "properties": {"name": "Turkey", "iso3": "TUR", "label": [35.7767, 38.6441]}, "geometry": {"type": "MultiPolygon", "coordinates": [[[[25.97, 40.1363], [25.7402, 40.1055], [25.6689, 40.1359], [25.7409, 40.1963], [25.8748, 40.2337], [25.9184, 40.238], [25.9771, 40.1778], [25.97, 40.1363]]], [[[41.5101, 41.5175], [41.8235, 41.4324], [41.9258, 41.4957], [42.2111, 41.4867], [42.4664, 41.4398], [42.6068, 41.5788], [42.7879, 41.5637], [42.8217, 41.4924], [43.1713, 41.2879], [43.141, 41.2648], [43.2055, 41.1992], [43.4334, 41.1555], [43.4553, 41.0647], [43.6316, 40.929], [43.7227, 40.7195], [43.6679, 40.5741], [43.5693, 40.4824], [43.7099, 40.1665], [43.6662, 40.1264], [43.942, 40.0231], [44.2893, 40.0404], [44.3996, 39.9958], [44.8172, 39.6504], [44.5871, 39.7686], [44.456, 39.6667], [44.3894, 39.4221], [44.0232, 39.3774], [44.0791, 39.2183], [44.178, 39.1448], [44.1445, 38.9944], [44.1708, 38.9344], [44.2717, 38.836], [44.2985, 38.3863], [44.4499, 38.3342], [44.2113, 37.9081], [44.2229, 37.8802], [44.3362, 37.8718], [44.5899, 37.7104], [44.5453, 37.6582], [44.574, 37.4354], [44.7941, 37.2904], [44.7651, 37.1424], [44.606, 37.176], [44.2818, 36.978], [44.2017, 37.0518], [44.1918, 37.2499], [44.1145, 37.3019], [44.0132, 37.3135], [43.8364, 37.2235], [43.6758, 37.2272], [43.5158, 37.2445], [43.0925, 37.3674], [42.9366, 37.3248], [42.7746, 37.3719], [42.4559, 37.1287], [42.359, 37.1086], [42.3129, 37.2296], [42.2027, 37.2973], [42.0599, 37.2061], [41.5155, 37.0892], [41.2646, 37.0693], [40.9589, 37.1092], [40.7057, 37.0977], [40.0164, 36.8261], [39.3566, 36.6816], [38.7666, 36.6931], [38.4438, 36.8623], [38.1917, 36.9016], [37.4363, 36.6433], [37.0662, 36.6526], [36.9418, 36.7584], [36.6586, 36.8025], [36.5375, 36.4574], [36.6367, 36.234], [36.4771, 36.2207], [36.3754, 36.1712], [36.3476, 36.0035], [36.202, 35.9375], [36.1273, 35.8314], [35.8927, 35.9166], [35.9569, 35.9981], [35.8109, 36.3099], [36.1885, 36.659], [36.1801, 36.8072], [36.0489, 36.9106], [35.6611, 36.7243], [35.6256, 36.6528], [35.5374, 36.597], [35.3932, 36.5752], [34.7036, 36.8168], [34.2996, 36.6042], [33.9549, 36.2952], [33.6947, 36.182], [32.9295, 36.0957], [32.7948, 36.0359], [32.5338, 36.1007], [32.3777, 36.1836], [32.022, 36.5353], [31.3525, 36.8011], [30.644, 36.8657], [30.582, 36.7972], [30.5585, 36.5258], [30.4461, 36.2699], [30.3873, 36.2433], [30.2316, 36.3073], [29.6891, 36.1567], [29.2236, 36.3245], [29.1433, 36.3972], [29.0383, 36.6935], [28.9696, 36.7153], [28.8959, 36.6736], [28.8169, 36.6753], [28.4836, 36.8038], [28.3037, 36.812], [28.1956, 36.6863], [28.0194, 36.6345], [28.084, 36.7515], [27.8038, 36.7365], [27.6559, 36.6746], [27.4539, 36.7122], [27.4669, 36.7463], [27.6309, 36.7867], [28.0054, 36.832], [28.2424, 37.0291], [27.3489, 37.0196], [27.263, 36.9766], [27.2497, 37.0791], [27.3002, 37.1269], [27.5351, 37.1639], [27.5201, 37.2491], [27.3763, 37.3407], [27.2192, 37.3892], [27.1479, 37.6036], [27.068, 37.6579], [27.0778, 37.6877], [27.2244, 37.7254], [27.2324, 37.9787], [26.9438, 38.0629], [26.8786, 38.0548], [26.8074, 38.1383], [26.6828, 38.1983], [26.5824, 38.1493], [26.2907, 38.2772], [26.3437, 38.3701], [26.4164, 38.3679], [26.3778, 38.6242], [26.4413, 38.6412], [26.5136, 38.6295], [26.5865, 38.557], [26.595, 38.4186], [26.6742, 38.3357], [26.7273, 38.4186], [26.8614, 38.3729], [27.0986, 38.4157], [27.1442, 38.452], [26.9704, 38.4479], [26.9068, 38.4817], [26.7637, 38.7096], [26.9092, 38.7758], [27.0137, 38.8869], [26.8149, 38.961], [26.8536, 39.1156], [26.6818, 39.2922], [26.9109, 39.5173], [26.8992, 39.5497], [26.8271, 39.5629], [26.1131, 39.4674], [26.1813, 39.9901], [26.3134, 40.025], [26.7381, 40.4002], [27.0121, 40.3963], [27.1217, 40.4523], [27.2846, 40.4556], [27.3326, 40.3759], [27.4756, 40.3199], [27.728, 40.3288], [27.8485, 40.3817], [27.7318, 40.4815], [27.8749, 40.5129], [27.9896, 40.4895], [27.9289, 40.3804], [27.9626, 40.3699], [28.2891, 40.403], [28.6303, 40.3765], [29.0071, 40.3897], [29.0552, 40.4242], [28.7879, 40.534], [28.958, 40.6306], [29.8449, 40.7381], [29.8492, 40.7601], [29.3647, 40.8093], [29.1139, 40.9378], [29.0455, 41.0076], [29.0943, 41.1772], [29.1481, 41.221], [29.3223, 41.2277], [29.9193, 41.1508], [30.3449, 41.1969], [30.8101, 41.0849], [31.2549, 41.1076], [31.3467, 41.1579], [31.458, 41.32], [32.0864, 41.5892], [32.3064, 41.7296], [33.2848, 42.0046], [34.7505, 41.9568], [35.0064, 42.0633], [35.1549, 42.0275], [35.1221, 41.8911], [35.2978, 41.7285], [35.558, 41.634], [35.9198, 41.7137], [36.0518, 41.6826], [36.1792, 41.4266], [36.4054, 41.2746], [36.5097, 41.2625], [36.6471, 41.3525], [36.7777, 41.3635], [36.992, 41.2754], [37.0662, 41.1844], [37.7656, 41.0789], [37.9101, 41.0019], [38.3811, 40.9245], [39.4264, 41.1064], [39.8079, 40.9825], [40.1284, 40.943], [40.2652, 40.9613], [40.6875, 41.1074], [40.8195, 41.1902], [41.0836, 41.2612], [41.4144, 41.4236], [41.5101, 41.5175]]], [[[28.0145, 41.969], [27.9873, 41.8549], [28.1979, 41.5545], [28.3464, 41.4664], [29.0572, 41.2297], [28.9563, 41.0082], [28.7804, 40.9742], [28.1722, 41.0807], [27.9252, 40.9906], [27.7474, 41.0133], [27.4994, 40.9731], [27.4302, 40.8399], [27.258, 40.6874], [26.7721, 40.498], [26.33, 40.1234], [26.2027, 40.0754], [26.2602, 40.2024], [26.2538, 40.3147], [26.4475, 40.445], [26.7203, 40.5442], [26.7921, 40.6266], [26.1055, 40.6113], [26.039, 40.7268], [26.1092, 40.7497], [26.3311, 40.9545], [26.3307, 41.2388], [26.6023, 41.3541], [26.6249, 41.4018], [26.5813, 41.6013], [26.3209, 41.7166], [26.3272, 41.7728], [26.5114, 41.8264], [26.6153, 41.9649], [26.8849, 41.9918], [27.0117, 42.0586], [27.2443, 42.0933], [27.5349, 41.9208], [27.8792, 41.9866], [28.0145, 41.969]]]]}}, {"type": "Feature", "properties": {"name": "Turkmenistan", "iso3": "TKM", "label": [58.4254, 39.5252]}, "geometry": {"type": "MultiPolygon", "coordinates": [[[[53.1096, 38.8031], [53.1002, 38.7562], [53.0186, 39.0527], [53.0922, 39.0941], [53.0552, 39.0379], [53.1096, 38.8031]]], [[[55.9774, 41.3222], [57.018, 41.2635], [57.1188, 41.3503], [57.0182, 41.4506], [56.9641, 41.8565], [57.2906, 42.1238], [57.3817, 42.1563], [57.8143, 42.1898], [57.9457, 42.42], [58.0289, 42.4876], [58.2829, 42.4289], [58.3971, 42.2925], [58.4744, 42.2994], [58.4182, 42.4067], [58.1516, 42.6281], [58.2597, 42.6881], [58.4771, 42.6628], [58.5323, 42.6819], [58.5891, 42.7785], [58.877, 42.5615], [59.1596, 42.5114], [59.2766, 42.3562], [59.3543, 42.3233], [59.8583, 42.2952], [59.9852, 42.2117], [59.9418, 41.9735], [60.1069, 41.9074], [60.2008, 41.8031], [60.0756, 41.7597], [60.138, 41.5941], [60.0688, 41.4762], [60.0896, 41.3994], [60.455, 41.2216], [60.8672, 41.2487], [61.2424, 41.1892], [61.3289, 41.1951], [61.3875, 41.2521], [61.497, 41.2761], [61.6445, 41.2398], [61.9028, 41.0937], [62.095, 40.6833], [62.1885, 40.5412], [62.298, 40.4675], [62.375, 40.3321], [62.4832, 39.9756], [63.5061, 39.3771], [63.7637, 39.1605], [64.1628, 38.9536], [64.31, 38.9773], [64.6219, 38.7564], [65.6129, 38.2386], [65.7285, 38.2264], [65.8571, 38.2687], [65.9712, 38.2442], [66.3897, 38.0509], [66.5745, 38.0108], [66.6293, 37.932], [66.5256, 37.7857], [66.5223, 37.3485], [66.1084, 37.4147], [65.765, 37.5691], [65.6412, 37.4678], [65.555, 37.2512], [65.0896, 37.2379], [64.8163, 37.1321], [64.511, 36.3407], [64.358, 36.2261], [64.0922, 36.1127], [64.0097, 36.0121], [63.8625, 36.0124], [63.3017, 35.8584], [63.13, 35.8462], [63.1086, 35.8187], [63.1697, 35.6781], [63.0842, 35.5681], [63.0566, 35.4458], [62.6881, 35.2553], [62.6105, 35.2332], [62.4629, 35.2514], [62.3078, 35.1708], [62.2131, 35.2899], [61.9839, 35.4437], [61.621, 35.4323], [61.5428, 35.4579], [61.3447, 35.6295], [61.262, 35.6196], [61.2521, 35.8676], [61.1529, 35.9768], [61.212, 36.1905], [61.1699, 36.5723], [61.1196, 36.6426], [60.3413, 36.6376], [60.0628, 36.9629], [59.9486, 37.0416], [59.5622, 37.1789], [59.455, 37.2528], [59.3674, 37.3337], [59.3018, 37.5106], [58.8154, 37.6835], [58.6502, 37.6516], [58.5505, 37.6882], [58.3867, 37.6354], [58.2616, 37.6658], [58.1088, 37.7831], [57.9806, 37.8305], [57.3537, 37.9733], [57.3081, 38.1304], [57.1936, 38.2164], [56.4406, 38.2494], [56.3241, 38.1911], [56.2721, 38.0804], [55.5784, 38.0998], [55.3809, 38.0511], [54.9001, 37.7779], [54.6994, 37.4702], [54.1916, 37.3325], [53.9142, 37.3436], [53.8235, 37.9279], [53.8687, 38.9493], [53.7241, 39.1031], [53.7046, 39.2096], [53.6176, 39.216], [53.475, 39.3057], [53.3363, 39.3408], [53.2033, 39.3168], [53.1566, 39.265], [53.1248, 39.4321], [53.2356, 39.6085], [53.3896, 39.5364], [53.6031, 39.547], [53.5824, 39.6074], [53.4723, 39.6688], [53.4505, 39.7485], [53.4873, 39.9094], [53.4042, 39.9604], [52.9875, 39.9876], [52.9521, 39.8955], [53.0355, 39.7744], [52.8047, 40.054], [52.7337, 40.3987], [52.9435, 41.0381], [53.1452, 40.825], [53.3329, 40.7827], [53.5203, 40.8311], [53.6152, 40.8185], [53.7638, 40.6657], [53.87, 40.6487], [54.193, 40.7204], [54.3773, 40.6933], [54.3194, 40.8346], [54.3744, 40.8714], [54.5471, 40.8323], [54.6851, 40.873], [54.7232, 40.9513], [54.7037, 41.0711], [54.5922, 41.1936], [54.2846, 41.3637], [54.0948, 41.5194], [53.8465, 42.0912], [53.8047, 42.1176], [53.6249, 42.1364], [53.285, 42.0818], [53.1642, 42.0938], [52.97, 41.9762], [52.8148, 41.7118], [52.8835, 41.6525], [52.8302, 41.3419], [52.8504, 41.2003], [52.6094, 41.5294], [52.4938, 41.7804], [52.8705, 42.0606], [53.0559, 42.1478], [53.6854, 42.2969], [54.121, 42.3352], [54.6779, 42.0782], [54.8538, 41.9652], [55.2496, 41.4581], [55.4344, 41.2963], [55.5452, 41.2627], [55.935, 41.3241], [55.9774, 41.3222]]]]}}, {"type": "Feature", "properties": {"name": "United Arab Emirates", "iso3": "ARE", "label": [54.4843, 24.1858]}, "geometry": {"type": "MultiPolygon", "coordinates": [[[[56.2979, 25.6507], [56.3635, 25.5694], [56.388, 24.9792], [56.0639, 24.7388], [55.9703, 24.8589], [56.0167, 24.9077], [56.0006, 24.9532], [55.9158, 24.9718], [55.7957, 24.8681], [55.8039, 24.6362], [55.7682, 24.4906], [55.8057, 24.3498], [55.7608, 24.2427], [55.9286, 24.2151], [55.9852, 24.0634], [55.5479, 23.9914], [55.4685, 23.9411], [55.5316, 23.819], [55.5085, 23.7246], [55.1999, 23.0348], [55.1858, 22.7041], [55.1194, 22.6239], [52.5551, 22.9328], [51.5722, 24.1283], [51.5684, 24.2862], [51.6055, 24.3384], [51.6646, 24.2504], [51.7676, 24.2544], [51.7917, 24.0748], [51.9061, 23.9854], [52.1186, 23.9711], [52.2509, 23.9952], [52.6482, 24.1546], [53.8934, 24.0771], [54.3971, 24.2782], [54.5347, 24.531], [54.7468, 24.8104], [55.0981, 25.0416], [55.5229, 25.4981], [55.9412, 25.794], [56.0805, 26.0626], [56.1675, 26.0475], [56.1446, 25.6905], [56.1836, 25.6449], [56.2785, 25.6277], [56.2979, 25.6507]], [[56.2818, 25.2355], [56.2773, 25.3009], [56.2343, 25.3038], [56.2105, 25.2133], [56.2402, 25.2088], [56.2818, 25.2355]]], [[[53.3322, 24.2586], [53.2583, 24.2529], [53.1909, 24.2909], [53.3325, 24.3416], [53.4124, 24.411], [53.4453, 24.3712], [53.3826, 24.2809], [53.3322, 24.2586]]], [[[52.6169, 24.2886], [52.5836, 24.3523], [52.6294, 24.3768], [52.6576, 24.3326], [52.6169, 24.2886]]], [[[53.9278, 24.1772], [53.9281, 24.1434], [53.7991, 24.1355], [53.6345, 24.1698], [53.8338, 24.2589], [53.8937, 24.2151], [53.9278, 24.1772]]], [[[54.4654, 24.4428], [54.4284, 24.4251], [54.3348, 24.471], [54.3983, 24.5063], [54.4266, 24.471], [54.4654, 24.4428]]]]}}, {"type": "Feature", "properties": {"name": "Uzbekistan", "iso3": "UZB", "label": [65.7382, 41.2597]}, "geometry": {"type": "MultiPolygon", "coordinates": [[[[70.9468, 42.2487], [71.036, 42.2847], [71.2127, 42.2064], [71.2285, 42.1629], [70.8566, 42.0308], [70.8033, 41.9227], [70.6309, 41.8755], [70.455, 41.725], [70.181, 41.5714], [70.2009, 41.5145], [70.4714, 41.4126], [70.6889, 41.4498], [70.7824, 41.2625], [70.8604, 41.2249], [71.1107, 41.1526], [71.3931, 41.1234], [71.4209, 41.3419], [71.5, 41.3075], [71.5855, 41.3333], [71.6022, 41.5033], [71.6649, 41.5412], [71.7007, 41.454], [71.7925, 41.4131], [71.858, 41.3114], [71.8786, 41.195], [72.1643, 41.1737], [72.1873, 41.0259], [72.3641, 41.0435], [72.6583, 40.8699], [72.8666, 40.8423], [72.99, 40.8601], [73.1369, 40.8106], [72.7738, 40.6504], [72.6041, 40.5254], [72.4021, 40.5781], [72.3697, 40.5197], [72.406, 40.4631], [72.3577, 40.4017], [72.2328, 40.4544], [72.1312, 40.4386], [71.9557, 40.2586], [71.6925, 40.1523], [71.6299, 40.2171], [71.5204, 40.209], [71.3047, 40.2869], [70.6027, 40.2142], [70.5336, 40.3245], [70.3716, 40.3841], [70.3771, 40.4393], [70.712, 40.6691], [70.751, 40.7396], [70.6392, 40.7786], [70.6573, 40.8396], [70.402, 41.0351], [70.2921, 40.8917], [69.7129, 40.657], [69.4139, 40.7972], [69.3094, 40.7239], [69.314, 40.6348], [69.2062, 40.5666], [69.3042, 40.3274], [69.2944, 40.2966], [69.2195, 40.2881], [69.2749, 40.1981], [68.9518, 40.2226], [68.6307, 40.1671], [68.6397, 40.1292], [68.9269, 40.1363], [68.9721, 40.0899], [68.8047, 40.0503], [68.7895, 40.0133], [68.8688, 39.9075], [68.8324, 39.8843], [68.7778, 39.9042], [68.7353, 39.8362], [68.639, 39.8389], [68.5861, 39.635], [68.5069, 39.5628], [68.399, 39.5289], [67.719, 39.6214], [67.5425, 39.5576], [67.4262, 39.4656], [67.3576, 39.2167], [67.6483, 39.1311], [67.6944, 38.9946], [68.0443, 38.9836], [68.1325, 38.9276], [68.1485, 38.8906], [68.0479, 38.6693], [68.0872, 38.4735], [68.1441, 38.3831], [68.3503, 38.211], [68.294, 38.0329], [68.0876, 37.8354], [67.8144, 37.487], [67.759, 37.1722], [67.7, 37.2272], [67.5465, 37.2356], [67.5173, 37.2666], [67.3197, 37.2096], [67.1955, 37.2352], [67.0688, 37.3348], [66.8277, 37.3713], [66.5223, 37.3485], [66.5256, 37.7857], [66.6293, 37.932], [66.5745, 38.0108], [66.3897, 38.0509], [65.9712, 38.2442], [65.8571, 38.2687], [65.7285, 38.2264], [65.6129, 38.2386], [64.6219, 38.7564], [64.31, 38.9773], [64.1628, 38.9536], [63.7637, 39.1605], [63.5061, 39.3771], [62.4832, 39.9756], [62.375, 40.3321], [62.095, 40.6833], [61.9028, 41.0937], [61.6445, 41.2398], [61.497, 41.2761], [61.3875, 41.2521], [61.3289, 41.1951], [61.2424, 41.1892], [60.8672, 41.2487], [60.455, 41.2216], [60.0896, 41.3994], [60.0687, 41.4762], [60.138, 41.5941], [60.0756, 41.7597], [60.2008, 41.8031], [60.1069, 41.9074], [59.9418, 41.9735], [59.9852, 42.2117], [59.8583, 42.2952], [59.3543, 42.3233], [59.2766, 42.3562], [59.1596, 42.5114], [58.877, 42.5615], [58.5891, 42.7785], [58.5323, 42.6819], [58.4771, 42.6628], [58.2597, 42.6881], [58.1516, 42.6281], [58.4182, 42.4067], [58.4744, 42.2994], [58.3971, 42.2925], [58.2829, 42.4289], [58.0289, 42.4876], [57.9457, 42.42], [57.8143, 42.1898], [57.3817, 42.1563], [57.2906, 42.1238], [56.9641, 41.8565], [57.0182, 41.4506], [57.1188, 41.3503], [57.018, 41.2635], [55.9774, 41.3222], [55.9757, 44.9949], [58.5553, 45.5554], [61.0079, 44.3938], [61.1607, 44.1686], [61.9902, 43.4921], [63.207, 43.628], [64.4432, 43.5512], [64.9055, 43.7147], [65.2705, 43.4175], [65.4962, 43.3105], [65.803, 42.877], [66.1003, 42.9908], [66.0096, 42.0049], [66.4986, 41.9949], [66.7097, 41.1791], [66.8143, 41.1424], [67.7351, 41.1873], [67.8051, 41.1639], [67.9357, 41.1966], [68.1131, 41.0286], [68.0477, 40.8093], [68.1603, 40.7218], [68.415, 40.6194], [68.5727, 40.6227], [68.5841, 40.8763], [68.7371, 41.0419], [68.9869, 41.205], [69.0649, 41.3669], [69.1536, 41.4252], [69.3684, 41.4906], [69.401, 41.5419], [69.6639, 41.6721], [70.0956, 41.8205], [70.416, 42.0786], [70.5843, 42.036], [70.7152, 42.1687], [70.8604, 42.2072], [70.9468, 42.2487]], [[70.6525, 40.9366], [70.5721, 41.0248], [70.6228, 40.9344], [70.6525, 40.9366]]], [[[71.2062, 39.8926], [71.0117, 39.8951], [71.0448, 39.9925], [70.9606, 40.088], [71.0055, 40.1523], [71.0804, 40.0799], [71.2287, 40.0481], [71.1793, 39.9798], [71.2156, 39.9068], [71.2062, 39.8926]]], [[[71.7797, 39.9502], [71.7529, 39.9071], [71.6689, 39.9461], [71.7899, 39.9953], [71.7797, 39.9502]]]]}}, {"type": "Feature", "properties": {"name": "Vietnam", "iso3": "VNM", "label": [106.0801, 16.6006]}, "geometry": {"type": "MultiPolygon", "coordinates": [[[[104.064, 10.3908], [104.0758, 10.2249], [104.0185, 10.0292], [103.9521, 10.2429], [103.8495, 10.3711], [104.0277, 10.4284], [104.064, 10.3908]]], [[[107.9727, 21.508], [107.8091, 21.4971], [107.6367, 21.3681], [107.41, 21.2848], [107.3543, 21.0552], [107.1647, 20.9487], [107.0752, 20.9993], [106.8862, 20.95], [106.6834, 21.0003], [106.7534, 20.7351], [106.5508, 20.5266], [106.5729, 20.3922], [106.518, 20.2889], [106.1657, 19.992], [106.0622, 19.9874], [105.9841, 19.9391], [105.814, 19.5875], [105.7911, 19.2942], [105.7164, 19.1278], [105.6391, 19.0572], [105.6218, 18.9663], [105.8883, 18.5025], [106.0656, 18.3164], [106.2396, 18.2207], [106.499, 17.9464], [106.4594, 17.8737], [106.4789, 17.7196], [106.3559, 17.765], [106.3705, 17.7469], [106.5168, 17.6628], [106.7357, 17.3672], [107.1199, 17.0555], [107.1804, 16.8979], [107.5493, 16.6426], [107.5408, 16.6086], [107.8031, 16.4031], [107.8338, 16.3225], [108.0294, 16.3311], [108.209, 16.0911], [108.2674, 16.0898], [108.286, 15.9891], [108.5778, 15.5847], [108.8213, 15.3779], [108.9399, 15.0015], [109.0849, 14.7162], [109.087, 14.5526], [109.3033, 13.8564], [109.2881, 13.765], [109.2471, 13.8547], [109.2521, 13.5905], [109.2881, 13.4508], [109.2719, 13.2793], [109.4239, 12.956], [109.4449, 12.5996], [109.3355, 12.7519], [109.2189, 12.6458], [109.3047, 12.3912], [109.2068, 12.4154], [109.2157, 12.0729], [109.2592, 11.9545], [109.2473, 11.9087], [109.1991, 11.999], [109.1575, 11.8371], [109.1986, 11.7249], [109.1325, 11.6011], [109.0396, 11.5927], [108.9867, 11.3364], [108.8208, 11.3154], [108.7003, 11.1993], [108.5513, 11.156], [108.2717, 10.9343], [108.0949, 10.8973], [108.0014, 10.7204], [107.8451, 10.7001], [107.2615, 10.3984], [107.1941, 10.4716], [107.0878, 10.4983], [107.0066, 10.6605], [106.9475, 10.4003], [106.9021, 10.3828], [106.8127, 10.4333], [106.7273, 10.5356], [106.6059, 10.4649], [106.7412, 10.4444], [106.7775, 10.3761], [106.7574, 10.2958], [106.4641, 10.2983], [106.729, 10.1933], [106.7853, 10.1165], [106.6592, 9.9914], [106.6568, 9.9011], [106.5956, 9.8599], [106.4491, 9.9396], [106.1364, 10.2217], [106.5074, 9.8212], [106.5725, 9.6411], [106.4841, 9.5594], [106.378, 9.5561], [106.204, 9.6754], [105.9257, 9.9617], [105.831, 10.0007], [106.1586, 9.5941], [106.2062, 9.5023], [106.1684, 9.3967], [105.501, 9.0932], [105.3223, 8.8011], [105.1144, 8.6292], [104.8919, 8.5833], [104.7704, 8.5977], [104.8963, 8.7466], [104.8186, 8.8019], [104.8452, 9.6062], [104.9032, 9.8163], [105.0926, 9.901], [105.0949, 9.9453], [105.0278, 10.0674], [104.8732, 10.1148], [104.802, 10.2027], [104.6635, 10.1699], [104.4264, 10.4112], [104.5643, 10.516], [104.8506, 10.5345], [105.0464, 10.7017], [105.0223, 10.8869], [105.0457, 10.9114], [105.3146, 10.8452], [105.4058, 10.9516], [105.7551, 10.99], [105.8533, 10.8636], [105.9382, 10.8852], [106.0988, 10.7973], [106.164, 10.7949], [106.1315, 10.922], [106.1609, 11.0371], [105.8561, 11.2943], [105.8515, 11.635], [105.9266, 11.6529], [106.0061, 11.758], [106.3992, 11.687], [106.4139, 11.9484], [106.7001, 11.9793], [106.7646, 12.0523], [106.9307, 12.0775], [107.2121, 12.304], [107.3301, 12.319], [107.3934, 12.2605], [107.5064, 12.3646], [107.5555, 12.54], [107.4754, 13.0304], [107.6055, 13.4378], [107.3314, 14.1266], [107.3645, 14.3687], [107.4484, 14.4512], [107.5353, 14.65], [107.5245, 14.8718], [107.4804, 14.9799], [107.5553, 15.057], [107.6531, 15.2552], [107.5643, 15.3916], [107.2794, 15.6187], [107.1659, 15.8025], [107.392, 15.9517], [107.3964, 16.043], [107.2174, 16.1363], [107.0697, 16.2798], [106.9307, 16.3531], [106.8511, 16.5156], [106.7396, 16.4525], [106.6564, 16.4926], [106.5462, 16.6507], [106.5022, 16.9541], [106.426, 17.0025], [106.2695, 17.2168], [106.0062, 17.4153], [105.6914, 17.7378], [105.6272, 17.8344], [105.5885, 17.9837], [105.4582, 18.1543], [105.3335, 18.1896], [105.1146, 18.4053], [105.087, 18.4962], [105.1465, 18.651], [104.9932, 18.7283], [104.7165, 18.8034], [103.8916, 19.305], [103.8964, 19.34], [104.0275, 19.4205], [104.0629, 19.4826], [104.0135, 19.6465], [104.032, 19.6751], [104.2599, 19.6855], [104.5879, 19.6187], [104.7432, 19.7547], [104.8151, 19.904], [104.9279, 20.0181], [104.9292, 20.0828], [104.8479, 20.2024], [104.6987, 20.2053], [104.6188, 20.3745], [104.3678, 20.4414], [104.5327, 20.5549], [104.5832, 20.6467], [104.3496, 20.8211], [104.1014, 20.9455], [103.882, 20.8614], [103.7905, 20.8095], [103.7145, 20.7169], [103.6351, 20.6971], [103.1045, 20.8916], [102.8512, 21.2659], [102.9486, 21.5698], [102.9496, 21.6813], [102.8452, 21.7348], [102.8159, 21.8074], [102.7386, 21.6779], [102.662, 21.676], [102.5825, 21.9043], [102.4875, 21.9578], [102.1274, 22.3792], [102.237, 22.466], [102.4064, 22.708], [102.4709, 22.7509], [102.8301, 22.5872], [102.9819, 22.4482], [103.1363, 22.5422], [103.1376, 22.593], [103.3267, 22.7698], [103.493, 22.588], [103.6202, 22.782], [103.9415, 22.5401], [103.9908, 22.5861], [104.0539, 22.7523], [104.1431, 22.8001], [104.2125, 22.8094], [104.2983, 22.712], [104.3718, 22.7041], [104.5269, 22.8041], [104.6873, 22.8222], [104.7957, 22.9111], [104.8266, 23.1002], [104.8647, 23.1364], [105.2754, 23.3452], [105.4401, 23.2354], [105.5481, 23.0727], [105.6912, 23.0299], [105.843, 22.9228], [105.9623, 22.9375], [106.001, 22.9748], [106.1484, 22.9701], [106.279, 22.8575], [106.5418, 22.9083], [106.7803, 22.7789], [106.7016, 22.6377], [106.5824, 22.5732], [106.5504, 22.5014], [106.5536, 22.3417], [106.6365, 22.2886], [106.6542, 22.2415], [106.6636, 21.9789], [106.7295, 22.0003], [106.971, 21.9239], [107.0616, 21.7942], [107.1785, 21.7171], [107.2721, 21.7106], [107.3512, 21.6089], [107.4335, 21.6423], [107.4714, 21.5983], [107.641, 21.6139], [107.7593, 21.655], [107.9084, 21.5604], [107.9727, 21.508]]], [[[106.6175, 8.6828], [106.568, 8.7009], [106.6586, 8.7664], [106.6525, 8.7011], [106.6175, 8.6828]]], [[[107.1677, 10.3972], [107.0838, 10.3366], [107.0779, 10.3875], [107.1949, 10.4457], [107.1677, 10.3972]]], [[[106.8656, 20.8157], [106.8541, 20.7964], [106.7694, 20.8642], [106.7953, 20.9279], [106.8551, 20.8583], [106.8656, 20.8157]]], [[[107.6027, 21.2168], [107.4587, 21.0917], [107.4035, 21.0937], [107.4763, 21.2689], [107.5627, 21.2204], [107.6027, 21.2168]]], [[[107.5213, 20.9266], [107.3992, 20.9035], [107.5513, 21.034], [107.5511, 20.9812], [107.5213, 20.9266]]], [[[107.0313, 20.747], [106.99, 20.7431], [106.9106, 20.8242], [106.9534, 20.867], [107.0438, 20.8368], [107.0423, 20.761], [107.0313, 20.747]]]]}}, {"type": "Feature", "properties": {"name": "Yemen", "iso3": "YEM", "label": [47.0691, 16.0794]}, "geometry": {"type": "MultiPolygon", "coordinates": [[[[53.0856, 16.6484], [52.5814, 16.4704], [52.3277, 16.2936], [52.2373, 16.1714], [52.174, 15.9568], [52.2175, 15.6555], [51.7486, 15.4401], [51.6037, 15.3368], [51.0151, 15.1408], [50.5271, 15.0382], [50.1669, 14.851], [49.9063, 14.8281], [49.3499, 14.6378], [49.048, 14.4564], [48.9287, 14.2675], [48.6684, 14.0501], [48.2778, 13.9977], [47.9899, 14.0481], [47.6334, 13.8584], [47.4077, 13.6616], [46.9757, 13.5475], [46.7889, 13.4656], [46.502, 13.4156], [45.9197, 13.3943], [45.6573, 13.3387], [45.3936, 13.067], [45.1639, 12.9983], [45.0387, 12.8159], [44.7553, 12.7638], [44.6178, 12.8172], [44.3585, 12.6691], [44.0059, 12.6077], [43.6344, 12.7445], [43.4876, 12.6988], [43.4753, 12.839], [43.2319, 13.2671], [43.2824, 13.6925], [43.2341, 13.8589], [43.0891, 14.011], [43.0934, 14.2037], [43.0063, 14.4831], [43.0211, 14.5549], [42.9222, 14.8174], [42.9364, 14.9386], [42.8557, 15.133], [42.6578, 15.2328], [42.6979, 15.3263], [42.7885, 15.2657], [42.799, 15.3263], [42.7172, 15.6546], [42.8396, 16.032], [42.7993, 16.3718], [43.0336, 16.5504], [43.1048, 16.6642], [43.165, 16.6894], [43.1845, 16.8118], [43.1165, 16.942], [43.156, 17.205], [43.2369, 17.2665], [43.1909, 17.3594], [43.3461, 17.486], [43.418, 17.5163], [43.5393, 17.4987], [43.713, 17.3655], [43.917, 17.3247], [44.156, 17.3985], [45.148, 17.4274], [45.4065, 17.3198], [45.5354, 17.3021], [46.3104, 17.2313], [46.7276, 17.2656], [46.9757, 16.9535], [47.1436, 16.9467], [47.4418, 17.1119], [47.5796, 17.4483], [48.1722, 18.1569], [49.042, 18.5818], [49.1924, 18.6213], [51.9776, 18.9961], [52.7292, 17.3004], [52.8006, 17.2679], [53.025, 16.7802], [53.0856, 16.6484]]], [[[42.5902, 15.3034], [42.5587, 15.2812], [42.549, 15.3201], [42.6023, 15.4325], [42.6104, 15.3323], [42.5902, 15.3034]]], [[[42.7559, 13.7043], [42.6897, 13.6736], [42.735, 13.753], [42.7941, 13.7661], [42.7559, 13.7043]]], [[[42.7874, 13.9715], [42.7561, 13.9549], [42.694, 14.0079], [42.7621, 14.0675], [42.7983, 14.0123], [42.7874, 13.9715]]], [[[53.7632, 12.6368], [54.1874, 12.664], [54.5111, 12.5528], [54.1295, 12.3606], [53.7188, 12.319], [53.5983, 12.3423], [53.3158, 12.5332], [53.431, 12.6636], [53.535, 12.7158], [53.6385, 12.7074], [53.7632, 12.6368]]]]}}]}