{"type": "FeatureCollection", "features": [{"type": "Feature", "properties": {"name": "Albania", "iso3": "ALB", "label": [20.1029, 41.0911]}, "geometry": {"type": "MultiPolygon", "coordinates": [[[[19.3424, 41.8691], [19.3614, 42.0691], [19.2807, 42.1726], [19.5975, 42.5654], [19.7034, 42.6479], [19.7883, 42.4762], [20.064, 42.5473], [20.2405, 42.339], [20.4083, 42.275], [20.5229, 42.1715], [20.5814, 41.9174], [20.5052, 41.7065], [20.5162, 41.5748], [20.4486, 41.5213], [20.489, 41.2726], [20.5679, 41.1278], [20.6561, 41.0617], [20.7093, 40.9284], [20.9335, 40.9031], [21.0309, 40.6225], [20.9502, 40.4944], [20.8061, 40.4455], [20.6574, 40.1174], [20.408, 40.0495], [20.3111, 39.9794], [20.3824, 39.8026], [20.3062, 39.7967], [20.2721, 39.7012], [20.2068, 39.6535], [20.0013, 39.7094], [19.9648, 39.8723], [19.8519, 40.0436], [19.4846, 40.21], [19.3223, 40.4071], [19.4405, 40.3757], [19.4592, 40.4054], [19.3375, 40.6638], [19.4612, 40.9333], [19.4801, 41.2364], [19.4406, 41.4248], [19.4974, 41.5627], [19.5757, 41.6404], [19.5775, 41.7875], [19.4683, 41.8562], [19.3424, 41.8691]]]]}}, {"type": "Feature", "properties": {"name": "Andorra", "iso3": "AND", "label": [1.5632, 42.53]}, "geometry": {"type": "MultiPolygon", "coordinates": [[[[1.7061, 42.5033], [1.4488, 42.4375], [1.4283, 42.5959], [1.5014, 42.6427], [1.7099, 42.6044], [1.7395, 42.5759], [1.714, 42.5256], [1.7061, 42.5033]]]]}}, {"type": "Feature", "properties": {"name": "Austria", "iso3": "AUT", "label": [13.4461, 47.5748]}, "geometry": {"type": "MultiPolygon", "coordinates": [[[[9.5275, 47.2708], [9.6259, 47.467], [9.524, 47.5242], [9.6506, 47.5259], [9.7489, 47.5755], [9.9716, 47.5053], [10.0599, 47.4491], [10.0663, 47.3934], [10.2003, 47.3634], [10.183, 47.2788], [10.3128, 47.3134], [10.3691, 47.3661], [10.4395, 47.5516], [10.873, 47.5202], [10.9809, 47.3981], [11.042, 47.3931], [11.2979, 47.4249], [11.393, 47.4872], [11.7168, 47.5835], [12.1856, 47.6195], [12.2093, 47.7183], [12.4829, 47.6373], [12.6858, 47.6693], [12.7714, 47.6394], [12.8094, 47.5422], [13.0144, 47.4781], [13.0541, 47.6551], [13.0336, 47.6987], [12.8977, 47.7219], [12.9535, 47.8906], [12.7601, 48.076], [12.8143, 48.1608], [13.3746, 48.3614], [13.4866, 48.5818], [13.6752, 48.523], [13.7239, 48.5424], [13.7854, 48.5875], [13.8147, 48.7669], [13.9888, 48.6924], [14.0491, 48.6025], [14.3676, 48.5762], [14.4887, 48.6255], [14.6913, 48.5992], [14.7859, 48.7474], [14.9226, 48.7714], [14.9935, 49.0011], [15.1617, 48.9463], [15.3109, 48.974], [15.7008, 48.8604], [15.8252, 48.8645], [16.0572, 48.7548], [16.3673, 48.739], [16.4779, 48.8001], [16.5436, 48.7962], [16.8837, 48.7037], [16.9531, 48.5988], [16.8654, 48.3869], [17.0859, 48.0396], [17.1474, 48.006], [17.0301, 47.8371], [17.0666, 47.7076], [16.7859, 47.6787], [16.5909, 47.7505], [16.4213, 47.6745], [16.6397, 47.6089], [16.6766, 47.536], [16.623, 47.4476], [16.4429, 47.3995], [16.4626, 47.2731], [16.4169, 47.2234], [16.4384, 47.1459], [16.4927, 47.1227], [16.4612, 47.0225], [16.2525, 46.9719], [16.0372, 46.8448], [15.9769, 46.8014], [15.9576, 46.6776], [15.7669, 46.7113], [15.4393, 46.6296], [15.217, 46.643], [14.8933, 46.6059], [14.5498, 46.3997], [12.4792, 46.6725], [12.3883, 46.7026], [12.1541, 46.9353], [12.1308, 46.9848], [12.2013, 47.0609], [12.1694, 47.0821], [11.7757, 46.9861], [11.2444, 46.9757], [11.1339, 46.9362], [11.0251, 46.797], [10.9273, 46.7695], [10.7598, 46.7933], [10.6893, 46.8464], [10.4528, 46.8649], [10.4149, 46.9644], [10.3494, 46.9848], [10.1335, 46.8515], [9.8777, 46.9377], [9.8453, 47.0074], [9.5803, 47.0574], [9.6105, 47.1071], [9.5368, 47.2546], [9.5275, 47.2708]]]]}}, {"type": "Feature", "properties": {"name": "Belarus", "iso3": "BLR", "label": [28.1288, 53.5198]}, "geometry": {"type": "MultiPolygon", "coordinates": [[[[31.7634, 52.1011], [31.346, 52.1054], [31.218, 52.0502], [31.0793, 52.077], [30.7553, 51.8952], [30.533, 51.5963], [30.6325, 51.3554], [30.5445, 51.265], [30.3334, 51.3255], [30.309, 51.3996], [30.1607, 51.4779], [29.5531, 51.4346], [29.3465, 51.3826], [29.1021, 51.6275], [28.8495, 51.5402], [28.7312, 51.4334], [28.6478, 51.4565], [28.599, 51.5426], [28.1838, 51.6079], [28.0107, 51.5598], [27.8586, 51.5924], [27.7, 51.478], [27.6897, 51.5724], [27.6014, 51.6016], [27.2963, 51.5974], [27.142, 51.7521], [26.7734, 51.7707], [25.7857, 51.9238], [25.0667, 51.9305], [24.3619, 51.8675], [24.2801, 51.7747], [23.9783, 51.5913], [23.7068, 51.6413], [23.6086, 51.6105], [23.6053, 51.5179], [23.5448, 51.7103], [23.6257, 51.8093], [23.6524, 52.0404], [23.5979, 52.1031], [23.1751, 52.2866], [23.4109, 52.5162], [23.8447, 52.6642], [23.9154, 52.7703], [23.8592, 53.1121], [23.5989, 53.5992], [23.4847, 53.9398], [23.7337, 53.9123], [24.1913, 53.9504], [24.318, 53.893], [24.6207, 53.9798], [24.7682, 53.9747], [24.8695, 54.1452], [25.0461, 54.1331], [25.1795, 54.2143], [25.4611, 54.2928], [25.5273, 54.2151], [25.5104, 54.1596], [25.7492, 54.157], [25.7481, 54.2597], [25.5474, 54.3318], [25.7248, 54.5643], [25.7225, 54.7179], [25.8593, 54.9193], [26.1752, 55.0033], [26.2918, 55.1396], [26.6012, 55.1302], [26.6484, 55.2042], [26.7757, 55.2731], [26.4576, 55.3425], [26.5936, 55.6675], [26.8225, 55.7092], [26.953, 55.8129], [27.0525, 55.8306], [27.5768, 55.7988], [27.6423, 55.9117], [28.032, 56.1333], [28.1479, 56.1429], [28.3163, 56.0525], [28.3921, 56.0867], [28.564, 56.092], [28.7947, 55.9426], [29.0317, 56.0218], [29.283, 55.9679], [29.3961, 55.9122], [29.3534, 55.7844], [29.4822, 55.6846], [29.937, 55.8453], [30.2336, 55.8452], [30.4563, 55.7868], [30.6256, 55.6663], [30.9068, 55.57], [30.9006, 55.3974], [30.8105, 55.307], [30.9589, 55.1376], [30.9777, 55.0505], [30.8299, 54.915], [30.7988, 54.7833], [31.1521, 54.6253], [31.0748, 54.4918], [31.1848, 54.453], [31.4036, 54.1959], [31.826, 54.0307], [31.7542, 53.8104], [32.2004, 53.7812], [32.4502, 53.6929], [32.4252, 53.6173], [32.4696, 53.547], [32.7064, 53.4194], [32.7043, 53.3363], [32.4693, 53.2703], [32.4263, 53.2106], [32.142, 53.0912], [31.8497, 53.1062], [31.6683, 53.2009], [31.4179, 53.196], [31.2588, 53.0167], [31.5648, 52.7592], [31.5194, 52.6987], [31.6159, 52.5462], [31.5773, 52.3123], [31.7586, 52.1258], [31.7634, 52.1011]]]]}}, {"type": "Feature", "properties": {"name": "Belgium", "iso3": "BEL", "label": [4.7272, 50.5956]}, "geometry": {"type": "MultiPolygon", "coordinates": [[[[4.2262, 51.3865], [4.3737, 51.356], [4.3848, 51.4276], [4.5034, 51.4747], [4.634, 51.4217], [4.7557, 51.4911], [4.848, 51.4033], [4.9439, 51.4078], [5.031, 51.4691], [5.0999, 51.3465], [5.2142, 51.279], [5.3108, 51.2597], [5.4769, 51.2851], [5.6088, 51.1984], [5.8271, 51.1256], [5.75, 50.9502], [5.6395, 50.8436], [5.7471, 50.7596], [5.9939, 50.7504], [6.2359, 50.5967], [6.1787, 50.5225], [6.3409, 50.4518], [6.3645, 50.3162], [6.1751, 50.2327], [6.1165, 50.121], [6.0891, 50.1546], [5.9763, 50.1672], [5.744, 49.9196], [5.725, 49.8083], [5.8804, 49.6448], [5.7897, 49.5383], [5.5073, 49.5109], [5.2788, 49.6779], [5.0069, 49.7784], [4.8676, 49.7881], [4.79, 49.9596], [4.8605, 50.1359], [4.8187, 50.1532], [4.7066, 50.0971], [4.6562, 50.0024], [4.545, 49.9603], [4.1761, 49.9603], [4.1368, 50], [4.1922, 50.0941], [4.1353, 50.1438], [4.1746, 50.2465], [3.9497, 50.3359], [3.748, 50.3435], [3.6894, 50.3061], [3.5954, 50.4773], [3.2733, 50.5315], [3.235, 50.6629], [3.1068, 50.7794], [2.8397, 50.7118], [2.5968, 50.8759], [2.5249, 51.0971], [3.2252, 51.3516], [3.3501, 51.3777], [3.4325, 51.2458], [3.5803, 51.2862], [3.9021, 51.2077], [4.2114, 51.3487], [4.2262, 51.3865]]]]}}, {"type": "Feature", "properties": {"name": "Bosnia and Herz.", "iso3": "BIH", "label": [18.1371, 44.0677]}, "geometry": {"type": "MultiPolygon", "coordinates": [[[[19.3486, 44.8809], [19.2919, 44.6968], [19.1514, 44.5273], [19.1185, 44.36], [19.1519, 44.3025], [19.3389, 44.2258], [19.5838, 44.0435], [19.5495, 43.9871], [19.3053, 43.9934], [19.245, 43.965], [19.4882, 43.7036], [19.48, 43.5952], [19.4513, 43.5621], [19.3008, 43.5918], [19.1943, 43.5333], [18.9507, 43.5267], [19.0367, 43.3573], [19.0267, 43.2924], [18.9787, 43.2854], [18.9347, 43.3395], [18.8511, 43.3463], [18.6742, 43.2308], [18.6236, 43.0277], [18.4885, 43.0122], [18.4438, 42.9685], [18.466, 42.7772], [18.5459, 42.6416], [18.4363, 42.5597], [18.1239, 42.6906], [17.8413, 42.8451], [17.802, 42.9022], [17.6676, 42.8971], [17.5852, 42.9384], [17.6435, 42.9598], [17.6505, 43.0066], [17.2931, 43.3056], [17.2738, 43.4458], [17.0846, 43.5166], [16.3001, 44.1245], [16.2143, 44.2151], [16.1034, 44.521], [15.7366, 44.7658], [15.7881, 45.179], [15.8229, 45.2028], [16.0283, 45.1896], [16.1573, 45.0722], [16.2934, 45.0088], [16.5307, 45.2167], [16.7908, 45.1969], [16.9187, 45.2766], [17.1254, 45.1718], [17.5026, 45.1204], [17.6535, 45.1635], [17.8128, 45.0781], [17.8744, 45.0772], [17.9963, 45.1418], [18.285, 45.1343], [18.6626, 45.0774], [18.7461, 45.0265], [18.7884, 44.9149], [18.9413, 44.8652], [19.2368, 44.9143], [19.3127, 44.8975], [19.3486, 44.8809]]]]}}, {"type": "Feature", "properties": {"name": "Bulgaria", "iso3": "BGR", "label": [24.9609, 42.615]}, "geometry": {"type": "MultiPolygon", "coordinates": [[[[28.0145, 41.969], [27.8792, 41.9866], [27.5349, 41.9208], [27.2443, 42.0933], [27.0117, 42.0586], [26.8849, 41.9918], [26.6153, 41.9649], [26.5114, 41.8264], [26.3604, 41.8016], [26.3209, 41.7166], [26.2006, 41.7438], [26.1074, 41.7257], [26.066, 41.6732], [26.1436, 41.5215], [26.1354, 41.3857], [25.9233, 41.3119], [25.785, 41.3304], [25.2512, 41.2436], [24.9936, 41.365], [24.8469, 41.3942], [24.7737, 41.3561], [24.596, 41.4427], [24.4879, 41.5552], [24.3867, 41.5235], [24.0561, 41.5272], [24.0113, 41.4601], [23.8809, 41.456], [23.6352, 41.3868], [23.2398, 41.385], [23.156, 41.3221], [22.916, 41.3363], [23.0036, 41.7398], [22.9439, 41.7751], [22.8368, 41.9936], [22.5827, 42.1048], [22.344, 42.314], [22.4221, 42.3289], [22.5235, 42.441], [22.5242, 42.5039], [22.4362, 42.6291], [22.4668, 42.8425], [22.7062, 42.8839], [22.9423, 43.0971], [22.9769, 43.188], [22.4991, 43.5188], [22.3696, 43.7813], [22.4208, 44.0074], [22.5975, 44.0753], [22.6266, 44.1941], [22.7051, 44.2378], [23.0285, 44.078], [22.8683, 43.9479], [22.8677, 43.8646], [22.919, 43.8345], [23.2246, 43.8739], [24.2268, 43.7635], [24.4306, 43.7944], [25.1597, 43.6863], [25.4971, 43.6708], [25.8188, 43.7668], [25.9334, 43.8706], [26.2158, 44.0073], [26.4893, 44.084], [27.0869, 44.1674], [27.4254, 44.0205], [27.6709, 43.9978], [27.7386, 43.9563], [27.8843, 43.9874], [28.05, 43.8224], [28.222, 43.7729], [28.5854, 43.7422], [28.5618, 43.5013], [28.4654, 43.3893], [28.3196, 43.4269], [28.1337, 43.3956], [27.9289, 43.1861], [27.8889, 42.7497], [27.7537, 42.7065], [27.4848, 42.4681], [27.7082, 42.35], [27.9827, 42.0474], [28.0145, 41.969]]]]}}, {"type": "Feature", "properties": {"name": "Croatia", "iso3": "HRV", "label": [16.5991, 45.1249]}, "geometry": {"type": "MultiPolygon", "coordinates": [[[[13.5779, 45.5169], [13.6152, 45.4768], [13.8787, 45.4284], [13.9928, 45.5094], [14.0855, 45.4778], [14.3699, 45.4814], [14.5688, 45.6572], [14.7931, 45.4782], [14.9546, 45.4999], [15.2421, 45.4414], [15.3395, 45.467], [15.2836, 45.5797], [15.3537, 45.6599], [15.2771, 45.7326], [15.6521, 45.8622], [15.6756, 45.9837], [15.6662, 46.0485], [15.5969, 46.1092], [15.609, 46.1719], [16.0007, 46.3054], [16.0665, 46.3713], [16.2274, 46.3729], [16.2367, 46.4838], [16.3212, 46.5346], [16.748, 46.4164], [17.0327, 46.1873], [17.2422, 46.0766], [17.3106, 45.9961], [17.607, 45.9138], [17.8071, 45.7904], [18.3583, 45.753], [18.5336, 45.7961], [18.666, 45.9075], [18.9054, 45.9317], [18.8936, 45.8655], [18.8391, 45.8357], [18.9473, 45.6558], [18.9179, 45.6008], [19.0643, 45.515], [19.0076, 45.4658], [19.0047, 45.3995], [19.0931, 45.3369], [19.3303, 45.2681], [19.401, 45.1891], [19.206, 45.1678], [19.1369, 45.1962], [19.1297, 45.1517], [19.0629, 45.1372], [19.0853, 44.9268], [19.0096, 44.9194], [19.0071, 44.8692], [18.9413, 44.8652], [18.7884, 44.9149], [18.7461, 45.0265], [18.6626, 45.0774], [18.285, 45.1343], [17.9963, 45.1418], [17.8128, 45.0781], [17.6535, 45.1635], [17.5026, 45.1204], [17.1254, 45.1718], [16.9187, 45.2766], [16.7908, 45.1969], [16.5307, 45.2167], [16.2934, 45.0088], [16.1573, 45.0722], [16.0283, 45.1896], [15.8883, 45.2157], [15.7881, 45.179], [15.7366, 44.7658], [16.1034, 44.521], [16.2143, 44.2151], [16.3001, 44.1245], [17.0846, 43.5166], [17.2738, 43.4458], [17.2931, 43.3056], [17.6505, 43.0066], [17.6435, 42.9598], [17.5852, 42.9384], [17.1294, 43.2111], [16.9031, 43.3924], [16.3939, 43.5434], [16.1311, 43.5063], [15.9855, 43.5198], [15.9415, 43.6566], [15.4994, 43.9088], [15.1858, 44.1721], [15.1229, 44.2568], [15.2843, 44.2888], [15.471, 44.272], [14.9813, 44.6029], [14.8952, 44.7066], [14.9065, 44.9714], [14.8546, 45.081], [14.5505, 45.2977], [14.3127, 45.3378], [14.2363, 45.1597], [13.9658, 44.8356], [13.8998, 44.8293], [13.6293, 45.1082], [13.5172, 45.4818], [13.5779, 45.5169]]], [[[16.6507, 42.9966], [17.0937, 42.9644], [17.1883, 42.917], [16.9775, 42.9278], [16.8507, 42.8955], [16.6663, 42.9599], [16.6507, 42.9966]]], [[[17.194, 43.1258], [16.6792, 43.1231], [16.3765, 43.2138], [16.5214, 43.2292], [16.656, 43.2138], [16.6973, 43.175], [17.0611, 43.1439], [17.194, 43.1258]]], [[[16.7853, 43.2707], [16.4903, 43.2862], [16.4231, 43.3172], [16.4489, 43.3871], [16.8344, 43.3508], [16.8736, 43.2979], [16.7853, 43.2707]]], [[[15.2311, 44.0623], [15.2467, 44.0271], [15.0658, 44.1577], [15.2311, 44.0623]]], [[[14.8103, 44.9771], [14.687, 44.9556], [14.613, 45.0254], [14.5117, 45.0354], [14.4379, 45.0986], [14.5246, 45.1468], [14.5711, 45.2248], [14.7392, 45.0655], [14.8103, 44.9771]]], [[[14.8314, 44.7589], [14.8566, 44.7148], [14.6782, 44.7699], [14.6905, 44.8481], [14.7638, 44.8214], [14.8314, 44.7589]]], [[[15.1885, 44.3357], [15.1626, 44.3092], [14.9128, 44.4858], [14.7419, 44.6974], [15.0064, 44.5342], [15.2136, 44.3476], [15.1885, 44.3357]]], [[[15.1888, 43.9224], [15.2017, 43.8978], [15.1358, 43.9073], [14.865, 44.168], [14.9525, 44.1172], [15.1888, 43.9224]]], [[[15.3714, 43.9738], [15.4372, 43.8995], [15.27, 44.0107], [15.3714, 43.9738]]], [[[14.4881, 44.6601], [14.4804, 44.6212], [14.4195, 44.6703], [14.3124, 44.9004], [14.34, 45.02], [14.2858, 45.1446], [14.3313, 45.165], [14.4674, 44.9702], [14.4825, 44.6934], [14.4881, 44.6601]]], [[[17.6078, 42.769], [17.7442, 42.7003], [17.3441, 42.7904], [17.4319, 42.8004], [17.6078, 42.769]]], [[[18.4363, 42.5597], [18.5175, 42.4329], [17.8238, 42.7974], [17.585, 42.8372], [17.2582, 42.9685], [17.0454, 43.0149], [17.2198, 43.0259], [17.7236, 42.8507], [17.6676, 42.8971], [17.802, 42.9022], [17.8413, 42.8451], [18.3466, 42.5867], [18.4363, 42.5597]]]]}}, {"type": "Feature", "properties": {"name": "Czechia", "iso3": "CZE", "label": [15.4405, 49.8784]}, "geometry": {"type": "MultiPolygon", "coordinates": [[[[18.8322, 49.5108], [18.5965, 49.4915], [18.3648, 49.3362], [18.1609, 49.2574], [18.0859, 49.0651], [17.9133, 48.9987], [17.7585, 48.8881], [17.4826, 48.8278], [17.1885, 48.8609], [17.1356, 48.8411], [16.9531, 48.5988], [16.8837, 48.7037], [16.5436, 48.7962], [16.4779, 48.8001], [16.3673, 48.739], [16.0572, 48.7548], [15.8252, 48.8645], [15.7008, 48.8604], [15.3109, 48.974], [15.1617, 48.9463], [14.9935, 49.0011], [14.9226, 48.7714], [14.7859, 48.7474], [14.6913, 48.5992], [14.4887, 48.6255], [14.3676, 48.5762], [14.1898, 48.5786], [14.0491, 48.6025], [13.9888, 48.6924], [13.8147, 48.7669], [13.5477, 48.9597], [13.4407, 48.9556], [13.2888, 49.0975], [13.1405, 49.1583], [12.9167, 49.3305], [12.8134, 49.3293], [12.6812, 49.4145], [12.3905, 49.7396], [12.512, 49.8958], [12.2078, 50.0975], [12.0898, 50.3018], [12.1748, 50.2884], [12.2773, 50.1814], [12.4526, 50.3498], [12.549, 50.3934], [12.7654, 50.431], [12.9427, 50.4064], [13.0164, 50.4904], [13.1812, 50.5105], [13.2377, 50.5768], [13.3746, 50.6217], [13.4361, 50.6011], [13.5567, 50.7046], [13.8985, 50.7613], [14.369, 50.8987], [14.2559, 51.0019], [14.2832, 51.0295], [14.5457, 50.9939], [14.6238, 50.9147], [14.6136, 50.8556], [14.7233, 50.8147], [14.9829, 50.8866], [14.9938, 51.0144], [15.2586, 50.9585], [15.3544, 50.8118], [15.7306, 50.7397], [15.9485, 50.6703], [16.0072, 50.6116], [16.2822, 50.6556], [16.36, 50.6214], [16.4197, 50.5736], [16.3791, 50.5169], [16.2104, 50.4237], [16.3342, 50.3669], [16.6392, 50.1021], [16.9896, 50.2369], [16.8801, 50.4271], [17.152, 50.3783], [17.4152, 50.2548], [17.7022, 50.3072], [17.7354, 50.2308], [17.5894, 50.1575], [17.6271, 50.1164], [17.8748, 49.9723], [18.0283, 50.0353], [18.3053, 49.9141], [18.5162, 49.9024], [18.5624, 49.8793], [18.5946, 49.7578], [18.8069, 49.6137], [18.8293, 49.5401], [18.8322, 49.5108]]]]}}, {"type": "Feature", "properties": {"name": "Denmark", "iso3": "DNK", "label": [9.471, 56.1894]}, "geometry": {"type": "MultiPolygon", "coordinates": [[[[12.5687, 55.7851], [12.5452, 55.6558], [12.3206, 55.5878], [12.215, 55.4665], [12.3852, 55.3856], [12.4131, 55.2862], [12.0899, 55.1881], [12.0504, 54.8153], [11.8623, 54.7726], [11.7409, 54.9153], [11.6538, 55.1869], [11.2863, 55.2044], [11.1707, 55.3286], [11.1897, 55.4656], [11.121, 55.6007], [11.0088, 55.6444], [10.9789, 55.7215], [11.3223, 55.7525], [11.4637, 55.8793], [11.4747, 55.9435], [11.6277, 55.9569], [11.6959, 55.9079], [11.6909, 55.729], [11.8197, 55.6977], [11.9346, 55.8959], [11.8664, 55.9682], [12.2189, 56.1187], [12.5787, 56.0641], [12.6084, 56.033], [12.5248, 55.9185], [12.5687, 55.7851]]], [[[9.7397, 54.8255], [9.6158, 54.8554], [9.255, 54.808], [8.9029, 54.8969], [8.6703, 54.9034], [8.5729, 55.1343], [8.6698, 55.1557], [8.6159, 55.4182], [8.1321, 55.5998], [8.2023, 55.9824], [8.1215, 56.1399], [8.164, 56.6069], [8.2814, 56.6167], [8.5529, 56.5603], [8.6717, 56.4957], [8.7361, 56.6274], [8.8881, 56.7351], [9.0671, 56.7938], [9.1964, 56.7017], [9.2549, 57.0117], [9.1104, 57.0437], [8.9928, 57.0161], [8.772, 56.7253], [8.4684, 56.6646], [8.2683, 56.754], [8.2663, 56.8153], [8.6186, 57.1113], [9.4336, 57.1743], [9.5543, 57.2325], [9.9623, 57.581], [10.2591, 57.617], [10.5333, 57.7354], [10.61, 57.7369], [10.481, 57.6487], [10.4446, 57.5622], [10.5371, 57.4485], [10.5241, 57.2432], [10.2961, 56.9991], [10.2827, 56.6205], [10.4902, 56.5205], [10.8459, 56.5217], [10.9262, 56.4433], [10.8564, 56.2955], [10.7534, 56.242], [10.539, 56.2003], [10.427, 56.2762], [10.3187, 56.2129], [10.183, 55.8652], [10.0174, 55.8761], [9.9037, 55.8428], [10.0236, 55.7614], [9.5911, 55.4932], [9.671, 55.2664], [9.4537, 55.0396], [9.6454, 55.0228], [9.7323, 54.968], [9.7053, 54.9283], [9.7397, 54.8255]]], [[[10.6451, 55.6098], [10.8192, 55.3219], [10.7853, 55.1334], [10.6238, 55.0524], [10.4428, 55.0488], [9.9888, 55.1632], [9.859, 55.3572], [9.8606, 55.5155], [10.2861, 55.6108], [10.5051, 55.5581], [10.6228, 55.6128], [10.6451, 55.6098]]], [[[11.3614, 54.8916], [11.5384, 54.8296], [11.7396, 54.8074], [11.7659, 54.6794], [11.4574, 54.6289], [11.0355, 54.7731], [11.0586, 54.9406], [11.2585, 54.9518], [11.3614, 54.8916]]], [[[10.7341, 54.7507], [10.6897, 54.7451], [10.6217, 54.8514], [10.9511, 55.1562], [10.7652, 54.7997], [10.7341, 54.7507]]], [[[12.5492, 54.9658], [12.3575, 54.9618], [12.1845, 54.8925], [12.1188, 54.9144], [12.274, 55.0641], [12.5133, 54.9973], [12.5492, 54.9658]]], [[[12.6657, 55.5965], [12.5509, 55.5562], [12.5203, 55.6146], [12.5992, 55.6802], [12.6484, 55.6468], [12.6657, 55.5965]]], [[[10.4844, 54.8476], [10.3405, 54.8589], [10.1999, 54.9627], [10.5049, 54.8605], [10.4844, 54.8476]]], [[[10.0612, 54.8864], [9.9571, 54.8725], [9.8063, 54.906], [9.7812, 55.069], [9.9988, 54.9865], [10.0577, 54.9079], [10.0612, 54.8864]]], [[[10.6073, 55.7831], [10.527, 55.7838], [10.5472, 55.9919], [10.6617, 55.8776], [10.6273, 55.8339], [10.6073, 55.7831]]], [[[11.0521, 57.2525], [11.0114, 57.2291], [10.8738, 57.2623], [10.9346, 57.3086], [11.1745, 57.3229], [11.0769, 57.2769], [11.0521, 57.2525]]], [[[15.0877, 55.0219], [14.8855, 55.033], [14.6842, 55.1022], [14.7653, 55.2967], [15.1326, 55.1445], [15.1371, 55.0872], [15.0877, 55.0219]]]]}}, {"type": "Feature", "properties": {"name": "Estonia", "iso3": "EST", "label": [25.864, 58.5135]}, "geometry": {"type": "MultiPolygon", "coordinates": [[[[27.352, 57.5281], [27.1871, 57.5383], [26.966, 57.6091], [26.5326, 57.531], [26.4621, 57.5445], [26.298, 57.6011], [25.9911, 57.8382], [25.7937, 57.8686], [25.2826, 58.0485], [25.2583, 57.9961], [25.111, 58.0634], [24.3226, 57.8706], [24.4639, 58.106], [24.4875, 58.2616], [24.5497, 58.3046], [24.5291, 58.3542], [24.3369, 58.3814], [24.2356, 58.2896], [24.1148, 58.2661], [23.7676, 58.3608], [23.6915, 58.5056], [23.5093, 58.6585], [23.5307, 58.7163], [23.6808, 58.7872], [23.5036, 58.7898], [23.432, 58.9207], [23.515, 58.9992], [23.4678, 59.0322], [23.4944, 59.1957], [23.7825, 59.2751], [24.0834, 59.2919], [24.0536, 59.3723], [24.1754, 59.3759], [24.3804, 59.4727], [24.5836, 59.4557], [24.8775, 59.5221], [25.4438, 59.5211], [25.5209, 59.5595], [25.5093, 59.639], [26.625, 59.5539], [26.9747, 59.4506], [27.8926, 59.4142], [28.0125, 59.4843], [28.1511, 59.3744], [27.8977, 59.2776], [27.7576, 59.052], [27.4342, 58.7873], [27.5313, 58.4353], [27.5024, 58.2213], [27.6734, 57.9346], [27.7785, 57.8707], [27.5421, 57.7994], [27.4, 57.6668], [27.3543, 57.5503], [27.352, 57.5281]]], [[[22.6174, 58.6212], [22.6884, 58.597], [22.8201, 58.6215], [22.9643, 58.6057], [23.3232, 58.4508], [23.1271, 58.436], [22.7303, 58.2307], [22.3717, 58.2171], [22.2693, 58.1607], [22.1524, 57.9668], [21.9969, 57.9313], [21.9855, 57.9952], [22.1877, 58.1543], [21.8821, 58.2624], [21.8545, 58.3017], [21.9841, 58.3867], [21.8623, 58.4972], [22.0019, 58.5103], [22.0813, 58.4781], [22.1686, 58.5158], [22.2666, 58.508], [22.3281, 58.5809], [22.547, 58.6274], [22.6174, 58.6212]]], [[[22.9237, 58.8269], [22.8417, 58.7774], [22.7673, 58.8209], [22.6614, 58.7092], [22.5422, 58.69], [22.4727, 58.7121], [22.411, 58.8634], [22.0562, 58.9436], [22.4626, 58.9743], [22.5872, 59.0812], [22.6494, 59.0871], [22.7255, 59.0151], [22.9099, 58.9912], [23.0087, 58.8339], [22.9237, 58.8269]]], [[[23.3436, 58.5503], [23.2604, 58.54], [23.0635, 58.6111], [23.1654, 58.6781], [23.3328, 58.6486], [23.3564, 58.5755], [23.3436, 58.5503]]]]}}, {"type": "Feature", "properties": {"name": "Faeroe Is.", "iso3": "FRO", "label": [-6.8008, 62.1209]}, "geometry": {"type": "MultiPolygon", "coordinates": [[[[-6.6232, 61.806], [-6.6702, 61.7687], [-6.8848, 61.8991], [-6.6621, 61.8618], [-6.6258, 61.8267], [-6.6232, 61.806]]], [[[-6.6995, 61.4446], [-6.6797, 61.4143], [-6.8881, 61.5348], [-6.9349, 61.6343], [-6.7406, 61.5705], [-6.7035, 61.4959], [-6.6995, 61.4446]]], [[[-7.1869, 62.1393], [-7.0652, 62.0732], [-7.1168, 62.0468], [-7.3791, 62.0748], [-7.4226, 62.1403], [-7.2353, 62.1512], [-7.1869, 62.1393]]], [[[-6.6311, 62.2279], [-6.6558, 62.0936], [-6.8234, 62.1391], [-6.8405, 62.1193], [-6.7252, 61.9515], [-7.0136, 62.094], [-7.1722, 62.2856], [-6.9586, 62.3163], [-6.8037, 62.266], [-6.6311, 62.2279]]], [[[-6.4061, 62.2586], [-6.4539, 62.1865], [-6.5441, 62.2056], [-6.5546, 62.3557], [-6.473, 62.2919], [-6.4061, 62.2586]]]]}}, {"type": "Feature", "properties": {"name": "Finland", "iso3": "FIN", "label": [25.3633, 64.8262]}, "geometry": {"type": "MultiPolygon", "coordinates": [[[[24.1555, 65.8053], [23.9073, 66.1482], [23.7515, 66.1912], [23.7003, 66.2526], [23.7012, 66.4808], [23.8655, 66.5766], [23.9886, 66.8105], [23.6415, 67.1294], [23.6261, 67.2339], [23.7749, 67.3286], [23.7336, 67.4229], [23.4549, 67.4603], [23.5413, 67.6143], [23.5019, 67.8752], [23.6389, 67.9544], [23.3186, 68.1303], [23.1825, 68.1366], [23.0979, 68.2576], [22.8541, 68.3673], [21.9975, 68.5206], [20.9186, 68.9069], [20.8951, 68.9798], [20.6222, 69.0369], [20.6759, 69.0695], [21.0657, 69.0417], [21.1278, 69.0808], [21.0661, 69.2141], [21.2668, 69.2737], [21.5938, 69.2736], [22.3004, 68.8559], [22.4109, 68.7199], [23.0717, 68.6744], [23.1443, 68.6426], [23.324, 68.649], [23.707, 68.7139], [23.854, 68.8059], [24.9414, 68.5933], [25.0869, 68.6396], [25.2491, 68.8213], [25.5753, 68.8872], [25.7483, 68.9901], [25.7672, 69.2827], [26.0725, 69.6916], [26.5254, 69.915], [26.7402, 69.9331], [27.1275, 69.9065], [27.5917, 70.0422], [27.8899, 70.0617], [28.4117, 69.8228], [29.1416, 69.6714], [29.3334, 69.473], [28.8463, 69.1769], [28.8326, 69.119], [28.9658, 69.022], [28.4141, 68.9042], [28.4535, 68.8723], [28.7729, 68.84], [28.4707, 68.4884], [28.6852, 68.1898], [29.3438, 68.0619], [29.9881, 67.6683], [29.9412, 67.5475], [29.2434, 67.0966], [29.0662, 66.8917], [29.9034, 66.0911], [30.0875, 65.7865], [30.0953, 65.6817], [29.7159, 65.6246], [29.8194, 65.5687], [29.608, 65.2487], [29.8105, 65.2047], [29.827, 65.1451], [29.6225, 65.0395], [29.6042, 64.9684], [29.7832, 64.8043], [30.0729, 64.765], [30.1103, 64.7326], [30.1201, 64.6446], [29.9866, 64.5243], [30.1081, 64.3661], [30.4879, 64.2365], [30.5261, 64.0773], [30.2103, 63.8033], [29.9915, 63.7352], [30.4186, 63.5041], [31.1809, 63.2083], [31.534, 62.8854], [31.1867, 62.4814], [29.2517, 61.2878], [28.4074, 60.8969], [27.7977, 60.5361], [27.4624, 60.4648], [27.2053, 60.5435], [26.9512, 60.4715], [26.5347, 60.4129], [26.5693, 60.6246], [26.3777, 60.4241], [26.2047, 60.4066], [25.956, 60.4742], [26.0358, 60.3415], [25.9459, 60.3468], [25.758, 60.2675], [25.6564, 60.3332], [25.1559, 60.1941], [24.6005, 60.1143], [24.4456, 60.0213], [24.3426, 60.0423], [23.7218, 59.9657], [23.4636, 59.9862], [23.1814, 59.8449], [23.0213, 59.816], [22.9639, 59.8264], [23.1984, 60.0218], [22.9941, 60.0985], [22.9117, 60.2097], [22.7498, 60.0573], [22.4627, 60.0292], [22.4427, 60.1569], [22.4697, 60.2013], [22.5899, 60.2284], [22.5123, 60.2813], [22.585, 60.3806], [22.2579, 60.4009], [21.8543, 60.5054], [21.8053, 60.5941], [21.6133, 60.531], [21.436, 60.5964], [21.3605, 60.9675], [21.5135, 61.2812], [21.5066, 61.4843], [21.565, 61.4843], [21.4982, 61.552], [21.606, 61.5916], [21.3849, 61.9149], [21.256, 61.9896], [21.3434, 62.2774], [21.3234, 62.3426], [21.1656, 62.4141], [21.1036, 62.6229], [21.1438, 62.74], [21.4575, 62.95], [21.4735, 63.0333], [21.651, 63.0393], [21.5451, 63.2043], [21.8004, 63.2377], [21.8957, 63.2103], [22.3197, 63.3104], [22.2433, 63.4379], [22.346, 63.4424], [22.3187, 63.5044], [22.398, 63.4912], [22.5276, 63.58], [22.5323, 63.6479], [22.7563, 63.6833], [23.4939, 64.0345], [23.5989, 64.0409], [23.6529, 64.1342], [24.2783, 64.5153], [24.5579, 64.801], [24.9422, 64.884], [25.2882, 64.8604], [25.228, 64.951], [25.3727, 65.0095], [25.2559, 65.1433], [25.3479, 65.4792], [25.2418, 65.5463], [24.8394, 65.6604], [24.6749, 65.6707], [24.5815, 65.7571], [24.628, 65.8592], [24.4043, 65.7805], [24.2375, 65.8124], [24.1555, 65.8053]]], [[[21.9942, 60.3367], [21.9215, 60.3323], [21.8187, 60.3818], [21.8272, 60.4699], [21.9798, 60.3552], [21.9942, 60.3367]]], [[[21.2178, 63.2413], [21.2871, 63.2278], [21.366, 63.2618], [21.4156, 63.1974], [21.2534, 63.152], [21.0839, 63.2775], [21.2218, 63.2591], [21.2178, 63.2413]]], [[[22.1751, 60.3708], [22.355, 60.3559], [22.4155, 60.3034], [22.3129, 60.27], [22.3605, 60.1656], [22.2583, 60.1656], [22.0771, 60.2863], [22.1259, 60.3559], [22.1751, 60.3708]]], [[[21.4509, 60.5296], [21.4369, 60.4831], [21.3, 60.4798], [21.2146, 60.6039], [21.2681, 60.6383], [21.3013, 60.5956], [21.4509, 60.5296]]], [[[21.8332, 60.1405], [21.695, 60.1144], [21.7048, 60.1723], [21.8644, 60.2018], [21.8332, 60.1405]]], [[[21.6283, 60.1078], [21.5406, 60.0979], [21.486, 60.1268], [21.568, 60.1723], [21.6481, 60.1409], [21.6283, 60.1078]]], [[[24.8482, 64.991], [24.6989, 64.9578], [24.5786, 64.9786], [24.5766, 65.0429], [24.786, 65.0864], [24.9976, 65.0387], [24.8918, 65.0263], [24.8482, 64.991]]]]}}, {"type": "Feature", "properties": {"name": "France", "iso3": "FRA", "label": [2.6463, 46.6145]}, "geometry": {"type": "MultiPolygon", "coordinates": [[[[9.4804, 42.8054], [9.4542, 42.6586], [9.5262, 42.5526], [9.5507, 42.1297], [9.4009, 41.9262], [9.3742, 41.6788], [9.1861, 41.3849], [8.895, 41.5162], [8.8075, 41.5884], [8.8868, 41.7007], [8.718, 41.7614], [8.7404, 41.9251], [8.6219, 41.9307], [8.701, 42.0956], [8.5878, 42.1608], [8.5662, 42.2188], [8.6755, 42.284], [8.5656, 42.3577], [8.7131, 42.5498], [8.8148, 42.6079], [9.0437, 42.6617], [9.1379, 42.7329], [9.2877, 42.6946], [9.3134, 42.7132], [9.3632, 43.0174], [9.4152, 43.0215], [9.4633, 42.981], [9.4786, 42.8605], [9.4804, 42.8054]]], [[[7.6156, 47.5927], [7.3432, 47.4331], [7.2031, 47.4327], [7.136, 47.4898], [6.9684, 47.4532], [6.9004, 47.3942], [7.0006, 47.3225], [6.6669, 47.0265], [6.4563, 46.9483], [6.4102, 46.7554], [6.1607, 46.611], [6.068, 46.4585], [6.1232, 46.3786], [6.0959, 46.2794], [5.97, 46.2147], [6.0066, 46.1423], [6.1994, 46.1931], [6.2729, 46.2522], [6.2347, 46.3326], [6.4289, 46.4305], [6.7761, 46.4066], [6.8168, 46.2752], [6.7721, 46.1651], [7.0211, 45.9258], [6.8045, 45.8146], [6.7909, 45.7409], [7.1534, 45.4009], [7.0783, 45.2399], [6.8423, 45.1356], [6.6923, 45.1443], [6.6277, 45.118], [6.6348, 45.0682], [6.7382, 44.9214], [6.9927, 44.8273], [7.0307, 44.7167], [6.843, 44.5107], [6.9002, 44.3357], [7.3186, 44.138], [7.6372, 44.1648], [7.6771, 44.0832], [7.482, 43.8649], [7.4932, 43.7671], [7.395, 43.7653], [7.3777, 43.7317], [7.1814, 43.6591], [6.7166, 43.3736], [6.6572, 43.2617], [6.5702, 43.1991], [6.1159, 43.0724], [6.0306, 43.101], [5.8095, 43.0979], [5.6716, 43.1778], [5.4065, 43.2285], [5.3202, 43.3449], [5.0731, 43.3666], [5.0598, 43.4445], [4.7121, 43.3733], [4.2242, 43.4796], [4.0526, 43.5931], [3.9108, 43.5631], [3.7848, 43.4616], [3.2589, 43.1932], [3.0518, 42.9151], [3.0909, 42.5909], [3.2114, 42.4312], [2.8914, 42.4561], [2.7019, 42.4085], [2.6517, 42.3405], [2.2004, 42.4209], [2.0327, 42.3535], [1.9279, 42.4263], [1.7061, 42.5033], [1.7402, 42.5567], [1.7099, 42.6044], [1.5014, 42.6427], [1.4283, 42.5959], [1.3494, 42.6907], [0.7645, 42.838], [0.6698, 42.8357], [0.6316, 42.6896], [0.2555, 42.6929], [0.2014, 42.7193], [-0.0412, 42.6891], [-0.2993, 42.8253], [-0.5864, 42.799], [-0.7626, 42.9398], [-0.9338, 42.9495], [-1.1754, 43.0211], [-1.2854, 43.0596], [-1.3, 43.101], [-1.3705, 43.0376], [-1.4608, 43.0518], [-1.4107, 43.2401], [-1.7128, 43.307], [-1.794, 43.4073], [-1.6314, 43.438], [-1.4849, 43.5638], [-1.2455, 44.5599], [-1.1708, 44.6618], [-1.077, 44.6898], [-1.1529, 44.764], [-1.2452, 44.6667], [-1.1891, 45.1615], [-1.081, 45.5324], [-0.8263, 45.3807], [-0.6911, 45.0935], [-0.5485, 45.0006], [-0.6411, 45.0902], [-0.7908, 45.468], [-1.196, 45.7145], [-1.21, 45.7709], [-1.0317, 45.7411], [-1.1044, 45.9253], [-1.1463, 46.3114], [-1.3925, 46.3501], [-1.7865, 46.5148], [-2.0594, 46.8103], [-2.0903, 46.9205], [-2.0189, 47.0376], [-2.0819, 47.1116], [-2.1971, 47.1629], [-2.1083, 47.2629], [-2.0276, 47.2736], [-1.7425, 47.216], [-1.9754, 47.3107], [-2.353, 47.2788], [-2.5031, 47.3121], [-2.53, 47.3816], [-2.4277, 47.4709], [-2.5541, 47.5271], [-2.7703, 47.5139], [-2.7968, 47.5373], [-2.7331, 47.6018], [-2.7872, 47.6255], [-2.9641, 47.6011], [-3.0642, 47.6213], [-3.1588, 47.6947], [-3.4439, 47.711], [-3.5078, 47.7531], [-3.9009, 47.8375], [-4.3121, 47.8229], [-4.428, 47.9689], [-4.6788, 48.0395], [-4.6292, 48.0858], [-4.3778, 48.1288], [-4.3294, 48.17], [-4.5122, 48.2297], [-4.5771, 48.29], [-4.2414, 48.3037], [-4.3932, 48.3676], [-4.7194, 48.3631], [-4.7625, 48.4502], [-4.7208, 48.5399], [-4.5312, 48.62], [-4.0589, 48.7075], [-3.7148, 48.7105], [-3.4715, 48.8129], [-3.2314, 48.8408], [-3.0032, 48.7907], [-2.6923, 48.5368], [-2.4462, 48.6483], [-2.0794, 48.645], [-2.0037, 48.5821], [-1.9057, 48.6971], [-1.8247, 48.6305], [-1.3765, 48.6526], [-1.4805, 48.6976], [-1.5655, 48.8055], [-1.5831, 49.2024], [-1.8134, 49.4901], [-1.8701, 49.5951], [-1.8564, 49.6838], [-1.5882, 49.6677], [-1.3657, 49.7073], [-1.2586, 49.6802], [-1.2323, 49.4949], [-1.1385, 49.3879], [-0.5209, 49.3545], [-0.1635, 49.2968], [0.1361, 49.4015], [0.4169, 49.4484], [0.4393, 49.4732], [0.2776, 49.4633], [0.1294, 49.5084], [0.1094, 49.5575], [0.1867, 49.703], [0.6162, 49.8629], [1.2455, 49.9982], [1.5928, 50.2522], [1.5516, 50.2939], [1.5795, 50.7393], [1.6723, 50.885], [1.9125, 50.9906], [2.5249, 51.0971], [2.6015, 50.9553], [2.5968, 50.8759], [2.7594, 50.7506], [2.8397, 50.7118], [3.1068, 50.7794], [3.235, 50.6629], [3.2733, 50.5315], [3.5954, 50.4773], [3.6894, 50.3061], [3.748, 50.3435], [3.9497, 50.3359], [4.1746, 50.2465], [4.1353, 50.1438], [4.1922, 50.0941], [4.1368, 50], [4.1761, 49.9603], [4.545, 49.9603], [4.6562, 50.0024], [4.7066, 50.0971], [4.8187, 50.1532], [4.8605, 50.1359], [4.79, 49.9596], [4.8415, 49.9145], [4.8676, 49.7881], [5.0069, 49.7784], [5.2788, 49.6779], [5.5073, 49.5109], [5.7897, 49.5383], [6.0114, 49.4455], [6.2422, 49.4943], [6.5343, 49.3947], [6.7354, 49.1606], [6.8912, 49.2075], [7.0015, 49.1799], [7.0367, 49.1127], [7.4506, 49.1522], [7.6109, 49.0618], [8.1349, 48.9736], [8.1403, 48.8864], [7.838, 48.636], [7.7057, 48.28], [7.6166, 48.1568], [7.5386, 47.7736], [7.5654, 47.6065], [7.6156, 47.5927]]], [[[-1.1783, 45.9041], [-1.2136, 45.8166], [-1.3687, 45.9677], [-1.3887, 46.0504], [-1.2851, 46.0027], [-1.1783, 45.9041]]], [[[45.1803, -12.9768], [45.1176, -12.985], [45.0694, -12.8956], [45.0936, -12.7861], [45.0426, -12.7013], [45.0924, -12.653], [45.2231, -12.7521], [45.1794, -12.9202], [45.1803, -12.9768]]], [[[55.7974, -21.3394], [55.5576, -21.3583], [55.3627, -21.2736], [55.2328, -21.0584], [55.3113, -20.9041], [55.4505, -20.8651], [55.6619, -20.9062], [55.8391, -21.1386], [55.8225, -21.2778], [55.7974, -21.3394]]], [[[-60.8263, 14.4945], [-60.8621, 14.4263], [-60.8994, 14.4738], [-61.0637, 14.4671], [-61.0903, 14.5297], [-61.0113, 14.6019], [-61.1411, 14.6524], [-61.2197, 14.8044], [-61.2133, 14.8486], [-61.1274, 14.8753], [-61.0271, 14.8262], [-60.9271, 14.7552], [-60.9337, 14.6862], [-60.87, 14.6137], [-60.8263, 14.4945]]], [[[-61.3271, 16.2304], [-61.5222, 16.228], [-61.54, 16.2996], [-61.5006, 16.3602], [-61.5289, 16.4338], [-61.4712, 16.5066], [-61.4064, 16.4683], [-61.3555, 16.3632], [-61.1726, 16.2561], [-61.3271, 16.2304]]], [[[-61.5896, 16.0069], [-61.6705, 15.9621], [-61.7103, 15.9759], [-61.7594, 16.0621], [-61.7941, 16.301], [-61.748, 16.3553], [-61.5523, 16.2709], [-61.5639, 16.0478], [-61.5896, 16.0069]]], [[[-61.2305, 15.8899], [-61.3107, 15.8947], [-61.3184, 15.9549], [-61.25, 16.0063], [-61.2034, 15.9212], [-61.2305, 15.8899]]], [[[-54.6163, 2.3268], [-54.5359, 2.3433], [-54.4855, 2.4161], [-54.402, 2.4615], [-54.1955, 2.8179], [-54.1707, 2.9936], [-54.2031, 3.1382], [-54.0096, 3.4485], [-53.9905, 3.5896], [-54.3507, 4.0541], [-54.3421, 4.14], [-54.3984, 4.2025], [-54.4496, 4.485], [-54.4261, 4.583], [-54.4711, 4.7493], [-54.4733, 4.9147], [-54.4522, 5.0135], [-54.3316, 5.1874], [-54.0853, 5.4118], [-53.9896, 5.676], [-53.9199, 5.769], [-53.8472, 5.7822], [-53.4544, 5.5635], [-53.2704, 5.5433], [-52.8993, 5.425], [-52.765, 5.2735], [-52.454, 5.0213], [-52.2905, 4.9422], [-52.3246, 4.7709], [-52.22, 4.8628], [-52.0581, 4.7174], [-51.9619, 4.5144], [-52.0029, 4.3523], [-51.9277, 4.4361], [-51.8803, 4.6337], [-51.8275, 4.6357], [-51.6658, 4.2288], [-51.6525, 4.0613], [-51.7671, 3.9927], [-51.8275, 3.8696], [-51.9906, 3.702], [-52.1626, 3.3647], [-52.3279, 3.1817], [-52.4184, 2.9039], [-52.5547, 2.6477], [-52.5595, 2.5731], [-52.7006, 2.3637], [-52.8704, 2.2666], [-52.9035, 2.2115], [-53.0097, 2.1817], [-53.2298, 2.2049], [-53.3344, 2.3397], [-53.509, 2.2531], [-53.7347, 2.3085], [-53.7678, 2.3548], [-54.1301, 2.121], [-54.4331, 2.2075], [-54.5919, 2.3138], [-54.6163, 2.3268]]]]}}, {"type": "Feature", "properties": {"name": "Germany", "iso3": "DEU", "label": [10.2611, 50.6945]}, "geometry": {"type": "MultiPolygon", "coordinates": [[[[9.524, 47.5242], [9.1828, 47.6707], [8.8812, 47.6564], [8.8312, 47.7036], [8.7283, 47.7], [8.5727, 47.7756], [8.4357, 47.7313], [8.4034, 47.6878], [8.4133, 47.6627], [8.5705, 47.6378], [8.4301, 47.5921], [8.1982, 47.6069], [7.9271, 47.5639], [7.698, 47.5699], [7.5654, 47.6065], [7.5386, 47.7736], [7.6166, 48.1568], [7.838, 48.636], [8.1403, 48.8864], [8.1349, 48.9736], [7.6109, 49.0618], [7.4506, 49.1522], [7.0367, 49.1127], [7.0015, 49.1799], [6.8912, 49.2075], [6.7354, 49.1606], [6.5343, 49.3947], [6.4581, 49.4429], [6.3443, 49.4527], [6.3783, 49.5996], [6.4848, 49.7078], [6.4873, 49.7985], [6.2561, 49.8722], [6.1382, 49.9743], [6.1083, 50.0942], [6.1751, 50.2327], [6.3645, 50.3162], [6.3409, 50.4518], [6.1787, 50.5225], [6.2359, 50.5967], [5.9939, 50.7504], [6.0484, 50.9049], [5.8575, 51.0301], [5.9393, 51.0408], [6.13, 51.1474], [6.0759, 51.2241], [6.1988, 51.45], [5.9487, 51.8027], [6.1665, 51.8808], [6.3557, 51.8247], [6.7418, 51.9109], [6.8024, 51.9802], [6.7156, 52.0362], [6.7245, 52.0802], [6.9772, 52.2055], [7.0196, 52.266], [7.0019, 52.419], [6.7488, 52.464], [6.6916, 52.5302], [6.7484, 52.6341], [7.0132, 52.6335], [7.1795, 52.9662], [7.1973, 53.2823], [7.0533, 53.3758], [7.1071, 53.557], [7.2064, 53.6545], [7.6292, 53.6973], [8.0093, 53.6907], [8.1671, 53.5434], [8.1085, 53.4677], [8.2452, 53.4453], [8.3339, 53.6062], [8.4927, 53.5144], [8.4952, 53.3942], [8.5284, 53.7811], [8.6189, 53.875], [8.8978, 53.8357], [9.2056, 53.856], [9.322, 53.8135], [9.5854, 53.6005], [9.784, 53.5546], [9.6312, 53.6002], [9.312, 53.8591], [8.9781, 53.9262], [8.9035, 54.0003], [8.9066, 54.2608], [8.7804, 54.313], [8.6449, 54.295], [8.648, 54.3977], [8.9519, 54.4676], [8.9572, 54.5383], [8.6823, 54.7918], [8.6703, 54.9034], [8.9029, 54.8969], [9.255, 54.808], [9.6158, 54.8554], [9.8923, 54.7806], [10.0222, 54.6739], [10.0288, 54.5813], [9.8687, 54.4725], [10.1435, 54.4884], [10.2124, 54.4089], [10.3604, 54.4383], [10.7315, 54.3163], [11.0134, 54.3792], [11.0644, 54.2805], [11.0086, 54.1812], [10.8107, 54.0751], [10.8546, 54.0098], [10.9178, 53.9953], [11.1043, 54.0092], [11.3996, 53.9446], [11.7963, 54.1455], [12.1113, 54.1683], [12.5754, 54.4674], [13.0286, 54.411], [13.1475, 54.2827], [13.448, 54.1409], [13.7242, 54.1532], [13.8223, 54.019], [13.8655, 53.8534], [14.025, 53.7674], [14.2589, 53.7296], [14.4109, 53.199], [14.3686, 53.1056], [14.1389, 52.9329], [14.1286, 52.8782], [14.5141, 52.6456], [14.6194, 52.5285], [14.5546, 52.3597], [14.6799, 52.25], [14.7046, 52.1102], [14.7525, 52.0818], [14.6017, 51.8324], [14.7249, 51.6617], [14.7247, 51.5239], [14.906, 51.4633], [15.0166, 51.2527], [14.9175, 51.0087], [14.7665, 50.8183], [14.6136, 50.8556], [14.6238, 50.9147], [14.5457, 50.9939], [14.3197, 51.0378], [14.2559, 51.0019], [14.369, 50.8987], [13.8985, 50.7613], [13.5567, 50.7046], [13.4361, 50.6011], [13.3746, 50.6217], [13.2377, 50.5768], [13.1812, 50.5105], [13.0164, 50.4904], [12.9427, 50.4064], [12.7654, 50.431], [12.549, 50.3934], [12.2773, 50.1814], [12.1748, 50.2884], [12.0898, 50.3018], [12.2078, 50.0975], [12.512, 49.8958], [12.3905, 49.7396], [12.6812, 49.4145], [12.8134, 49.3293], [12.9167, 49.3305], [13.1405, 49.1583], [13.2888, 49.0975], [13.4012, 48.9776], [13.5477, 48.9597], [13.8147, 48.7669], [13.7854, 48.5875], [13.7239, 48.5424], [13.6752, 48.523], [13.4866, 48.5818], [13.3746, 48.3614], [12.8975, 48.2037], [12.7604, 48.107], [12.9535, 47.8906], [12.8977, 47.7219], [13.0336, 47.6987], [13.0541, 47.6551], [13.0144, 47.4781], [12.8094, 47.5422], [12.7714, 47.6394], [12.6858, 47.6693], [12.4829, 47.6373], [12.2093, 47.7183], [12.1856, 47.6195], [11.7168, 47.5835], [11.393, 47.4872], [11.2979, 47.4249], [11.042, 47.3931], [10.9809, 47.3981], [10.873, 47.5202], [10.4395, 47.5516], [10.3691, 47.3661], [10.3128, 47.3134], [10.183, 47.2788], [10.2003, 47.3634], [10.0663, 47.3934], [10.0599, 47.4491], [9.9716, 47.5053], [9.7489, 47.5755], [9.6506, 47.5259], [9.5489, 47.534], [9.524, 47.5242]]], [[[13.7092, 54.3827], [13.7073, 54.2812], [13.5949, 54.3382], [13.482, 54.3374], [13.4146, 54.2496], [13.3644, 54.2458], [13.19, 54.3256], [13.1767, 54.5442], [13.3368, 54.6971], [13.4228, 54.6993], [13.4912, 54.6154], [13.6576, 54.5596], [13.5805, 54.464], [13.6019, 54.4251], [13.7092, 54.3827]]], [[[14.2114, 53.9503], [14.2137, 53.8708], [13.9258, 53.8791], [13.9217, 53.9966], [13.8271, 54.0596], [13.8277, 54.1272], [14.0389, 54.0346], [14.2114, 53.9503]]], [[[11.2828, 54.418], [11.1293, 54.416], [11.0117, 54.4662], [11.085, 54.5334], [11.2336, 54.5013], [11.2803, 54.4384], [11.2828, 54.418]]], [[[8.3077, 54.787], [8.2847, 54.7671], [8.2957, 54.9083], [8.4052, 55.0587], [8.4515, 55.0554], [8.3799, 54.8999], [8.6296, 54.8917], [8.6006, 54.8654], [8.3474, 54.8476], [8.3077, 54.787]]], [[[8.5879, 54.7127], [8.5489, 54.6882], [8.4004, 54.7141], [8.4682, 54.7574], [8.5734, 54.7487], [8.5879, 54.7127]]]]}}, {"type": "Feature", "properties": {"name": "Greece", "iso3": "GRC", "label": [22.9943, 39.432]}, "geometry": {"type": "MultiPolygon", "coordinates": [[[[27.8602, 36.5539], [27.8383, 36.538], [27.7857, 36.6075], [27.8625, 36.6412], [27.869, 36.5827], [27.8602, 36.5539]]], [[[20.6123, 38.3834], [20.6247, 38.2679], [20.6952, 38.2462], [20.7889, 38.1421], [20.7613, 38.0706], [20.6062, 38.1197], [20.5235, 38.1066], [20.4521, 38.2342], [20.3525, 38.1799], [20.4087, 38.3368], [20.4351, 38.3562], [20.4814, 38.3182], [20.5196, 38.3323], [20.5632, 38.475], [20.6123, 38.3834]]], [[[20.8885, 37.8054], [20.9939, 37.708], [20.9091, 37.7321], [20.8186, 37.6647], [20.6195, 37.855], [20.6915, 37.9295], [20.7587, 37.853], [20.8398, 37.8407], [20.8885, 37.8054]]], [[[20.6867, 38.6087], [20.5547, 38.5826], [20.5925, 38.7602], [20.6941, 38.8442], [20.7148, 38.6383], [20.6867, 38.6087]]], [[[20.7587, 38.3294], [20.7093, 38.3186], [20.6236, 38.4803], [20.7013, 38.4514], [20.7392, 38.3658], [20.7587, 38.3294]]], [[[20.0779, 39.4327], [20.0996, 39.3766], [19.884, 39.4615], [19.6465, 39.7671], [19.8386, 39.8201], [19.9261, 39.7737], [19.9368, 39.7467], [19.8467, 39.6681], [19.9041, 39.6195], [19.9553, 39.4704], [20.0277, 39.4421], [20.0779, 39.4327]]], [[[23.4154, 38.9586], [23.525, 38.8135], [23.8782, 38.6866], [24.1275, 38.6485], [24.1997, 38.541], [24.1875, 38.4634], [24.2758, 38.22], [24.3597, 38.1625], [24.5884, 38.124], [24.5785, 38.0202], [24.5365, 37.9797], [24.3595, 38.0186], [24.212, 38.1175], [24.1891, 38.2043], [24.0401, 38.39], [23.7588, 38.4012], [23.6508, 38.4431], [23.6174, 38.5525], [23.3641, 38.735], [23.1439, 38.8448], [23.0291, 38.8734], [22.8813, 38.8477], [22.8703, 38.8705], [23.1458, 39.0027], [23.3127, 39.0349], [23.4154, 38.9586]]], [[[23.7798, 39.1144], [23.7352, 39.0806], [23.6661, 39.0954], [23.5939, 39.2086], [23.7798, 39.1144]]], [[[23.888, 39.1583], [23.8412, 39.1466], [23.8881, 39.2264], [23.9709, 39.2677], [23.9397, 39.2005], [23.888, 39.1583]]], [[[24.6747, 38.8092], [24.541, 38.7887], [24.5664, 38.8324], [24.461, 38.8886], [24.4856, 38.9803], [24.5641, 38.9422], [24.5812, 38.8789], [24.6747, 38.8092]]], [[[24.7742, 40.6152], [24.6459, 40.5794], [24.5155, 40.647], [24.5167, 40.6872], [24.6233, 40.7929], [24.7191, 40.7863], [24.7863, 40.7039], [24.7687, 40.6589], [24.7742, 40.6152]]], [[[23.551, 37.9259], [23.4668, 37.9024], [23.4193, 37.9312], [23.4837, 37.9911], [23.5349, 37.9702], [23.551, 37.9259]]], [[[23.0538, 36.1898], [23.0422, 36.1464], [22.9395, 36.1762], [22.9108, 36.221], [22.9057, 36.3203], [22.9505, 36.3839], [23.0971, 36.2466], [23.0538, 36.1898]]], [[[27.1761, 35.4653], [27.1379, 35.4091], [27.0707, 35.5978], [27.1561, 35.7263], [27.158, 35.7887], [27.2231, 35.8205], [27.1572, 35.6295], [27.2336, 35.4786], [27.1761, 35.4653]]], [[[27.0197, 36.959], [26.9199, 36.9452], [26.9377, 37.0246], [26.8887, 37.0873], [27.0401, 37.0016], [27.0346, 36.976], [27.0197, 36.959]]], [[[26.9496, 36.7271], [26.9184, 36.7259], [26.9556, 36.7742], [27.2149, 36.8986], [27.3521, 36.8689], [27.151, 36.7776], [27.0336, 36.7708], [26.9496, 36.7271]]], [[[25.5459, 36.9676], [25.4567, 36.9297], [25.3619, 37.0704], [25.5253, 37.1964], [25.5879, 37.1525], [25.5843, 37.0393], [25.5459, 36.9676]]], [[[25.2789, 37.0684], [25.1994, 36.9913], [25.1055, 37.035], [25.1465, 37.1074], [25.2351, 37.1485], [25.2753, 37.1378], [25.2715, 37.0842], [25.2789, 37.0684]]], [[[25.4824, 36.3926], [25.4359, 36.3401], [25.3705, 36.3589], [25.4129, 36.4049], [25.3969, 36.4653], [25.4674, 36.4351], [25.4824, 36.3926]]], [[[25.3817, 36.674], [25.3644, 36.6583], [25.26, 36.7584], [25.2959, 36.7892], [25.4069, 36.7173], [25.3817, 36.674]]], [[[26.8244, 37.8114], [27.0396, 37.77], [27.0551, 37.7093], [26.8449, 37.6447], [26.7205, 37.7055], [26.5811, 37.7237], [26.6387, 37.7809], [26.7434, 37.8098], [26.8244, 37.8114]]], [[[26.0293, 37.5294], [25.9824, 37.5256], [25.9968, 37.5656], [26.0863, 37.6349], [26.3514, 37.6743], [26.2049, 37.5685], [26.0293, 37.5294]]], [[[25.8594, 36.7904], [25.7432, 36.7897], [26.0007, 36.9374], [26.0645, 36.9027], [25.9847, 36.8797], [25.8594, 36.7904]]], [[[26.4606, 36.5854], [26.3314, 36.5114], [26.27, 36.5469], [26.2698, 36.5954], [26.337, 36.5806], [26.3842, 36.6079], [26.37, 36.6386], [26.4213, 36.6242], [26.4606, 36.5854]]], [[[24.356, 37.5769], [24.289, 37.5283], [24.2774, 37.6011], [24.3204, 37.6777], [24.3791, 37.6827], [24.4008, 37.649], [24.356, 37.5769]]], [[[24.4357, 37.3444], [24.3789, 37.3141], [24.3697, 37.4196], [24.4312, 37.4752], [24.4814, 37.408], [24.4357, 37.3444]]], [[[24.5357, 36.7638], [24.5307, 36.684], [24.326, 36.6556], [24.3574, 36.7443], [24.4252, 36.7129], [24.4604, 36.7475], [24.5357, 36.7638]]], [[[24.9429, 37.4935], [24.9379, 37.3897], [24.9115, 37.3906], [24.9065, 37.5089], [24.9429, 37.4935]]], [[[24.9917, 37.7596], [24.9622, 37.6924], [24.7144, 37.8989], [24.7002, 37.9617], [24.7904, 37.9901], [24.8551, 37.9137], [24.9563, 37.9048], [24.9805, 37.7969], [24.9917, 37.7596]]], [[[25.2559, 37.5996], [25.2188, 37.5351], [25.1563, 37.5451], [24.9965, 37.6769], [25.2254, 37.6307], [25.2559, 37.5996]]], [[[24.7209, 36.9214], [24.6765, 36.9593], [24.6814, 37.0216], [24.7161, 37.0238], [24.7632, 36.9492], [24.7209, 36.9214]]], [[[26.094, 38.2181], [25.9985, 38.1615], [25.8919, 38.2433], [25.8743, 38.2696], [25.9914, 38.3535], [25.8513, 38.5084], [25.8461, 38.574], [26.0125, 38.6017], [26.1604, 38.5407], [26.157, 38.3029], [26.1031, 38.2342], [26.094, 38.2181]]], [[[26.4102, 39.3294], [26.3928, 39.2701], [26.5311, 39.1718], [26.5956, 39.0488], [26.4887, 39.0748], [26.5472, 38.9941], [26.4688, 38.9728], [26.1608, 39.0259], [26.1079, 39.0811], [26.2731, 39.1976], [26.176, 39.1943], [26.0724, 39.0956], [25.8555, 39.1787], [25.9096, 39.2875], [26.0884, 39.3043], [26.1648, 39.332], [26.1654, 39.3735], [26.3478, 39.383], [26.4102, 39.3294]]], [[[25.6857, 40.4266], [25.5727, 40.4004], [25.448, 40.4828], [25.5686, 40.5159], [25.6643, 40.4639], [25.6857, 40.4266]]], [[[25.4377, 39.9833], [25.357, 39.8081], [25.2634, 39.8229], [25.2494, 39.8941], [25.1852, 39.8299], [25.0622, 39.8524], [25.058, 39.9997], [25.2342, 40.0054], [25.2857, 39.9563], [25.4491, 40.0348], [25.4377, 39.9833]]], [[[25.4027, 37.4191], [25.3071, 37.413], [25.3127, 37.4893], [25.3481, 37.5092], [25.463, 37.4711], [25.4574, 37.4471], [25.4027, 37.4191]]], [[[24.5235, 37.1251], [24.4248, 37.132], [24.4838, 37.2102], [24.5359, 37.1677], [24.5235, 37.1251]]], [[[27.8428, 35.9293], [27.7457, 35.911], [27.7155, 35.9573], [27.7573, 36.0692], [27.7163, 36.1716], [27.9145, 36.3453], [28.2318, 36.4336], [28.144, 36.2099], [28.0677, 36.1297], [28.0878, 36.0653], [27.9655, 36.0475], [27.8428, 35.9293]]], [[[23.8522, 35.5354], [24.0133, 35.5294], [24.0934, 35.5938], [24.166, 35.5952], [24.1978, 35.5375], [24.109, 35.4958], [24.1785, 35.4595], [24.2554, 35.4686], [24.2749, 35.386], [24.354, 35.3595], [24.7213, 35.4248], [25.0031, 35.4099], [25.1043, 35.3469], [25.4757, 35.3062], [25.7302, 35.3486], [25.745, 35.1427], [25.7913, 35.1229], [26.028, 35.2153], [26.1679, 35.2151], [26.3202, 35.3151], [26.2443, 35.0447], [26.1656, 35.0186], [25.8297, 35.0252], [24.7998, 34.9345], [24.7452, 34.9506], [24.7089, 35.0891], [24.4637, 35.1604], [23.8836, 35.2461], [23.6381, 35.2352], [23.5928, 35.2572], [23.5476, 35.4156], [23.5698, 35.5348], [23.6087, 35.5663], [23.6727, 35.5139], [23.7154, 35.5501], [23.7369, 35.6555], [23.7934, 35.5562], [23.8522, 35.5354]]], [[[26.3209, 41.7166], [26.5813, 41.6013], [26.6249, 41.4018], [26.6023, 41.3541], [26.3307, 41.2388], [26.3541, 40.9971], [26.1092, 40.7497], [26.039, 40.7268], [25.8557, 40.8441], [25.4968, 40.8878], [25.3253, 40.9431], [25.2501, 40.9328], [25.1045, 40.9947], [24.793, 40.8575], [24.4771, 40.9478], [24.0823, 40.7241], [23.7628, 40.7478], [23.7433, 40.677], [23.8789, 40.5444], [23.8319, 40.4815], [23.8668, 40.4186], [24.0306, 40.4093], [24.2128, 40.3278], [24.3434, 40.1477], [24.1588, 40.28], [23.9132, 40.3588], [23.8234, 40.368], [23.7279, 40.3297], [23.7205, 40.2863], [23.9675, 40.1146], [24.0008, 40.0246], [23.9471, 39.9656], [23.8354, 40.0223], [23.6646, 40.2238], [23.4263, 40.264], [23.3864, 40.222], [23.4332, 40.1154], [23.6741, 39.9589], [23.6273, 39.9241], [23.3956, 39.9898], [23.3282, 40.0899], [23.312, 40.2165], [22.8965, 40.3999], [22.8514, 40.4906], [22.9223, 40.5909], [22.8114, 40.5786], [22.6295, 40.4956], [22.6427, 40.3666], [22.5693, 40.1193], [22.5922, 40.0369], [22.8357, 39.8006], [22.9788, 39.5638], [23.2334, 39.3584], [23.3277, 39.1749], [23.2184, 39.1044], [23.1547, 39.1015], [23.1194, 39.1328], [23.1617, 39.2578], [22.9929, 39.3311], [22.9214, 39.3063], [22.839, 39.2586], [22.886, 39.17], [22.9655, 39.0309], [23.0667, 39.0379], [22.8026, 38.9016], [22.5691, 38.8675], [23.0203, 38.7419], [23.1377, 38.668], [23.2529, 38.6612], [23.3689, 38.5255], [23.5696, 38.4894], [23.684, 38.3524], [23.967, 38.275], [24.0245, 38.1398], [24.0623, 37.7745], [24.0554, 37.7096], [23.9716, 37.6768], [23.5372, 38.0328], [23.0475, 37.9026], [23.0363, 37.8784], [23.1472, 37.7953], [23.1976, 37.6202], [23.3962, 37.5798], [23.4906, 37.4639], [23.4893, 37.4402], [23.1615, 37.3338], [23.1, 37.3638], [23.0965, 37.4406], [23.0151, 37.4818], [22.775, 37.5851], [22.7254, 37.5421], [22.765, 37.3933], [22.8511, 37.2908], [23.0604, 36.8535], [23.041, 36.6445], [23.1602, 36.4481], [22.9829, 36.5284], [22.7799, 36.7862], [22.7172, 36.7939], [22.6084, 36.7797], [22.4891, 36.5682], [22.4895, 36.4469], [22.3748, 36.5136], [22.376, 36.7019], [22.0805, 37.029], [21.9556, 36.9901], [21.8924, 36.7373], [21.7381, 36.8632], [21.5829, 37.081], [21.5788, 37.2004], [21.6925, 37.3093], [21.6789, 37.3872], [21.5713, 37.541], [21.3293, 37.6693], [21.2885, 37.7745], [21.138, 37.8541], [21.1247, 37.8916], [21.3081, 38.0274], [21.4037, 38.1967], [21.6584, 38.1751], [21.8247, 38.3281], [21.9533, 38.3212], [22.2437, 38.1887], [22.5559, 38.1132], [22.8464, 37.9676], [22.9203, 37.9583], [22.8932, 38.0509], [23.1221, 38.0733], [23.1835, 38.1337], [23.0936, 38.1964], [22.8344, 38.2347], [22.4217, 38.4385], [22.3199, 38.3568], [21.9653, 38.4125], [21.4726, 38.3214], [21.3311, 38.4873], [21.3033, 38.3739], [21.1826, 38.3456], [21.1132, 38.3847], [20.9922, 38.654], [20.8732, 38.7757], [20.7769, 38.8075], [20.7686, 38.8744], [20.7773, 38.9279], [20.8932, 38.9411], [21.1116, 38.8963], [21.1523, 38.9221], [21.1184, 39.03], [20.7797, 39.0085], [20.7134, 39.0352], [20.4683, 39.2553], [20.3008, 39.3271], [20.1914, 39.5458], [20.0013, 39.7094], [20.1311, 39.6616], [20.2482, 39.6784], [20.3062, 39.7967], [20.3824, 39.8026], [20.3111, 39.9794], [20.408, 40.0495], [20.6574, 40.1174], [20.8061, 40.4455], [20.9502, 40.4944], [21.0309, 40.6225], [20.9558, 40.7753], [20.9643, 40.8499], [21.3237, 40.8671], [21.4041, 40.9072], [21.5758, 40.8689], [21.7795, 40.9504], [21.9295, 41.1074], [21.9934, 41.131], [22.1845, 41.1586], [22.4936, 41.1185], [22.7248, 41.1785], [22.7839, 41.332], [23.156, 41.3221], [23.2398, 41.385], [23.6352, 41.3868], [23.8809, 41.456], [24.0113, 41.4601], [24.0561, 41.5272], [24.3867, 41.5235], [24.5183, 41.5525], [24.596, 41.4427], [24.7737, 41.3561], [24.8469, 41.3942], [24.9936, 41.365], [25.2512, 41.2436], [25.785, 41.3304], [25.9233, 41.3119], [26.1354, 41.3857], [26.1436, 41.5215], [26.066, 41.6732], [26.1074, 41.7257], [26.2006, 41.7438], [26.3209, 41.7166]]]]}}, {"type": "Feature", "properties": {"name": "Guernsey", "iso3": "GGY", "label": [-2.56, 49.4785]}, "geometry": {"type": "MultiPolygon", "coordinates": [[[[-2.5123, 49.4945], [-2.5474, 49.4287], [-2.639, 49.4509], [-2.5209, 49.5063], [-2.5123, 49.4945]]]]}}, {"type": "Feature", "properties": {"name": "Hungary", "iso3": "HUN", "label": [19.4239, 47.2323]}, "geometry": {"type": "MultiPolygon", "coordinates": [[[[22.1318, 48.4053], [22.2537, 48.4074], [22.3502, 48.2561], [22.5201, 48.2054], [22.5824, 48.134], [22.7691, 48.1096], [22.8572, 48.0295], [22.8767, 47.9473], [22.6084, 47.7663], [22.4914, 47.7726], [22.2906, 47.7278], [21.9997, 47.505], [21.9953, 47.3957], [21.8693, 47.3046], [21.7854, 47.1381], [21.6614, 47.0439], [21.6526, 46.9638], [21.4944, 46.7897], [21.4971, 46.7043], [21.3202, 46.6078], [21.2522, 46.4864], [21.2646, 46.4123], [21.1918, 46.3916], [21.152, 46.3043], [21.0398, 46.2422], [20.837, 46.2597], [20.7603, 46.2462], [20.7074, 46.1728], [20.6137, 46.1335], [20.5081, 46.1669], [20.2418, 46.1086], [20.1614, 46.1419], [19.6135, 46.1692], [19.5308, 46.1552], [19.2781, 46.0029], [19.1463, 45.987], [19.0873, 46.0162], [18.9278, 45.9314], [18.666, 45.9075], [18.5646, 45.8133], [18.4373, 45.7673], [17.9639, 45.7703], [17.8071, 45.7904], [17.607, 45.9138], [17.3106, 45.9961], [17.2422, 46.0766], [16.9399, 46.2537], [16.8715, 46.3393], [16.5162, 46.4999], [16.3813, 46.6387], [16.2836, 46.8573], [16.0931, 46.8633], [16.2525, 46.9719], [16.4534, 47.0068], [16.4927, 47.1227], [16.4384, 47.1459], [16.4169, 47.2234], [16.4626, 47.2731], [16.4429, 47.3995], [16.623, 47.4476], [16.6766, 47.536], [16.6397, 47.6089], [16.4213, 47.6745], [16.5909, 47.7505], [16.7859, 47.6787], [17.0666, 47.7076], [17.0301, 47.8371], [17.1474, 48.006], [17.3173, 47.9909], [17.7619, 47.7702], [18.7242, 47.7872], [18.778, 47.8529], [18.7501, 47.9395], [18.7919, 48.0003], [18.9142, 48.0508], [19.467, 48.1107], [19.5643, 48.2128], [19.6254, 48.2231], [19.8986, 48.1313], [19.9504, 48.1466], [20.3338, 48.2956], [20.49, 48.5269], [20.8666, 48.5457], [21.0673, 48.5059], [21.4514, 48.5522], [21.7215, 48.3466], [22.1113, 48.3934], [22.1318, 48.4053]]]]}}, {"type": "Feature", "properties": {"name": "Iceland", "iso3": "ISL", "label": [-19.8673, 65.3084]}, "geometry": {"type": "MultiPolygon", "coordinates": [[[[-15.5431, 66.2285], [-15.2409, 66.2591], [-14.8561, 66.3814], [-14.5958, 66.3815], [-14.9122, 66.2843], [-15.1174, 66.1256], [-15.0103, 66.0613], [-14.894, 66.0379], [-14.7872, 66.0591], [-14.6982, 66.0202], [-14.6882, 65.897], [-14.8271, 65.7643], [-14.3918, 65.7874], [-14.3182, 65.6845], [-14.4734, 65.5753], [-14.1669, 65.6423], [-13.9354, 65.6161], [-13.7853, 65.533], [-13.6703, 65.5495], [-13.6179, 65.5193], [-13.6678, 65.399], [-13.8048, 65.3548], [-13.6411, 65.275], [-13.7549, 65.1925], [-13.5808, 65.143], [-13.5697, 65.0681], [-13.6519, 65.0168], [-13.854, 64.9929], [-13.8529, 64.8622], [-14.0444, 64.7419], [-14.1352, 64.7148], [-14.3851, 64.7452], [-14.3753, 64.6774], [-14.4654, 64.6357], [-14.4326, 64.5383], [-14.6282, 64.416], [-15.0216, 64.2959], [-15.2559, 64.2969], [-15.8329, 64.1767], [-16.6403, 63.8655], [-17.8157, 63.713], [-17.9469, 63.5357], [-18.08, 63.4963], [-18.2522, 63.5297], [-18.2223, 63.4732], [-18.6536, 63.4067], [-19.2502, 63.442], [-19.7783, 63.5366], [-20.1981, 63.5558], [-20.494, 63.6874], [-20.47, 63.7482], [-20.363, 63.7649], [-20.414, 63.8052], [-20.6509, 63.7374], [-20.7299, 63.7934], [-20.8788, 63.8039], [-21.1366, 63.8879], [-21.106, 63.9398], [-21.2462, 63.9354], [-21.4486, 63.8584], [-22.6522, 63.8277], [-22.743, 64.0194], [-22.7012, 64.0832], [-22.5101, 63.9915], [-22.1876, 64.0392], [-21.8659, 64.1803], [-21.6687, 64.349], [-21.4633, 64.3791], [-21.6467, 64.3979], [-22.0534, 64.3139], [-21.9013, 64.3916], [-22.0007, 64.4132], [-21.9503, 64.515], [-21.5906, 64.6264], [-21.675, 64.6477], [-22.106, 64.5331], [-22.3247, 64.6244], [-22.2476, 64.7269], [-22.467, 64.795], [-23.347, 64.8244], [-23.819, 64.7392], [-24.0262, 64.8634], [-23.9244, 64.9152], [-23.3527, 64.9528], [-23.198, 65.0021], [-23.1088, 64.9659], [-22.7881, 65.0465], [-22.5997, 65.0257], [-21.8921, 65.0488], [-21.78, 65.1877], [-22.04, 65.1252], [-22.5091, 65.1968], [-21.8444, 65.4474], [-22.0058, 65.4935], [-22.3115, 65.4807], [-22.3897, 65.5354], [-22.6436, 65.5678], [-22.8126, 65.5474], [-22.9025, 65.5805], [-23.8999, 65.4076], [-24.4757, 65.5252], [-24.2489, 65.615], [-23.8567, 65.5384], [-24.01, 65.6162], [-24.0926, 65.7765], [-23.9091, 65.7656], [-23.6159, 65.6796], [-23.2854, 65.75], [-23.7047, 65.7812], [-23.8326, 65.8492], [-23.7413, 65.8846], [-23.525, 65.88], [-23.7773, 66.0176], [-23.7372, 66.0694], [-23.4345, 66.0242], [-23.5985, 66.1088], [-23.4525, 66.181], [-23.0625, 66.0862], [-23.019, 65.9821], [-22.8153, 65.9835], [-22.7233, 66.039], [-22.6599, 66.0259], [-22.616, 65.8675], [-22.4417, 65.9083], [-22.4453, 66.07], [-22.9479, 66.2127], [-22.8616, 66.2515], [-22.4844, 66.2663], [-22.6862, 66.3377], [-23.1169, 66.3387], [-22.9443, 66.4294], [-22.4261, 66.4301], [-21.4069, 66.0256], [-21.5166, 65.9676], [-21.3088, 65.8953], [-21.3749, 65.7419], [-21.4566, 65.6982], [-21.6584, 65.7236], [-21.4663, 65.6352], [-21.4551, 65.5847], [-21.3647, 65.5782], [-21.4322, 65.4741], [-21.23, 65.4206], [-21.1297, 65.2666], [-20.9397, 65.5652], [-20.8043, 65.6364], [-20.679, 65.6631], [-20.5481, 65.5795], [-20.4548, 65.571], [-20.3566, 65.719], [-20.3566, 66.0333], [-20.2075, 66.1001], [-20.0261, 66.0493], [-19.6479, 65.8008], [-19.4897, 65.7681], [-19.383, 66.0757], [-18.8459, 66.1839], [-18.277, 65.8847], [-18.1419, 65.7341], [-18.099, 65.8303], [-18.3153, 66.0932], [-18.2972, 66.1574], [-17.907, 66.1433], [-17.5504, 65.9644], [-17.153, 66.2028], [-16.838, 66.1252], [-16.485, 66.1959], [-16.4281, 66.2784], [-16.5407, 66.4467], [-16.2493, 66.5229], [-15.9854, 66.5146], [-15.7138, 66.3586], [-15.6474, 66.2588], [-15.5431, 66.2285]]]]}}, {"type": "Feature", "properties": {"name": "Ireland", "iso3": "IRL", "label": [-8.3899, 53.4829]}, "geometry": {"type": "MultiPolygon", "coordinates": [[[[-9.9482, 53.9131], [-9.9524, 53.8846], [-10.0625, 53.9597], [-10.2657, 53.9777], [-10.1811, 54.0168], [-9.9562, 53.9872], [-9.9482, 53.9131]]], [[[-7.2187, 55.092], [-7.3769, 55.0277], [-7.5504, 54.768], [-7.7375, 54.7104], [-7.9106, 54.6983], [-7.7544, 54.5949], [-8.1448, 54.4535], [-7.8845, 54.2838], [-7.8549, 54.2153], [-7.6065, 54.1438], [-7.3245, 54.1334], [-7.1555, 54.2395], [-7.2026, 54.3018], [-7.0077, 54.4067], [-6.8772, 54.3291], [-6.8026, 54.2144], [-6.6469, 54.1634], [-6.6498, 54.0586], [-6.4026, 54.0606], [-6.3037, 54.0949], [-6.1757, 54.0535], [-6.1569, 54.0172], [-6.3076, 54.011], [-6.3476, 53.9413], [-6.1418, 53.5775], [-6.1517, 53.3664], [-6.0274, 52.9271], [-6.1693, 52.7381], [-6.2172, 52.5431], [-6.3454, 52.402], [-6.4632, 52.3454], [-6.325, 52.2467], [-6.5611, 52.1888], [-6.7822, 52.2105], [-6.8902, 52.1592], [-6.9658, 52.2495], [-7.0033, 52.1659], [-7.5273, 52.0989], [-7.6249, 51.9931], [-7.8722, 51.9353], [-8.0578, 51.8256], [-8.145, 51.8135], [-8.2902, 51.8907], [-8.4092, 51.8888], [-8.3474, 51.8477], [-8.3491, 51.7393], [-8.5883, 51.6514], [-8.7345, 51.6362], [-8.8134, 51.5849], [-9.2965, 51.4982], [-9.4629, 51.5291], [-9.7373, 51.4737], [-9.8354, 51.4834], [-9.7104, 51.6037], [-9.5249, 51.6811], [-10.1208, 51.6007], [-9.7495, 51.8243], [-9.5988, 51.8744], [-10.0842, 51.771], [-10.2417, 51.8125], [-10.3411, 51.7989], [-10.3787, 51.8687], [-9.9097, 52.1229], [-10.3902, 52.1349], [-10.3567, 52.2069], [-10.1321, 52.2821], [-9.9373, 52.2376], [-9.7721, 52.2501], [-9.9061, 52.4037], [-9.6322, 52.5469], [-8.7834, 52.6796], [-8.9903, 52.7554], [-9.1754, 52.6349], [-9.3942, 52.6171], [-9.561, 52.654], [-9.7644, 52.58], [-9.9166, 52.5697], [-9.4649, 52.8232], [-9.3937, 52.8962], [-9.462, 52.9473], [-9.2992, 53.0976], [-8.9972, 53.1621], [-8.9301, 53.2071], [-9.1403, 53.2505], [-9.5142, 53.2382], [-9.626, 53.3345], [-9.8254, 53.3204], [-9.8758, 53.3427], [-9.7954, 53.395], [-10.0913, 53.4128], [-10.0544, 53.4783], [-10.117, 53.5485], [-9.7207, 53.6045], [-9.9097, 53.6576], [-9.9016, 53.7272], [-9.5782, 53.8054], [-9.5789, 53.8798], [-9.9141, 53.8637], [-9.8564, 54.0954], [-9.9345, 54.0752], [-9.9771, 54.1871], [-10.0927, 54.1558], [-10.0897, 54.2158], [-9.9959, 54.276], [-9.5623, 54.3085], [-9.3155, 54.2986], [-9.1459, 54.2096], [-9.0024, 54.288], [-8.5456, 54.2412], [-8.6231, 54.3469], [-8.471, 54.4419], [-8.2304, 54.5073], [-8.1334, 54.6408], [-8.4565, 54.6093], [-8.7639, 54.6812], [-8.3773, 54.8895], [-8.3933, 55.0204], [-8.2746, 55.1463], [-8.0061, 55.1953], [-7.7505, 55.1858], [-7.7625, 55.2483], [-7.6671, 55.2565], [-7.5566, 55.1222], [-7.6587, 54.9709], [-7.4784, 55.047], [-7.5179, 55.2479], [-7.3018, 55.2988], [-7.366, 55.3602], [-7.3088, 55.3658], [-6.9617, 55.2379], [-7.1729, 55.137], [-7.2187, 55.092]]]]}}, {"type": "Feature", "properties": {"name": "Isle of Man", "iso3": "IMN", "label": [-4.5454, 54.2225]}, "geometry": {"type": "MultiPolygon", "coordinates": [[[[-4.4121, 54.1854], [-4.6143, 54.0587], [-4.7854, 54.073], [-4.6987, 54.2249], [-4.4247, 54.4072], [-4.3772, 54.3926], [-4.338, 54.2691], [-4.3923, 54.2254], [-4.4121, 54.1854]]]]}}, {"type": "Feature", "properties": {"name": "Italy", "iso3": "ITA", "label": [11.9021, 43.8589]}, "geometry": {"type": "MultiPolygon", "coordinates": [[[[7.0211, 45.9258], [7.129, 45.8804], [7.5386, 45.9782], [7.7879, 45.9218], [7.9932, 46.0159], [8.1252, 46.1609], [8.0957, 46.271], [8.3707, 46.4451], [8.4226, 46.446], [8.4584, 46.2459], [8.6417, 46.1108], [8.8186, 46.0771], [8.778, 45.9962], [8.9537, 45.83], [9.0237, 45.8457], [9.003, 46.0149], [9.2511, 46.2868], [9.2602, 46.4752], [9.3044, 46.4956], [9.4276, 46.4823], [9.5287, 46.3062], [9.6395, 46.2959], [9.9393, 46.3618], [10.0806, 46.228], [10.1452, 46.2535], [10.0383, 46.4832], [10.087, 46.5999], [10.1955, 46.6211], [10.2723, 46.5648], [10.4307, 46.55], [10.3979, 46.665], [10.4528, 46.8649], [10.6893, 46.8464], [10.8289, 46.7752], [10.9933, 46.777], [11.1339, 46.9362], [11.2444, 46.9757], [11.7757, 46.9861], [12.1694, 47.0821], [12.2013, 47.0609], [12.1308, 46.9848], [12.1541, 46.9353], [12.3883, 46.7026], [13.1688, 46.5727], [13.7, 46.5203], [13.6797, 46.4629], [13.3995, 46.3175], [13.3782, 46.2616], [13.421, 46.2123], [13.6325, 46.1771], [13.4864, 46.0396], [13.4877, 45.9871], [13.6006, 45.9798], [13.5834, 45.8124], [13.7217, 45.7613], [13.8747, 45.6148], [13.7198, 45.5876], [13.7833, 45.6272], [13.6283, 45.7709], [13.5582, 45.7707], [13.4651, 45.71], [13.2063, 45.7714], [13.0303, 45.6375], [12.4976, 45.4617], [12.4321, 45.4679], [12.5361, 45.5449], [12.4918, 45.5463], [12.2743, 45.446], [12.2257, 45.2415], [12.2863, 45.2077], [12.3925, 45.0398], [12.5234, 44.968], [12.4636, 44.8452], [12.3845, 44.7983], [12.2789, 44.8322], [12.2483, 44.7225], [12.305, 44.4294], [12.3963, 44.2239], [12.6911, 43.9947], [12.907, 43.9212], [13.2953, 43.6861], [13.5642, 43.5713], [13.8047, 43.1804], [14.0104, 42.6896], [14.1827, 42.5064], [14.5407, 42.2443], [14.8661, 42.0525], [15.1687, 41.934], [15.405, 41.9132], [15.9641, 41.9395], [16.1646, 41.8962], [16.1892, 41.814], [16.1513, 41.7585], [15.9138, 41.6208], [15.9005, 41.5121], [16.0126, 41.4354], [16.5519, 41.232], [17.1034, 41.0622], [17.4742, 40.8406], [17.955, 40.6552], [18.3282, 40.3708], [18.4606, 40.221], [18.4858, 40.1048], [18.3438, 39.8214], [18.0779, 39.937], [17.865, 40.2802], [17.3958, 40.3402], [17.2577, 40.3991], [17.18, 40.5028], [17.0312, 40.5135], [16.9282, 40.4581], [16.6696, 40.1372], [16.53, 39.8597], [16.5219, 39.7476], [16.5978, 39.6389], [16.8243, 39.5783], [17.1146, 39.3806], [17.1229, 39.1366], [17.1746, 38.9981], [17.0985, 38.9193], [16.9515, 38.9398], [16.7555, 38.8897], [16.6167, 38.8001], [16.559, 38.7148], [16.5456, 38.4091], [16.2824, 38.2496], [16.0568, 37.9418], [15.7245, 37.9391], [15.6458, 38.0342], [15.6431, 38.1754], [15.7002, 38.2623], [15.8224, 38.303], [15.9048, 38.4835], [15.8789, 38.6139], [15.9724, 38.7126], [16.1968, 38.7592], [16.21, 38.9411], [16.1074, 39.0238], [16.0236, 39.3536], [15.6928, 39.9902], [15.5852, 40.0528], [15.2945, 40.07], [14.9509, 40.239], [14.9291, 40.3096], [14.9861, 40.3775], [14.9477, 40.4693], [14.8396, 40.63], [14.7657, 40.6684], [14.3399, 40.5988], [14.4605, 40.7287], [14.3089, 40.8126], [14.0443, 40.8123], [14.0477, 40.8703], [13.8598, 41.13], [13.7334, 41.2356], [13.6697, 41.2545], [13.5548, 41.2322], [13.2469, 41.2889], [13.0887, 41.2438], [12.8492, 41.4087], [12.6309, 41.4697], [12.0753, 41.9409], [11.807, 42.082], [11.6373, 42.2875], [11.2963, 42.4233], [11.1412, 42.3899], [11.1032, 42.4166], [11.1848, 42.4566], [11.1678, 42.5352], [10.9378, 42.7387], [10.8031, 42.8043], [10.7084, 42.9363], [10.5148, 42.9675], [10.5208, 43.2038], [10.4476, 43.3712], [10.3205, 43.5131], [10.2458, 43.8521], [10.1881, 43.9475], [10.0477, 44.02], [9.7309, 44.1012], [9.2894, 44.3192], [8.7658, 44.4223], [8.552, 44.3461], [8.005, 43.8768], [7.4932, 43.7671], [7.482, 43.8649], [7.6771, 44.0832], [7.6372, 44.1648], [7.3186, 44.138], [6.9673, 44.28], [6.9002, 44.3357], [6.843, 44.5107], [6.9604, 44.6771], [7.0307, 44.7167], [6.9927, 44.8273], [6.7382, 44.9214], [6.6348, 45.0682], [6.6277, 45.118], [6.6923, 45.1443], [6.8423, 45.1356], [7.0783, 45.2399], [7.1464, 45.3817], [6.7909, 45.7409], [6.8045, 45.8146], [6.9408, 45.8684], [7.0211, 45.9258]], [[12.4392, 41.8984], [12.4384, 41.9062], [12.4306, 41.9055], [12.4275, 41.9007], [12.4306, 41.8976], [12.4392, 41.8984]], [[12.4853, 43.9014], [12.5037, 43.9897], [12.4411, 43.9824], [12.3969, 43.9346], [12.4264, 43.8941], [12.4853, 43.9014]]], [[[10.3951, 42.8582], [10.4193, 42.7132], [10.3356, 42.7611], [10.1312, 42.742], [10.1098, 42.7851], [10.1275, 42.8103], [10.359, 42.8223], [10.3951, 42.8582]]], [[[13.9383, 40.7056], [13.8677, 40.7087], [13.8712, 40.7618], [13.9608, 40.7182], [13.9383, 40.7056]]], [[[12.0513, 36.757], [12.0033, 36.746], [11.9406, 36.7804], [11.948, 36.8431], [12.0242, 36.8209], [12.048, 36.7764], [12.0513, 36.757]]], [[[15.5766, 38.2203], [15.2345, 37.7848], [15.0995, 37.4586], [15.117, 37.3347], [15.2303, 37.2443], [15.1741, 37.2092], [15.2957, 37.0552], [15.2945, 37.0133], [15.1158, 36.8393], [15.1126, 36.6878], [14.8896, 36.7235], [14.776, 36.7104], [14.5019, 36.7987], [14.3673, 36.9729], [14.2591, 37.0464], [14.143, 37.1037], [13.9055, 37.1006], [13.8006, 37.1359], [13.3609, 37.3487], [13.1699, 37.4793], [12.9241, 37.5705], [12.6402, 37.5943], [12.5268, 37.6695], [12.4355, 37.8198], [12.5477, 38.0529], [12.7344, 38.1831], [12.9027, 38.0349], [13.049, 38.0841], [13.0568, 38.1309], [13.16, 38.1903], [13.2911, 38.1915], [13.6815, 38.0007], [13.7889, 37.9812], [14.05, 38.0405], [14.2877, 38.0168], [14.506, 38.0455], [14.7896, 38.167], [15.1188, 38.1527], [15.4987, 38.2909], [15.6347, 38.2676], [15.5766, 38.2203]]], [[[9.632, 40.882], [9.8053, 40.4996], [9.643, 40.2684], [9.7067, 40.017], [9.5625, 39.166], [9.4863, 39.1396], [9.2642, 39.2168], [9.1493, 39.197], [9.0563, 39.2392], [9.0227, 39.0433], [8.9666, 38.9637], [8.8813, 38.9129], [8.6485, 38.9266], [8.4182, 39.2057], [8.3991, 39.4816], [8.4471, 39.5628], [8.4512, 39.7217], [8.4711, 39.7481], [8.5405, 39.7316], [8.5478, 39.8392], [8.4959, 39.8975], [8.4078, 39.9172], [8.4086, 40.0376], [8.4708, 40.1307], [8.4713, 40.2927], [8.3532, 40.5005], [8.1899, 40.6516], [8.2038, 40.8707], [8.2242, 40.9133], [8.3102, 40.8575], [8.4685, 40.8343], [8.6989, 40.8953], [8.8212, 40.9499], [8.9981, 41.1104], [9.1072, 41.1429], [9.2284, 41.2571], [9.283, 41.2017], [9.4552, 41.1501], [9.6153, 41.0173], [9.574, 40.9147], [9.632, 40.882]]], [[[8.4789, 39.0675], [8.4215, 38.9687], [8.3586, 39.0988], [8.4406, 39.0906], [8.4789, 39.0675]]], [[[8.286, 41.0398], [8.2527, 40.9941], [8.2057, 40.9975], [8.3202, 41.1219], [8.3189, 41.0627], [8.286, 41.0398]]]]}}, {"type": "Feature", "properties": {"name": "Jersey", "iso3": "JEY", "label": [-2.0996, 49.2096]}, "geometry": {"type": "MultiPolygon", "coordinates": [[[[-2.0187, 49.2313], [-2.0099, 49.1808], [-2.2358, 49.1764], [-2.2205, 49.2664], [-2.0822, 49.2554], [-2.0187, 49.2313]]]]}}, {"type": "Feature", "properties": {"name": "Kosovo", "iso3": "KOS", "label": [20.8401, 42.5934]}, "geometry": {"type": "MultiPolygon", "coordinates": [[[[20.3443, 42.8279], [20.4688, 42.8579], [20.4751, 42.953], [20.624, 43.0342], [20.6576, 43.0999], [20.6231, 43.1986], [20.8006, 43.2611], [20.8444, 43.1734], [21.057, 43.0917], [21.2371, 42.9132], [21.403, 42.8315], [21.3906, 42.7514], [21.7529, 42.6698], [21.6099, 42.3875], [21.5189, 42.3284], [21.5625, 42.2475], [21.3896, 42.2198], [21.2866, 42.1004], [21.1425, 42.175], [21.0598, 42.1713], [20.7781, 42.071], [20.725, 41.8735], [20.5785, 41.8662], [20.5754, 42.0131], [20.4854, 42.2234], [20.2405, 42.339], [20.064, 42.5473], [20.0893, 42.6315], [20.0295, 42.732], [20.0543, 42.7601], [20.1926, 42.7546], [20.2151, 42.7988], [20.3443, 42.8279]]]]}}, {"type": "Feature", "properties": {"name": "Latvia", "iso3": "LVA", "label": [25.3641, 56.8542]}, "geometry": {"type": "MultiPolygon", "coordinates": [[[[26.5936, 55.6675], [26.2812, 55.7504], [26.0855, 55.8969], [25.6632, 56.1048], [25.0699, 56.2004], [24.903, 56.3982], [24.841, 56.4112], [24.4736, 56.2841], [24.1207, 56.2643], [23.8127, 56.3292], [23.1959, 56.3671], [23.043, 56.3241], [22.8756, 56.3964], [22.5869, 56.3751], [22.0846, 56.4067], [21.6535, 56.3146], [21.0461, 56.0701], [21.0149, 56.2589], [21.0713, 56.8237], [21.3508, 57.0177], [21.4592, 57.3225], [21.7287, 57.571], [22.5546, 57.7243], [22.6486, 57.5954], [23.1368, 57.3238], [23.2873, 57.0897], [23.6478, 56.971], [23.9312, 57.0085], [24.3826, 57.25], [24.3226, 57.8706], [25.111, 58.0634], [25.2287, 57.9966], [25.2826, 58.0485], [25.34, 58.0395], [25.7937, 57.8686], [25.9911, 57.8382], [26.298, 57.6011], [26.4621, 57.5445], [26.5326, 57.531], [26.966, 57.6091], [27.1871, 57.5383], [27.5111, 57.5082], [27.5387, 57.4298], [27.8286, 57.2933], [27.8303, 57.1945], [27.6395, 56.8457], [27.8061, 56.8671], [27.8815, 56.8242], [27.8921, 56.7411], [28.1031, 56.5457], [28.1917, 56.3156], [28.1733, 56.1903], [28.1479, 56.1429], [27.8963, 56.0762], [27.6423, 55.9117], [27.5768, 55.7988], [27.0525, 55.8306], [26.953, 55.8129], [26.8225, 55.7092], [26.6202, 55.6796], [26.5936, 55.6675]]]]}}, {"type": "Feature", "properties": {"name": "Liechtenstein", "iso3": "LIE", "label": [9.5471, 47.1427]}, "geometry": {"type": "MultiPolygon", "coordinates": [[[[9.5803, 47.0574], [9.4877, 47.0623], [9.5275, 47.2708], [9.5957, 47.0758], [9.5803, 47.0574]]]]}}, {"type": "Feature", "properties": {"name": "Lithuania", "iso3": "LTU", "label": [24.2637, 55.0499]}, "geometry": {"type": "MultiPolygon", "coordinates": [[[[20.9578, 55.2789], [20.8998, 55.2867], [21.0141, 55.402], [21.1148, 55.6165], [21.0317, 55.3505], [20.9578, 55.2789]]], [[[22.7662, 54.3568], [22.6845, 54.5629], [22.8247, 54.8713], [22.6274, 54.9707], [22.5673, 55.0591], [22.0724, 55.0637], [21.5547, 55.1953], [21.3893, 55.2755], [21.2357, 55.2641], [21.2011, 55.3438], [21.2379, 55.455], [21.0619, 55.8134], [21.0461, 56.0701], [21.6535, 56.3146], [22.0846, 56.4067], [22.5869, 56.3751], [22.8756, 56.3964], [23.043, 56.3241], [23.1959, 56.3671], [23.8127, 56.3292], [24.1207, 56.2643], [24.4736, 56.2841], [24.841, 56.4112], [24.903, 56.3982], [25.0699, 56.2004], [25.6632, 56.1048], [26.0855, 55.8969], [26.2812, 55.7504], [26.5936, 55.6675], [26.4576, 55.3425], [26.7757, 55.2731], [26.6484, 55.2042], [26.6012, 55.1302], [26.2918, 55.1396], [26.1752, 55.0033], [25.8593, 54.9193], [25.7225, 54.7179], [25.7248, 54.5643], [25.5474, 54.3318], [25.7481, 54.2597], [25.7492, 54.157], [25.5104, 54.1596], [25.5273, 54.2151], [25.4611, 54.2928], [25.1795, 54.2143], [25.0461, 54.1331], [24.8695, 54.1452], [24.7682, 53.9747], [24.6207, 53.9798], [24.318, 53.893], [24.1913, 53.9504], [23.5591, 53.9198], [23.4847, 53.9398], [23.4536, 54.1435], [23.3701, 54.2005], [23.0422, 54.3042], [22.9768, 54.3664], [22.8237, 54.3958], [22.7662, 54.3568]]]]}}, {"type": "Feature", "properties": {"name": "Luxembourg", "iso3": "LUX", "label": [6.0623, 49.7626]}, "geometry": {"type": "MultiPolygon", "coordinates": [[[[6.1165, 50.121], [6.1098, 50.0344], [6.2049, 49.9151], [6.3246, 49.8379], [6.4873, 49.7985], [6.4848, 49.7078], [6.3783, 49.5996], [6.3443, 49.4527], [6.1811, 49.4989], [6.0114, 49.4455], [5.7897, 49.5383], [5.8804, 49.6448], [5.725, 49.8083], [5.744, 49.9196], [5.9763, 50.1672], [6.0891, 50.1546], [6.1101, 50.1238], [6.1165, 50.121]]]]}}, {"type": "Feature", "properties": {"name": "Malta", "iso3": "MLT", "label": [14.4738, 35.8802]}, "geometry": {"type": "MultiPolygon", "coordinates": [[[[14.5662, 35.8527], [14.5327, 35.8202], [14.4364, 35.8217], [14.3523, 35.8723], [14.3513, 35.9784], [14.4483, 35.9574], [14.537, 35.8863], [14.5662, 35.8527]]], [[[14.3135, 36.0276], [14.2536, 36.0122], [14.1804, 36.0604], [14.2633, 36.0758], [14.3209, 36.0362], [14.3135, 36.0276]]]]}}, {"type": "Feature", "properties": {"name": "Moldova", "iso3": "MDA", "label": [28.5346, 47.0821]}, "geometry": {"type": "MultiPolygon", "coordinates": [[[[26.6189, 48.2599], [26.8471, 48.3872], [27.2285, 48.3714], [27.3369, 48.4327], [27.4038, 48.4156], [27.5492, 48.4777], [27.82, 48.4163], [28.0385, 48.3213], [28.0885, 48.257], [28.291, 48.2386], [28.3472, 48.213], [28.3405, 48.1444], [28.423, 48.1469], [28.4631, 48.0905], [28.5305, 48.1503], [28.7738, 48.1196], [28.9231, 47.9511], [28.9733, 47.933], [29.093, 47.9754], [29.1948, 47.8824], [29.2107, 47.7315], [29.1349, 47.4897], [29.3834, 47.328], [29.5392, 47.271], [29.5109, 47.128], [29.572, 46.964], [29.8778, 46.8289], [29.9425, 46.7238], [29.9243, 46.5389], [30.1311, 46.4231], [30.0757, 46.3778], [29.8379, 46.3505], [29.7068, 46.4487], [29.6149, 46.3988], [29.3049, 46.4666], [29.2046, 46.3793], [29.1862, 46.524], [28.9584, 46.4585], [28.9306, 46.3623], [29.0062, 46.1765], [28.9478, 46.05], [28.7388, 45.9372], [28.7293, 45.852], [28.4916, 45.6658], [28.5138, 45.5724], [28.4714, 45.5072], [28.3104, 45.4986], [28.2125, 45.4504], [28.0747, 45.599], [28.1598, 45.6471], [28.0997, 45.9726], [28.1191, 46.1387], [28.2443, 46.4513], [28.2395, 46.6408], [28.0718, 46.9784], [27.8538, 47.1145], [27.6141, 47.3405], [27.3369, 47.6397], [27.1521, 47.9593], [26.9808, 48.155], [26.901, 48.2111], [26.7138, 48.2635], [26.6189, 48.2599]]]]}}, {"type": "Feature", "properties": {"name": "Monaco", "iso3": "MCO", "label": [7.4116, 43.7548]}, "geometry": {"type": "MultiPolygon", "coordinates": [[[[7.4387, 43.7504], [7.3777, 43.7317], [7.395, 43.7653], [7.4369, 43.7615], [7.4387, 43.7504]]]]}}, {"type": "Feature", "properties": {"name": "Montenegro", "iso3": "MNE", "label": [19.2575, 42.8172]}, "geometry": {"type": "MultiPolygon", "coordinates": [[[[19.1943, 43.5333], [19.2188, 43.45], [19.4146, 43.3428], [19.6145, 43.1734], [19.944, 43.0816], [20.2685, 42.9354], [20.3477, 42.8528], [20.3443, 42.8279], [20.2151, 42.7988], [20.1926, 42.7546], [20.0543, 42.7601], [20.0703, 42.5571], [19.9391, 42.5067], [19.7883, 42.4762], [19.7378, 42.5251], [19.7278, 42.6345], [19.6545, 42.6286], [19.2807, 42.1726], [19.3614, 42.0691], [19.3424, 41.8691], [19.1864, 41.9486], [19.1223, 42.0605], [18.8942, 42.2495], [18.6329, 42.3781], [18.6459, 42.4427], [18.5175, 42.4329], [18.4381, 42.5229], [18.4363, 42.5597], [18.5459, 42.6416], [18.466, 42.7772], [18.4602, 42.9979], [18.6236, 43.0277], [18.6742, 43.2308], [18.8511, 43.3463], [18.9347, 43.3395], [18.9787, 43.2854], [19.0267, 43.2924], [19.0367, 43.3573], [18.9507, 43.5267], [19.1644, 43.5354], [19.1943, 43.5333]]]]}}, {"type": "Feature", "properties": {"name": "Netherlands", "iso3": "NLD", "label": [5.5876, 51.8056]}, "geometry": {"type": "MultiPolygon", "coordinates": [[[[5.9939, 50.7504], [5.7471, 50.7596], [5.6395, 50.8436], [5.75, 50.9502], [5.8183, 51.0864], [5.7965, 51.1531], [5.6088, 51.1984], [5.4769, 51.2851], [5.3108, 51.2597], [5.2142, 51.279], [5.0999, 51.3465], [5.031, 51.4691], [4.9439, 51.4078], [4.848, 51.4033], [4.7557, 51.4911], [4.634, 51.4217], [4.5034, 51.4747], [4.3848, 51.4276], [4.3737, 51.356], [4.0065, 51.4432], [3.8219, 51.4094], [3.5869, 51.4539], [3.4489, 51.5408], [3.5486, 51.5891], [3.7439, 51.596], [3.886, 51.5742], [4.1413, 51.4558], [4.2741, 51.4716], [4.0048, 51.5958], [4.1826, 51.6103], [3.9469, 51.8105], [4.0849, 51.9941], [4.2088, 52.059], [4.4828, 52.3092], [4.7687, 52.9413], [4.888, 52.9083], [5.0612, 52.9606], [5.3584, 53.0965], [5.532, 53.2687], [5.8735, 53.3752], [6.8162, 53.4412], [6.9682, 53.3273], [7.1973, 53.2823], [7.1899, 52.9995], [7.033, 52.6514], [6.7484, 52.6341], [6.6916, 52.5302], [6.7488, 52.464], [7.0019, 52.419], [7.0196, 52.266], [6.9772, 52.2055], [6.7245, 52.0802], [6.7156, 52.0362], [6.8024, 51.9802], [6.7418, 51.9109], [6.3557, 51.8247], [6.1665, 51.8808], [5.9487, 51.8027], [6.1988, 51.45], [6.0759, 51.2241], [6.13, 51.1474], [5.9393, 51.0408], [5.8575, 51.0301], [6.0484, 50.9049], [5.9939, 50.7504]]], [[[4.2262, 51.3865], [4.1726, 51.3071], [3.9021, 51.2077], [3.5803, 51.2862], [3.4325, 51.2458], [3.3501, 51.3777], [3.5895, 51.3994], [3.8834, 51.3545], [4.011, 51.3959], [4.1115, 51.3606], [4.2262, 51.3865]]], [[[6.3334, 53.5107], [6.1593, 53.4839], [6.2909, 53.515], [6.3334, 53.5107]]], [[[5.9293, 53.4588], [5.732, 53.4426], [5.6543, 53.4665], [5.9282, 53.465], [5.9293, 53.4588]]], [[[5.1086, 53.308], [4.9237, 53.2346], [5.0271, 53.3102], [5.1086, 53.308]]], [[[5.3258, 53.3857], [5.1902, 53.3918], [5.5826, 53.4381], [5.3258, 53.3857]]], [[[4.8861, 53.0707], [4.7871, 52.9998], [4.7092, 53.036], [4.8864, 53.1833], [4.8861, 53.0707]]], [[[3.9491, 51.7395], [4.0751, 51.6488], [3.951, 51.6271], [3.819, 51.694], [3.7318, 51.6782], [3.6985, 51.7297], [3.7891, 51.7464], [3.9491, 51.7395]]], [[[6.7348, 53.5825], [6.6421, 53.5792], [6.8009, 53.6255], [6.7348, 53.5825]]], [[[-68.2058, 12.1446], [-68.2543, 12.0321], [-68.2873, 12.1717], [-68.3711, 12.2575], [-68.3692, 12.302], [-68.2195, 12.2312], [-68.2058, 12.1446]]], [[[-62.9375, 17.4957], [-62.9831, 17.4769], [-62.9996, 17.5304], [-62.9654, 17.5093], [-62.9375, 17.4957]]], [[[-63.2327, 17.6231], [-63.2521, 17.6453], [-63.2269, 17.6341], [-63.2327, 17.6231]]]]}}, {"type": "Feature", "properties": {"name": "North Macedonia", "iso3": "MKD", "label": [21.6401, 41.6354]}, "geometry": {"type": "MultiPolygon", "coordinates": [[[[21.5625, 42.2475], [21.9041, 42.3221], [22.0521, 42.3046], [22.2397, 42.3582], [22.344, 42.314], [22.5827, 42.1048], [22.7961, 42.0257], [22.9439, 41.7751], [23.0036, 41.7398], [22.9297, 41.3561], [22.7839, 41.332], [22.7248, 41.1785], [22.6036, 41.1402], [22.4936, 41.1185], [22.1845, 41.1586], [21.9934, 41.131], [21.9295, 41.1074], [21.7795, 40.9504], [21.5758, 40.8689], [21.4041, 40.9072], [21.3237, 40.8671], [20.9643, 40.8499], [20.9335, 40.9031], [20.7408, 40.9053], [20.489, 41.2726], [20.4486, 41.5213], [20.5162, 41.5748], [20.5052, 41.7065], [20.5531, 41.8624], [20.725, 41.8735], [20.7781, 42.071], [21.0598, 42.1713], [21.1425, 42.175], [21.2866, 42.1004], [21.3896, 42.2198], [21.5608, 42.2477], [21.5625, 42.2475]]]]}}, {"type": "Feature", "properties": {"name": "Norway", "iso3": "NOR", "label": [15.1054, 65.2497]}, "geometry": {"type": "MultiPolygon", "coordinates": [[[[20.6222, 69.0369], [20.1167, 69.0209], [20.3371, 68.8997], [20.348, 68.8487], [20.24, 68.6731], [19.9688, 68.542], [20.24, 68.4775], [19.9698, 68.3564], [19.0526, 68.4927], [18.303, 68.5554], [18.1626, 68.5284], [18.1767, 68.2006], [17.9167, 67.9649], [17.3246, 68.1038], [16.7836, 67.895], [16.5741, 67.6196], [16.4571, 67.5518], [16.1936, 67.5052], [16.1274, 67.4258], [16.4343, 67.1551], [16.4035, 67.055], [15.4229, 66.4898], [15.4838, 66.306], [15.04, 66.1675], [14.5433, 66.1293], [14.6346, 65.7933], [14.4797, 65.3015], [13.6503, 64.5815], [14.0776, 64.464], [14.148, 64.2603], [14.0633, 64.0955], [13.9605, 64.014], [13.2035, 64.0751], [12.7928, 64], [12.1752, 63.5959], [12.2121, 63.4922], [11.9999, 63.2917], [12.2182, 63.0006], [12.1086, 62.9195], [12.1146, 62.5919], [12.3035, 62.2856], [12.1554, 61.7208], [12.5961, 61.5413], [12.8808, 61.3523], [12.7061, 61.0599], [12.2941, 61.0027], [12.5887, 60.4507], [12.4861, 60.1068], [12.1692, 59.9129], [11.9321, 59.8637], [11.8343, 59.6972], [11.6808, 59.5923], [11.7981, 59.2899], [11.6428, 58.9261], [11.5436, 58.893], [11.4707, 58.9095], [11.3659, 59.1045], [10.8345, 59.1839], [10.6449, 59.3892], [10.5953, 59.7646], [10.5339, 59.6958], [10.5695, 59.5871], [10.3981, 59.5193], [10.4313, 59.2796], [10.1794, 59.0093], [10.0831, 59.0288], [9.9596, 58.9682], [9.8426, 58.9585], [9.6352, 59.1178], [9.5572, 59.1127], [9.6961, 59.0097], [9.6569, 58.9712], [9.31, 58.8568], [9.3958, 58.8057], [9.3229, 58.7476], [9.2387, 58.739], [8.5214, 58.3006], [8.1661, 58.1453], [8.0374, 58.1473], [7.8756, 58.08], [7.4659, 58.0209], [7.1941, 58.0477], [7.0049, 58.0242], [6.9034, 58.0705], [6.8771, 58.1507], [6.8028, 58.1545], [6.7314, 58.0683], [6.5905, 58.0973], [6.5551, 58.1234], [6.6925, 58.224], [6.6599, 58.2627], [6.3891, 58.268], [6.0547, 58.3751], [5.7068, 58.5236], [5.5173, 58.7265], [5.6122, 59.0129], [6.099, 58.8703], [6.3633, 59.0009], [6.3211, 59.0165], [6.0994, 58.952], [5.8892, 59.0979], [5.9686, 59.1861], [5.9519, 59.2991], [6.4039, 59.561], [5.8452, 59.3535], [5.5641, 59.2912], [5.3623, 59.1664], [5.1732, 59.1625], [5.1316, 59.2265], [5.3049, 59.6426], [5.4725, 59.7131], [5.7722, 59.6609], [5.8673, 59.734], [6.2166, 59.8184], [5.834, 59.7947], [5.7305, 59.8631], [6.0699, 60.0835], [6.1405, 60.2335], [6.5181, 60.4076], [6.5736, 60.3606], [6.5269, 60.1529], [6.7199, 60.4182], [6.9957, 60.512], [6.347, 60.4191], [6.1533, 60.3462], [5.9044, 60.1506], [5.8766, 60.07], [5.6988, 60.01], [5.4945, 59.8256], [5.1458, 59.6388], [5.1049, 59.7317], [5.2057, 60.0879], [5.4945, 60.0703], [5.6886, 60.1232], [5.6576, 60.1541], [5.4174, 60.1541], [5.2858, 60.2057], [5.1371, 60.4456], [5.6483, 60.688], [5.244, 60.5696], [5.1158, 60.636], [5.0086, 61.0382], [5.0954, 61.0713], [5.5053, 61.0561], [5.984, 61.1173], [6.418, 61.0843], [6.6099, 61.137], [6.7778, 61.1424], [6.9721, 61.056], [7.0387, 60.9529], [7.0401, 61.0912], [7.6045, 61.2105], [7.4039, 61.2222], [7.3466, 61.3006], [7.4426, 61.4346], [7.3312, 61.372], [7.276, 61.181], [7.1735, 61.166], [6.9426, 61.1605], [6.657, 61.2066], [6.5999, 61.2896], [6.4926, 61.1546], [6.3835, 61.1339], [6.0825, 61.1673], [5.6468, 61.1476], [5.4513, 61.1023], [5.3246, 61.1083], [5.1067, 61.1875], [5.0217, 61.2506], [5.0027, 61.4336], [5.3387, 61.4855], [5.1676, 61.5434], [4.9278, 61.7107], [4.9301, 61.8783], [4.9851, 61.9004], [5.4653, 61.8969], [6.0158, 61.7875], [6.4667, 61.8074], [6.7308, 61.8698], [6.1312, 61.8524], [5.473, 61.9456], [5.2669, 61.9356], [5.1596, 61.957], [5.0965, 62.0267], [5.1432, 62.1599], [5.2409, 62.1887], [5.3577, 62.1517], [5.5333, 62.3109], [5.9083, 62.416], [6.0835, 62.3496], [6.5801, 62.4073], [6.6924, 62.4681], [6.1361, 62.4075], [6.1185, 62.4472], [6.3529, 62.6111], [6.9611, 62.6268], [7.5701, 62.5482], [7.6907, 62.5856], [7.5274, 62.6103], [7.5384, 62.6721], [8.0955, 62.7318], [8.0455, 62.7712], [7.4084, 62.7118], [7.2421, 62.7523], [6.78, 62.7007], [6.735, 62.7207], [6.9404, 62.9305], [7.3891, 63.0233], [7.5719, 63.0995], [8.1006, 63.091], [8.2111, 62.9955], [8.6231, 62.8462], [8.158, 63.1615], [8.2715, 63.2866], [8.6355, 63.3423], [8.5938, 63.4261], [8.3865, 63.4453], [8.3607, 63.4989], [8.5762, 63.6012], [8.8424, 63.6459], [9.1358, 63.5937], [9.0759, 63.5004], [9.0842, 63.4634], [9.1561, 63.4593], [9.3236, 63.5704], [9.6969, 63.6246], [10.021, 63.3908], [10.0806, 63.4327], [10.34, 63.4693], [10.7602, 63.4613], [10.6736, 63.558], [10.7253, 63.625], [11.3707, 63.8048], [11.3076, 63.8757], [11.1756, 63.8989], [11.4576, 64.003], [11.3066, 64.0489], [10.9143, 63.9211], [11.0473, 63.8452], [10.9349, 63.7702], [10.3392, 63.571], [10.0551, 63.5127], [9.924, 63.5218], [9.7675, 63.6995], [9.5946, 63.679], [9.5673, 63.7062], [9.6147, 63.7948], [9.8645, 63.9178], [10.01, 64.0832], [10.2362, 64.1796], [10.5656, 64.4183], [10.834, 64.4945], [10.9323, 64.5777], [11.2254, 64.6795], [11.5238, 64.7444], [11.6329, 64.8139], [11.2968, 64.7548], [11.3499, 64.9059], [11.4894, 64.9758], [12.1597, 65.179], [12.3065, 65.086], [12.5084, 65.0994], [12.9155, 65.3393], [12.4176, 65.1841], [12.334, 65.2407], [12.1339, 65.2792], [12.1222, 65.3624], [12.2729, 65.5682], [12.6277, 65.8062], [12.6889, 65.9022], [12.8168, 65.9529], [13.0331, 65.9562], [12.7838, 66.1004], [13.3871, 66.1828], [13.6744, 66.18], [14.0342, 66.2976], [13.9731, 66.3197], [13.1188, 66.2307], [13.0682, 66.4308], [13.1047, 66.5394], [13.1916, 66.5372], [13.2114, 66.6408], [13.6211, 66.7948], [13.9595, 66.7943], [13.7041, 66.8517], [13.6516, 66.9071], [13.8802, 66.9649], [14.1088, 67.1192], [14.2056, 67.1112], [14.3403, 67.1589], [14.4727, 67.1427], [14.7756, 67.1945], [15.4157, 67.2024], [15.4348, 67.2467], [15.3001, 67.2569], [14.4417, 67.2714], [14.755, 67.499], [14.9619, 67.5743], [15.4094, 67.4742], [15.5944, 67.3485], [15.5757, 67.4438], [15.6915, 67.5214], [15.6613, 67.5428], [15.4873, 67.5148], [15.2487, 67.6021], [15.2187, 67.6554], [15.3458, 67.7344], [15.3039, 67.7653], [15.0408, 67.6826], [14.7813, 67.6749], [14.7989, 67.8093], [15.0484, 67.9558], [15.2744, 67.9609], [15.4009, 67.9196], [15.6214, 67.9483], [15.6058, 67.9879], [15.3569, 68.0036], [15.316, 68.0687], [16.0079, 68.2287], [16.1208, 68.0273], [16.3123, 67.8814], [16.2586, 68.0012], [16.392, 68.0916], [16.2598, 68.1445], [16.2038, 68.3167], [16.3879, 68.3896], [16.6188, 68.4063], [16.9514, 68.3547], [17.5712, 68.4475], [17.4262, 68.4819], [16.5849, 68.4665], [16.5144, 68.5326], [16.5799, 68.5927], [16.8847, 68.6854], [17.1312, 68.6935], [17.3908, 68.7994], [17.5463, 69.0011], [17.7046, 69.1], [18.1015, 69.1563], [18.0787, 69.3252], [18.2598, 69.4706], [18.6455, 69.3219], [18.9159, 69.3356], [18.6244, 69.4344], [18.6145, 69.4906], [18.9911, 69.5611], [19.0384, 69.6604], [19.1973, 69.7479], [19.687, 69.8047], [19.7225, 69.7816], [19.6415, 69.424], [19.9605, 69.8246], [20.3242, 69.9453], [20.3872, 69.8676], [20.3382, 69.6167], [20.0545, 69.3327], [20.1977, 69.3709], [20.4867, 69.5421], [20.7395, 69.5205], [20.5327, 69.6923], [20.546, 69.8511], [20.6221, 69.9139], [21.1631, 69.8895], [21.2537, 70.0032], [21.4329, 70.0132], [21.9317, 69.8147], [21.9747, 69.8346], [21.8027, 70.0661], [21.4004, 70.1745], [21.3558, 70.2334], [21.5388, 70.2577], [21.7803, 70.2299], [21.9955, 70.2934], [22.0544, 70.276], [22.2194, 70.3092], [22.322, 70.2645], [22.4212, 70.3376], [22.6846, 70.3748], [22.9412, 70.305], [23.0465, 70.1019], [23.3539, 69.9834], [23.4002, 70.0198], [23.286, 70.1048], [23.3794, 70.2475], [23.6612, 70.3998], [23.8972, 70.4788], [24.0385, 70.4854], [24.2855, 70.6624], [24.42, 70.702], [24.4035, 70.7453], [24.2682, 70.7727], [24.2635, 70.8263], [24.658, 71.001], [24.7647, 71.0084], [25.2646, 70.8435], [25.4359, 70.9119], [25.7682, 70.8532], [25.7814, 70.8168], [25.4683, 70.672], [25.2093, 70.4894], [25.1464, 70.324], [24.9942, 70.2182], [25.0438, 70.109], [25.2118, 70.1365], [25.4188, 70.2355], [25.4705, 70.3406], [26.2309, 70.7826], [26.5069, 70.9128], [26.6613, 70.9397], [26.734, 70.8536], [26.5582, 70.6691], [26.6446, 70.6362], [26.5851, 70.41], [26.9894, 70.5114], [27.1837, 70.744], [27.3094, 70.8036], [27.5465, 70.804], [27.2353, 70.9472], [27.5971, 71.0913], [28.1417, 71.043], [28.3923, 70.9753], [28.3269, 70.8252], [27.898, 70.6779], [27.9988, 70.6643], [28.2156, 70.7043], [28.2718, 70.668], [28.2027, 70.5769], [28.193, 70.2486], [28.6094, 70.7597], [28.8315, 70.864], [29.1023, 70.8607], [29.3977, 70.7341], [29.6391, 70.705], [29.7375, 70.6468], [30.0651, 70.703], [30.2377, 70.6222], [30.2132, 70.5433], [30.5959, 70.5237], [30.9264, 70.4011], [30.9441, 70.2744], [30.4689, 70.1979], [30.263, 70.1247], [29.9259, 70.0965], [28.7812, 70.1454], [28.8043, 70.0925], [29.6014, 69.9768], [29.6946, 69.7446], [30.0883, 69.7176], [30.2376, 69.8622], [30.3488, 69.8346], [30.4283, 69.7223], [30.4844, 69.7949], [30.8697, 69.7834], [30.9241, 69.6518], [30.8967, 69.5612], [30.7889, 69.5285], [30.6154, 69.5326], [30.1598, 69.6299], [30.1867, 69.5428], [30.0873, 69.4329], [29.8327, 69.3604], [29.3883, 69.2981], [29.21, 69.097], [28.9658, 69.022], [28.8326, 69.119], [28.8463, 69.1769], [29.3334, 69.473], [29.1416, 69.6714], [28.4117, 69.8228], [27.8899, 70.0617], [27.7479, 70.0648], [27.1275, 69.9065], [26.7402, 69.9331], [26.5254, 69.915], [26.0725, 69.6916], [25.7672, 69.2827], [25.7483, 68.9901], [25.5753, 68.8872], [25.2491, 68.8213], [25.0869, 68.6396], [24.9414, 68.5933], [23.854, 68.8059], [23.707, 68.7139], [23.324, 68.649], [23.1443, 68.6426], [23.0717, 68.6744], [22.4109, 68.7199], [22.3004, 68.8559], [21.6218, 69.2707], [21.2668, 69.2737], [21.1438, 69.2473], [21.0526, 69.1866], [21.1278, 69.0808], [21.0657, 69.0417], [20.6759, 69.0695], [20.6222, 69.0369]]], [[[4.9587, 61.0846], [4.799, 61.0827], [4.8244, 61.1782], [4.9154, 61.1994], [4.9732, 61.1482], [4.9587, 61.0846]]], [[[5.0858, 60.3076], [5.0891, 60.1888], [4.997, 60.1978], [4.9556, 60.2433], [4.9572, 60.4473], [5.0502, 60.389], [5.0858, 60.3076]]], [[[29.9562, 69.7968], [29.7662, 69.7675], [29.8358, 69.9056], [30.0552, 69.8384], [29.9562, 69.7968]]], [[[11.968, 65.6265], [11.9019, 65.5957], [11.7651, 65.631], [11.8754, 65.7059], [12.0032, 65.6794], [11.968, 65.6265]]], [[[8.4708, 63.6671], [8.2871, 63.6872], [8.7646, 63.8046], [8.7865, 63.7035], [8.4708, 63.6671]]], [[[8.1027, 63.3376], [7.8883, 63.3523], [7.804, 63.4139], [8.0735, 63.4708], [8.1409, 63.3664], [8.1027, 63.3376]]], [[[23.4405, 70.8158], [23.0682, 70.5941], [22.8291, 70.5416], [22.6561, 70.559], [22.5575, 70.5159], [22.3587, 70.5148], [21.9945, 70.6571], [22.3503, 70.6577], [22.421, 70.7026], [22.8581, 70.7284], [22.9636, 70.711], [23.2047, 70.8155], [23.3956, 70.8426], [23.4405, 70.8158]]], [[[25.5863, 71.1421], [25.945, 71.1046], [26.0776, 71.0332], [26.1469, 71.0395], [26.1338, 70.9958], [25.582, 70.9608], [25.482, 71.0196], [25.3149, 71.0341], [25.4234, 71.0974], [25.5863, 71.1421]]], [[[23.6153, 70.5493], [23.641, 70.464], [23.5478, 70.4082], [23.1592, 70.2826], [23.0906, 70.3776], [23.006, 70.3528], [22.9179, 70.3847], [22.941, 70.4446], [23.1584, 70.5161], [23.248, 70.5051], [23.5467, 70.6171], [23.5789, 70.5937], [23.6153, 70.5493]]], [[[24.0176, 70.5674], [23.8271, 70.5275], [23.7166, 70.5619], [23.6892, 70.7228], [23.7784, 70.7474], [24.0783, 70.6506], [24.0176, 70.5674]]], [[[13.8729, 68.2653], [14.1188, 68.2468], [14.0968, 68.2186], [13.7784, 68.105], [13.584, 68.0938], [13.4952, 68.0517], [13.4242, 68.0828], [13.3915, 68.0212], [13.2294, 67.9954], [13.1995, 68.0873], [13.3002, 68.1604], [13.4287, 68.1632], [13.538, 68.249], [13.7841, 68.2761], [13.8729, 68.2653]]], [[[12.9718, 67.8741], [12.824, 67.8212], [13.0681, 68.0713], [13.1229, 68.0494], [13.0746, 67.9346], [12.9718, 67.8741]]], [[[15.2071, 68.9431], [15.3966, 68.7836], [15.3484, 68.6724], [15.2221, 68.6163], [14.8902, 68.611], [14.7435, 68.6772], [14.5208, 68.6331], [14.4047, 68.6632], [14.3734, 68.7114], [14.5537, 68.8188], [14.8019, 68.791], [14.8724, 68.9139], [15.0375, 68.8943], [15.0378, 69.0005], [15.1756, 68.9815], [15.2071, 68.9431]]], [[[19.7675, 70.2167], [20.0843, 70.1286], [20.006, 70.0762], [19.7809, 70.0774], [19.6135, 70.2191], [19.599, 70.2662], [19.6838, 70.2736], [19.7675, 70.2167]]], [[[20.7792, 70.0897], [20.6426, 70.057], [20.4643, 70.0766], [20.4117, 70.1549], [20.6549, 70.2309], [20.8194, 70.2055], [20.7792, 70.0897]]], [[[19.2551, 70.0664], [19.3438, 70.012], [19.4995, 70.0479], [19.6078, 70.0191], [19.3348, 69.8203], [19.1309, 69.8104], [19.0078, 69.7596], [18.7848, 69.579], [18.2741, 69.5355], [18.1299, 69.5579], [18.0835, 69.6261], [18.2274, 69.6357], [18.3493, 69.7679], [18.5124, 69.7687], [18.6243, 69.813], [18.674, 69.7816], [18.6865, 69.8909], [18.8832, 70.0105], [19.051, 70.0378], [19.1327, 70.2441], [19.2127, 70.2475], [19.2494, 70.1786], [19.2551, 70.0664]]], [[[12.5096, 65.902], [12.4295, 65.8991], [12.4302, 65.9399], [12.5488, 66.0019], [12.7471, 66.0114], [12.7187, 65.9639], [12.5096, 65.902]]], [[[12.4199, 66.0433], [12.3273, 66.0366], [12.3428, 66.0808], [12.5274, 66.2105], [12.6208, 66.1779], [12.5764, 66.0719], [12.4199, 66.0433]]], [[[11.2314, 64.8659], [11.179, 64.838], [11.0625, 64.8604], [10.8325, 64.8431], [10.7398, 64.8703], [11.021, 64.9787], [11.1326, 64.9762], [11.2462, 64.9079], [11.2314, 64.8659]]], [[[17.503, 69.5962], [17.6232, 69.5391], [17.7837, 69.563], [18.0041, 69.505], [18.0768, 69.3958], [17.9421, 69.3287], [17.9507, 69.1981], [17.5682, 69.1604], [17.4879, 69.1968], [17.0825, 69.0137], [17.0771, 69.0466], [16.8104, 69.0707], [16.9718, 69.1379], [17.0018, 69.3619], [17.083, 69.3988], [17.3608, 69.3815], [17.3734, 69.4389], [17.2299, 69.4777], [17.4536, 69.5302], [17.4882, 69.5869], [17.503, 69.5962]]], [[[15.7604, 68.5612], [15.9086, 68.6505], [16.0596, 68.6805], [16.1506, 68.8424], [16.3289, 68.8763], [16.5474, 68.7166], [16.5192, 68.633], [16.1939, 68.5385], [15.9753, 68.4025], [15.7637, 68.4091], [15.6825, 68.356], [15.4375, 68.3128], [15.2797, 68.3738], [15.1879, 68.3104], [15.0377, 68.2827], [14.9269, 68.3066], [14.6289, 68.1985], [14.2575, 68.1908], [14.2572, 68.2569], [14.5858, 68.4003], [15.0953, 68.4414], [15.4126, 68.6158], [15.5643, 68.8737], [15.4437, 68.9192], [15.483, 69.0435], [15.8927, 69.2779], [16.048, 69.3021], [16.1295, 69.2739], [16.1148, 69.2164], [15.8117, 69.0242], [15.9279, 68.7332], [15.7907, 68.617], [15.7604, 68.5612]]], [[[-8.9536, 70.8392], [-9.0989, 70.8549], [-8.5208, 71.0307], [-8.3437, 71.1401], [-8.0014, 71.1777], [-8.0021, 71.0413], [-8.6354, 70.9404], [-8.9536, 70.8392]]], [[[19.2193, 74.391], [19.0985, 74.3521], [18.7975, 74.4857], [18.8612, 74.5142], [19.1829, 74.5179], [19.2747, 74.4567], [19.2193, 74.391]]], [[[26.876, 78.6489], [26.7295, 78.6465], [26.4596, 78.7203], [26.4558, 78.8105], [27.0076, 78.6975], [26.876, 78.6489]]], [[[32.526, 80.1191], [31.5776, 80.0814], [31.4819, 80.1079], [33.384, 80.2423], [33.6293, 80.2174], [33.5566, 80.1981], [32.526, 80.1191]]], [[[21.6081, 78.5957], [22.0432, 78.577], [22.2995, 78.2282], [22.9889, 78.252], [23.452, 78.1495], [23.152, 78.0881], [23.1167, 77.9915], [23.684, 77.8754], [24.2383, 77.8985], [24.9019, 77.7566], [24.1298, 77.6583], [23.5052, 77.4014], [23.1014, 77.3851], [22.8018, 77.2758], [22.5537, 77.2666], [22.4425, 77.4293], [22.6854, 77.5535], [22.3973, 77.5701], [22.0568, 77.5012], [21.0499, 77.441], [20.9281, 77.4597], [20.8731, 77.5653], [21.2011, 77.6195], [21.6531, 77.9235], [21.0354, 78.0592], [20.7864, 78.2521], [20.5283, 78.3256], [20.5603, 78.4194], [20.3728, 78.412], [20.2279, 78.4778], [20.3627, 78.5148], [21.4548, 78.5976], [21.6081, 78.5957]]], [[[20.8979, 80.25], [21.5492, 80.2429], [21.6967, 80.1592], [22.2897, 80.0492], [22.4508, 80.4022], [23.008, 80.474], [23.3154, 80.4252], [23.1146, 80.187], [23.688, 80.2065], [23.9529, 80.3046], [24.2341, 80.3031], [24.2976, 80.3604], [24.4026, 80.3552], [24.6137, 80.2858], [24.7859, 80.3007], [25.8363, 80.1751], [26.8608, 80.16], [27.1483, 80.0592], [27.1986, 79.9066], [26.0059, 79.617], [25.6412, 79.403], [25.1451, 79.3389], [24.7506, 79.3646], [23.9478, 79.1943], [22.9037, 79.2307], [22.6957, 79.3291], [22.8655, 79.4119], [21.9114, 79.3811], [20.8611, 79.3979], [20.7608, 79.4415], [19.9002, 79.5338], [19.6746, 79.5912], [19.7467, 79.618], [20.4935, 79.6328], [20.7841, 79.7486], [20.1234, 79.7786], [19.6381, 79.7286], [18.9421, 79.7363], [18.3247, 79.8597], [18.2554, 79.9292], [18.856, 80.0366], [18.3438, 80.0596], [17.9169, 80.1431], [18.7793, 80.1935], [19.3434, 80.1164], [19.5371, 80.1632], [19.3547, 80.1854], [19.1783, 80.3315], [19.7511, 80.2272], [19.8104, 80.3268], [19.6144, 80.4625], [19.8512, 80.4712], [20.3594, 80.4009], [20.6935, 80.2987], [20.8979, 80.25]]], [[[16.7867, 79.9067], [16.9664, 79.9589], [17.2194, 79.9408], [17.8346, 79.8], [17.9562, 79.7042], [17.6875, 79.5333], [17.6687, 79.3859], [18.3974, 79.6052], [18.8152, 79.4267], [18.6778, 79.2617], [19.0895, 79.157], [19.4902, 79.1757], [19.7509, 79.1468], [19.8936, 79.0562], [20.1138, 79.0767], [20.1627, 79.1457], [20.611, 79.1066], [20.7672, 79.0591], [20.5007, 78.9814], [21.3122, 78.7959], [21.3888, 78.7404], [21.0963, 78.6763], [19.6768, 78.6096], [19.1505, 78.3794], [18.9951, 78.0815], [18.4393, 78.025], [18.2279, 77.5226], [17.8471, 77.4968], [17.6233, 77.3994], [17.1525, 77.0489], [17.249, 76.9692], [16.9767, 76.8116], [17.0627, 76.659], [16.7005, 76.5793], [16.4619, 76.6093], [15.5468, 76.8864], [15.1242, 77.0851], [14.3658, 77.2345], [13.9957, 77.5082], [14.0713, 77.5641], [14.3776, 77.5796], [14.695, 77.525], [14.9208, 77.6888], [16.206, 77.7825], [17.0333, 77.7977], [16.9141, 77.898], [16.0601, 77.8471], [15.5854, 77.8691], [14.8469, 77.7787], [14.0899, 77.7714], [13.7911, 77.8538], [13.6806, 78.0281], [13.9369, 78.0855], [14.3072, 78.0051], [14.2481, 78.0714], [15.3414, 78.2209], [15.698, 78.2276], [15.6571, 78.299], [15.7839, 78.3271], [17.0029, 78.3694], [17.172, 78.4171], [16.7266, 78.4072], [16.4486, 78.5036], [16.7826, 78.6636], [16.5305, 78.6563], [15.944, 78.493], [15.4174, 78.4732], [15.2542, 78.5891], [15.3842, 78.7712], [15.0163, 78.6301], [14.6893, 78.7209], [14.4672, 78.6754], [14.4318, 78.4925], [14.6383, 78.4146], [14.1104, 78.2709], [13.1502, 78.2375], [12.6646, 78.3848], [12.2579, 78.5947], [11.7738, 78.7164], [11.861, 78.8319], [11.3654, 78.9504], [11.5476, 78.983], [12.2749, 78.9045], [12.4033, 78.9532], [12.0873, 78.9751], [11.9818, 79.0253], [11.8928, 79.1523], [12.084, 79.2675], [11.9783, 79.2927], [11.5798, 79.2835], [11.5212, 79.1513], [11.3389, 79.1091], [11.2081, 79.1296], [10.7376, 79.5202], [10.8107, 79.6409], [10.6821, 79.7583], [10.8659, 79.7966], [11.1504, 79.717], [11.2506, 79.7849], [11.7023, 79.8206], [12.2878, 79.7131], [12.28, 79.816], [12.7535, 79.7758], [13.1075, 79.8317], [13.6929, 79.861], [13.9142, 79.8169], [13.7775, 79.7153], [13.0393, 79.6852], [12.5554, 79.5695], [13.3338, 79.5748], [13.3836, 79.4808], [13.9572, 79.3396], [14.0398, 79.5856], [14.5937, 79.7987], [14.8318, 79.7664], [15.7641, 79.1743], [16.3438, 78.9761], [15.8161, 79.6818], [16.1002, 79.8844], [16.0938, 80.0073], [16.2457, 80.0495], [16.524, 80.0205], [16.7867, 79.9067]]], [[[11.2503, 78.6107], [11.2617, 78.5417], [11.4242, 78.5486], [11.8257, 78.4361], [12.1164, 78.2326], [11.965, 78.2249], [11.5865, 78.3882], [11.1213, 78.4633], [10.6284, 78.7539], [10.5582, 78.9029], [10.9608, 78.8464], [11.155, 78.6406], [11.2503, 78.6107]]], [[[18.7416, 80.3009], [18.525, 80.2456], [18.1622, 80.2882], [18.2917, 80.3584], [18.5193, 80.3483], [18.7416, 80.3009]]], [[[29.0471, 78.9121], [29.6967, 78.9047], [29.3105, 78.8521], [28.4945, 78.8872], [28.0379, 78.8287], [27.8891, 78.8521], [28.4147, 78.9614], [28.8452, 78.9708], [29.0471, 78.9121]]]]}}, {"type": "Feature", "properties": {"name": "Poland", "iso3": "POL", "label": [19.0992, 51.4007]}, "geometry": {"type": "MultiPolygon", "coordinates": [[[[23.6053, 51.5179], [23.6797, 51.3949], [23.6645, 51.3101], [23.8635, 51.1262], [23.9857, 50.9404], [24.0958, 50.8728], [24.1058, 50.845], [23.9784, 50.7856], [24.0947, 50.617], [24.0899, 50.5305], [23.9727, 50.4101], [23.7117, 50.3773], [23.0363, 49.8991], [22.7062, 49.6062], [22.6494, 49.539], [22.7324, 49.2952], [22.7057, 49.1712], [22.8471, 49.0812], [22.8098, 49.0208], [22.0201, 49.2095], [21.8901, 49.3435], [21.6396, 49.412], [21.0794, 49.4183], [21.0012, 49.3398], [20.8685, 49.3147], [20.6161, 49.3917], [20.363, 49.3853], [20.1637, 49.3164], [20.0576, 49.1813], [19.9161, 49.2214], [19.7566, 49.2044], [19.7739, 49.3722], [19.6303, 49.4066], [19.4416, 49.5977], [19.2502, 49.5114], [19.1494, 49.4], [18.9684, 49.3962], [18.9382, 49.4983], [18.8322, 49.5108], [18.8069, 49.6137], [18.5946, 49.7578], [18.5624, 49.8793], [18.3484, 49.9298], [18.3053, 49.9141], [18.0283, 50.0353], [17.9838, 49.9991], [17.8313, 49.9833], [17.6271, 50.1164], [17.5894, 50.1575], [17.7354, 50.2308], [17.7022, 50.3072], [17.4152, 50.2548], [17.152, 50.3783], [16.8801, 50.4271], [16.9896, 50.2369], [16.6392, 50.1021], [16.3342, 50.3669], [16.2104, 50.4237], [16.4197, 50.5736], [16.2822, 50.6556], [16.0072, 50.6116], [15.9485, 50.6703], [15.7306, 50.7397], [15.3544, 50.8118], [15.2586, 50.9585], [14.9938, 51.0144], [14.9829, 50.8866], [14.8094, 50.859], [15.0166, 51.2527], [14.906, 51.4633], [14.7247, 51.5239], [14.7249, 51.6617], [14.6017, 51.8324], [14.7525, 52.0818], [14.7046, 52.1102], [14.6799, 52.25], [14.5546, 52.3597], [14.6194, 52.5285], [14.5141, 52.6456], [14.1286, 52.8782], [14.1389, 52.9329], [14.3686, 53.1056], [14.4109, 53.199], [14.2589, 53.7296], [14.5835, 53.6394], [14.5584, 53.8232], [14.2137, 53.8708], [14.2114, 53.9503], [14.3842, 53.9247], [15.2884, 54.1399], [16.1863, 54.2904], [16.5598, 54.5538], [16.8854, 54.5964], [17.2619, 54.7295], [18.0856, 54.8358], [18.3234, 54.8382], [18.7593, 54.6846], [18.7996, 54.6334], [18.4362, 54.7447], [18.6696, 54.4309], [18.9763, 54.3489], [19.4071, 54.3861], [19.6044, 54.4592], [22.1685, 54.3599], [22.7318, 54.3501], [22.8237, 54.3958], [22.8939, 54.3905], [23.4536, 54.1435], [23.5989, 53.5992], [23.8871, 53.0275], [23.9013, 52.7036], [23.4109, 52.5162], [23.1751, 52.2866], [23.5979, 52.1031], [23.6524, 52.0404], [23.6257, 51.8093], [23.5448, 51.7103], [23.5396, 51.6189], [23.6053, 51.5179]]]]}}, {"type": "Feature", "properties": {"name": "Portugal", "iso3": "PRT", "label": [-7.8944, 39.9564]}, "geometry": {"type": "MultiPolygon", "coordinates": [[[[-17.1909, 32.8686], [-17.0545, 32.8159], [-16.9292, 32.8414], [-16.6933, 32.758], [-16.8374, 32.6483], [-17.0183, 32.6628], [-17.1712, 32.7219], [-17.241, 32.8074], [-17.1909, 32.8686]]], [[[-8.7771, 41.9411], [-8.5896, 42.0527], [-8.2661, 42.1374], [-8.2131, 42.1337], [-8.13, 42.0182], [-8.2248, 41.8959], [-8.1525, 41.812], [-7.9208, 41.8836], [-7.6931, 41.8885], [-7.4036, 41.8337], [-7.2096, 41.8953], [-7.1471, 41.9812], [-7.0305, 41.9506], [-6.6183, 41.9424], [-6.5575, 41.8741], [-6.5422, 41.6725], [-6.3081, 41.6422], [-6.2125, 41.532], [-6.4031, 41.3754], [-6.6901, 41.2145], [-6.7758, 41.1077], [-6.9285, 41.0091], [-6.8359, 40.7775], [-6.8521, 40.4433], [-6.8102, 40.3431], [-7.0326, 40.1679], [-6.8961, 40.0218], [-6.9754, 39.7984], [-7.0367, 39.714], [-7.1177, 39.6817], [-7.5357, 39.6616], [-7.4451, 39.5362], [-7.3354, 39.4651], [-7.3058, 39.3381], [-7.1724, 39.1352], [-7.043, 39.1071], [-6.9979, 39.0564], [-7.046, 38.907], [-7.2815, 38.7146], [-7.343, 38.4574], [-7.1064, 38.181], [-6.9576, 38.1879], [-7.0229, 38.0447], [-7.1854, 38.0063], [-7.4439, 37.7283], [-7.5035, 37.5855], [-7.4062, 37.1794], [-7.4936, 37.1683], [-7.8341, 37.0057], [-7.9397, 37.0054], [-8.1368, 37.0771], [-8.5977, 37.1213], [-8.7391, 37.0746], [-8.8484, 37.0757], [-8.9354, 37.016], [-8.9978, 37.0323], [-8.8142, 37.4308], [-8.7918, 37.7328], [-8.879, 37.9587], [-8.8022, 38.1838], [-8.8811, 38.4467], [-8.6683, 38.4243], [-8.7989, 38.5182], [-9.2133, 38.4481], [-9.2504, 38.6567], [-9.0215, 38.7469], [-8.9771, 38.8029], [-9.0005, 38.903], [-8.9381, 38.9981], [-8.7916, 39.0782], [-8.9543, 39.0161], [-9.1358, 38.7428], [-9.3567, 38.6979], [-9.4741, 38.7309], [-9.4144, 39.1121], [-9.3528, 39.2481], [-9.3748, 39.3383], [-9.1483, 39.5426], [-8.8378, 40.1157], [-8.8866, 40.1794], [-8.8727, 40.2591], [-8.7724, 40.6057], [-8.6846, 40.7525], [-8.6598, 41.0863], [-8.8057, 41.56], [-8.8108, 41.652], [-8.7554, 41.6984], [-8.8464, 41.7052], [-8.8782, 41.8321], [-8.7771, 41.9411]]], [[[-25.0273, 36.96], [-25.1599, 36.9434], [-25.1984, 36.9965], [-25.0829, 37.024], [-25.0443, 37.0002], [-25.0273, 36.96]]], [[[-31.1371, 39.4069], [-31.1813, 39.3589], [-31.283, 39.3941], [-31.2608, 39.4968], [-31.1999, 39.5209], [-31.1386, 39.4794], [-31.1371, 39.4069]]], [[[-27.0752, 38.6435], [-27.3028, 38.661], [-27.3859, 38.7658], [-27.2597, 38.8027], [-27.127, 38.7898], [-27.0419, 38.7412], [-27.042, 38.6789], [-27.0752, 38.6435]]], [[[-27.7785, 38.5556], [-27.8259, 38.5436], [-28.0923, 38.6206], [-28.3106, 38.7439], [-27.9626, 38.6363], [-27.7785, 38.5556]]], [[[-28.6413, 38.525], [-28.7438, 38.5224], [-28.842, 38.5984], [-28.6978, 38.6385], [-28.6058, 38.5507], [-28.6413, 38.525]]], [[[-28.1473, 38.4527], [-28.0648, 38.4127], [-28.2312, 38.3847], [-28.4545, 38.4086], [-28.5488, 38.5186], [-28.5103, 38.553], [-28.4021, 38.5534], [-28.1473, 38.4527]]], [[[-25.649, 37.8409], [-25.1819, 37.8379], [-25.1907, 37.7644], [-25.439, 37.7153], [-25.7345, 37.7629], [-25.8337, 37.8261], [-25.8459, 37.894], [-25.7837, 37.9111], [-25.649, 37.8409]]]]}}, {"type": "Feature", "properties": {"name": "Romania", "iso3": "ROU", "label": [24.5292, 45.8446]}, "geometry": {"type": "MultiPolygon", "coordinates": [[[[28.2125, 45.4504], [28.3177, 45.3471], [28.4513, 45.2922], [28.7607, 45.2341], [28.7817, 45.3099], [28.8943, 45.2899], [29.2235, 45.4029], [29.4037, 45.4197], [29.5677, 45.3708], [29.7059, 45.2599], [29.5575, 44.8434], [29.0482, 44.7576], [29.0811, 44.7988], [29.0478, 44.9257], [29.0953, 44.975], [28.9807, 44.9929], [28.8915, 44.9187], [28.9262, 44.81], [28.849, 44.7163], [28.807, 44.565], [28.8882, 44.5748], [28.6454, 44.2957], [28.6586, 43.9838], [28.5854, 43.7422], [28.222, 43.7729], [28.05, 43.8224], [27.8843, 43.9874], [27.7386, 43.9563], [27.6709, 43.9978], [27.4254, 44.0205], [27.0869, 44.1674], [26.4893, 44.084], [26.2158, 44.0073], [25.9334, 43.8706], [25.8188, 43.7668], [25.4971, 43.6708], [25.1597, 43.6863], [24.4306, 43.7944], [24.2268, 43.7635], [23.2246, 43.8739], [22.919, 43.8345], [22.8677, 43.8646], [22.8683, 43.9479], [23.0285, 44.078], [22.6879, 44.2483], [22.4945, 44.4354], [22.554, 44.5403], [22.7008, 44.5555], [22.7209, 44.6055], [22.4977, 44.7062], [22.3507, 44.6761], [22.201, 44.5607], [22.0931, 44.5419], [22.027, 44.6199], [21.9093, 44.6661], [21.6361, 44.7104], [21.5231, 44.7901], [21.3601, 44.8267], [21.3579, 44.8618], [21.5323, 44.9007], [21.3529, 45.009], [21.4207, 45.033], [21.4902, 45.1479], [21.4314, 45.1925], [21.0238, 45.3215], [20.794, 45.4679], [20.775, 45.7498], [20.7093, 45.7353], [20.5812, 45.8695], [20.3586, 45.9755], [20.2418, 46.1086], [20.5081, 46.1669], [20.6137, 46.1335], [20.7074, 46.1728], [20.7603, 46.2462], [21.0398, 46.2422], [21.1217, 46.2824], [21.1918, 46.3916], [21.2646, 46.4123], [21.2522, 46.4864], [21.3202, 46.6078], [21.4971, 46.7043], [21.4944, 46.7897], [21.6526, 46.9638], [21.6614, 47.0439], [21.7854, 47.1381], [21.8693, 47.3046], [21.9953, 47.3957], [21.9997, 47.505], [22.2906, 47.7278], [22.4914, 47.7726], [22.6084, 47.7663], [22.8767, 47.9473], [23.0548, 48.0065], [23.1395, 48.0874], [23.4082, 47.99], [23.669, 47.9923], [24.1777, 47.9061], [24.4841, 47.9471], [24.5789, 47.9311], [24.8934, 47.7178], [25.0738, 47.7457], [25.1696, 47.8231], [25.4643, 47.9108], [26.1627, 47.9925], [26.277, 48.1132], [26.3057, 48.2038], [26.7138, 48.2635], [26.901, 48.2111], [26.9808, 48.155], [27.1521, 47.9593], [27.3369, 47.6397], [27.6141, 47.3405], [27.8538, 47.1145], [28.0718, 46.9784], [28.2395, 46.6408], [28.2443, 46.4513], [28.1191, 46.1387], [28.0997, 45.9726], [28.1598, 45.6471], [28.0747, 45.599], [28.1625, 45.5138], [28.2125, 45.4504]]]]}}, {"type": "Feature", "properties": {"name": "Russia", "iso3": "RUS", "label": [94.0712, 59.6369]}, "geometry": {"type": "MultiPolygon", "coordinates": [[[[145.8815, 43.4595], [145.9436, 43.4265], [145.8939, 43.4198], [145.8691, 43.4579], [145.8815, 43.4595]]], [[[146.3588, 43.6254], [146.2738, 43.6298], [146.3498, 43.6441], [146.3588, 43.6254]]], [[[146.0456, 43.4093], [146.0886, 43.449], [146.0699, 43.4215], [146.0456, 43.4093]]], [[[137.1786, 55.1004], [137.0553, 54.9268], [136.9694, 54.924], [136.9027, 54.9606], [136.7146, 54.9562], [136.9957, 55.0927], [137.1561, 55.1078], [137.1786, 55.1004]]], [[[150.5899, 59.0187], [150.5111, 59.0074], [150.4702, 59.0541], [150.6662, 59.1602], [150.7277, 59.0952], [150.5899, 59.0187]]], [[[120.2613, 73.0898], [119.7921, 73.0454], [119.6404, 73.1243], [119.9645, 73.1677], [120.2368, 73.1073], [120.2613, 73.0898]]], [[[124.543, 73.8501], [124.3664, 73.8746], [124.3365, 73.9284], [124.5477, 73.9338], [124.6529, 73.888], [124.543, 73.8501]]], [[[106.2704, 78.2062], [106.0236, 78.2201], [106.0584, 78.2646], [106.3506, 78.2726], [106.4568, 78.34], [106.6404, 78.3362], [106.7189, 78.265], [106.4725, 78.245], [106.2704, 78.2062]]], [[[107.4147, 77.2427], [107.3022, 77.2415], [107.2695, 77.289], [107.3664, 77.3466], [107.5937, 77.33], [107.6795, 77.2683], [107.4147, 77.2427]]], [[[97.5884, 76.5994], [97.4304, 76.5907], [97.3417, 76.6289], [97.3816, 76.7067], [97.5884, 76.5994]]], [[[96.8539, 76.1992], [96.7545, 76.1958], [96.7402, 76.2579], [96.8779, 76.3552], [97.0453, 76.3154], [96.9742, 76.2365], [96.8539, 76.1992]]], [[[100.1359, 79.6142], [99.9154, 79.6016], [99.9558, 79.6903], [100.3003, 79.6703], [100.1359, 79.6142]]], [[[76.7561, 73.4458], [76.2345, 73.4762], [76.0831, 73.5235], [76.2507, 73.5553], [76.7561, 73.4458]]], [[[82.71, 74.0909], [82.6128, 74.0564], [82.3294, 74.1311], [82.5256, 74.1614], [82.689, 74.1112], [82.71, 74.0909]]], [[[84.759, 74.4594], [84.7104, 74.3998], [84.3895, 74.4544], [84.8729, 74.5155], [84.759, 74.4594]]], [[[86.6531, 74.9813], [87.0521, 74.9826], [87.1243, 74.9399], [86.9271, 74.8308], [86.3905, 74.8509], [86.2586, 74.8935], [86.6055, 74.9928], [86.6531, 74.9813]]], [[[59.3131, 81.3052], [58.719, 81.3135], [58.6345, 81.3604], [59.075, 81.3977], [59.3746, 81.325], [59.3131, 81.3052]]], [[[-179.7985, 68.9404], [-179.4709, 68.9124], [-179.2793, 68.8252], [-178.8739, 68.7541], [-178.5385, 68.5856], [-178.7515, 68.6604], [-178.6926, 68.546], [-178.0975, 68.4248], [-178.0187, 68.3228], [-178.0558, 68.2649], [-177.7968, 68.338], [-178.373, 68.5657], [-177.6832, 68.3628], [-177.5272, 68.2944], [-177.6394, 68.2412], [-177.5892, 68.2242], [-177.4075, 68.2452], [-177.2974, 68.2225], [-175.3452, 67.6781], [-175.2325, 67.4467], [-175.3747, 67.3574], [-175.1551, 67.3654], [-175.0027, 67.4375], [-174.8499, 67.3489], [-174.9381, 67.093], [-174.7836, 66.9168], [-174.7712, 66.7843], [-174.9249, 66.6231], [-174.6747, 66.6034], [-174.5038, 66.5379], [-174.3941, 66.3442], [-174.206, 66.4523], [-174.0848, 66.4731], [-174.0177, 66.3825], [-174.065, 66.2296], [-173.774, 66.4347], [-173.9209, 66.5218], [-174.1963, 66.5807], [-174.2316, 66.6319], [-174.0606, 66.6898], [-174.0055, 66.7786], [-174.0864, 66.9429], [-174.3418, 67.0397], [-174.5189, 67.0491], [-174.5501, 67.0906], [-173.884, 67.1064], [-173.6797, 67.1448], [-173.1578, 67.0691], [-173.3235, 66.9548], [-173.3474, 66.8514], [-173.2589, 66.8401], [-173.1754, 66.8646], [-173.193, 66.9936], [-172.9626, 66.9421], [-172.6406, 66.925], [-172.5201, 66.9525], [-173.0019, 67.034], [-173.0075, 67.0649], [-171.7956, 66.9317], [-171.3605, 66.6768], [-170.5095, 66.3437], [-170.4731, 66.3203], [-170.6044, 66.2489], [-170.3012, 66.294], [-170.1919, 66.2013], [-170.2439, 66.1693], [-169.7779, 66.1431], [-169.7292, 66.0581], [-169.8317, 65.9989], [-170.0038, 66.0335], [-170.1594, 66.0081], [-170.5407, 65.8654], [-170.561, 65.6562], [-170.6663, 65.6215], [-171.0015, 65.6649], [-171.4215, 65.8104], [-171.4017, 65.7518], [-171.1344, 65.6281], [-171.0542, 65.55], [-171.1059, 65.511], [-171.4663, 65.5331], [-171.9071, 65.4959], [-171.9572, 65.5421], [-172.2823, 65.5823], [-172.4357, 65.6696], [-172.7833, 65.6811], [-172.354, 65.496], [-172.4178, 65.4496], [-172.2328, 65.4557], [-172.3093, 65.2756], [-172.6619, 65.2485], [-172.286, 65.2057], [-172.2132, 65.0481], [-172.5928, 64.908], [-172.9991, 64.8766], [-173.0858, 64.8173], [-172.998, 64.8371], [-172.8011, 64.7905], [-172.924, 64.7049], [-172.9009, 64.6289], [-172.4874, 64.5442], [-172.4015, 64.4139], [-172.7392, 64.4123], [-172.7915, 64.4989], [-172.9032, 64.5261], [-172.9601, 64.3277], [-173.0091, 64.2975], [-173.2755, 64.2896], [-173.3757, 64.3549], [-173.3275, 64.5396], [-173.6036, 64.3655], [-173.7297, 64.3645], [-174.0014, 64.449], [-174.318, 64.6376], [-174.5706, 64.7178], [-175.036, 64.8137], [-175.3951, 64.8024], [-175.8539, 65.0108], [-175.8562, 65.2328], [-176.0933, 65.471], [-177.0563, 65.6136], [-177.4888, 65.5037], [-178.4125, 65.4956], [-178.5259, 65.593], [-178.5023, 65.7404], [-178.7911, 65.8647], [-178.9391, 66.0328], [-178.7467, 66.0137], [-178.5865, 66.1984], [-178.5266, 66.4016], [-178.8681, 66.1871], [-179.1051, 66.2319], [-179.1434, 66.375], [-179.1927, 66.3125], [-179.3401, 66.2875], [-179.3272, 66.1626], [-179.6162, 66.1279], [-179.6833, 66.1841], [-179.7897, 65.9009], [-179.7283, 65.8038], [-179.366, 65.6386], [-179.3521, 65.5167], [-179.7046, 65.1872], [-180.0, 65.0672], [-180.0, 68.9834], [-179.7985, 68.9404]]], [[[130.6873, 42.3025], [130.527, 42.5354], [130.5766, 42.6232], [130.4248, 42.7271], [130.5772, 42.8116], [130.9429, 42.8518], [131.0686, 42.9022], [131.2573, 43.3781], [131.1824, 43.5056], [131.1742, 43.7047], [131.2553, 44.0716], [130.9816, 44.8443], [131.0823, 44.91], [131.4469, 44.984], [131.654, 45.2054], [131.8519, 45.3269], [131.9775, 45.244], [132.936, 45.0299], [133.1135, 45.1307], [133.186, 45.4948], [133.4364, 45.6047], [133.5131, 45.8788], [133.6479, 45.9552], [133.7007, 46.1397], [133.8613, 46.2478], [133.8666, 46.4991], [134.0227, 46.7132], [134.0714, 46.9508], [134.2021, 47.1281], [134.1677, 47.3022], [134.2908, 47.4136], [134.5419, 47.4852], [134.7523, 47.7154], [134.566, 48.0225], [134.6693, 48.1533], [134.6652, 48.2539], [134.5636, 48.3217], [134.2934, 48.3734], [133.8422, 48.2737], [133.4684, 48.0972], [133.144, 48.1057], [132.7729, 47.9401], [132.7072, 47.9473], [132.4763, 47.715], [131.7853, 47.6805], [131.5567, 47.682], [131.4643, 47.7226], [131.3193, 47.7278], [130.9619, 47.7093], [130.9154, 47.8429], [130.7326, 48.0192], [130.7121, 48.1276], [130.8043, 48.3415], [130.5521, 48.6025], [130.6172, 48.7732], [130.5531, 48.8612], [130.196, 48.8916], [130.0371, 48.9723], [129.6711, 49.2785], [129.5337, 49.3234], [129.4981, 49.3888], [129.3847, 49.3895], [129.3099, 49.3539], [129.0651, 49.3747], [129.0203, 49.4192], [128.8193, 49.4638], [128.769, 49.577], [128.704, 49.6001], [127.9996, 49.5686], [127.7111, 49.6715], [127.5508, 49.8018], [127.4918, 49.975], [127.5902, 50.209], [127.3372, 50.3501], [127.307, 50.708], [126.9248, 51.1001], [126.8055, 51.5057], [126.7092, 51.5663], [126.7008, 51.703], [126.5105, 51.9258], [126.3417, 52.362], [126.1944, 52.5191], [126.016, 52.6102], [126.0481, 52.7395], [125.8719, 52.8715], [125.7281, 52.8907], [125.649, 53.0423], [125.546, 53.0476], [125.075, 53.2037], [124.9709, 53.1973], [124.8821, 53.1297], [124.8123, 53.1338], [124.6398, 53.2106], [124.4659, 53.2296], [124.2199, 53.3701], [124.1543, 53.3587], [123.6078, 53.5465], [123.1541, 53.5446], [122.5158, 53.457], [122.3378, 53.485], [121.4055, 53.317], [120.9854, 53.2846], [120.7041, 53.1718], [120.0945, 52.7872], [120.0676, 52.6329], [120.1728, 52.6025], [120.5211, 52.615], [120.6562, 52.5667], [120.6992, 52.4936], [120.6654, 52.2999], [120.7498, 52.0965], [120.6814, 51.973], [120.0669, 51.6007], [119.746, 51.1077], [119.5123, 50.8631], [119.4457, 50.7028], [119.1637, 50.406], [119.3016, 50.3539], [119.3463, 50.279], [119.2599, 50.0664], [118.9795, 49.9789], [118.756, 49.9628], [118.4516, 49.8445], [117.8734, 49.5135], [117.4771, 49.6094], [117.2456, 49.6249], [116.6833, 49.8238], [116.5512, 49.9203], [116.2168, 50.0093], [116.1346, 50.0108], [115.7178, 49.8806], [115.4292, 49.8965], [115.2745, 49.9489], [115.0033, 50.1386], [114.7432, 50.2337], [114.2971, 50.2744], [113.5742, 50.007], [113.1642, 49.7972], [113.0556, 49.6163], [112.8064, 49.5236], [112.4949, 49.5323], [112.0797, 49.4242], [111.4293, 49.3426], [111.3366, 49.3559], [110.7098, 49.143], [110.6311, 49.1376], [110.4278, 49.22], [110.1999, 49.1704], [109.2367, 49.3349], [108.6137, 49.3228], [108.4069, 49.3964], [107.9654, 49.6535], [107.9166, 49.9478], [107.2333, 49.9894], [106.7111, 50.3126], [106.2179, 50.3046], [105.8752, 50.4054], [105.3836, 50.4737], [105.0947, 50.3899], [104.4663, 50.3062], [104.0787, 50.1542], [103.8026, 50.1761], [103.6329, 50.1386], [103.3044, 50.2003], [103.1617, 50.2907], [102.6833, 50.3872], [102.4694, 50.5257], [102.3364, 50.5442], [102.2884, 50.5851], [102.3166, 50.7185], [102.215, 50.8294], [102.1115, 51.3535], [101.5709, 51.4672], [101.3812, 51.4526], [100.4689, 51.7261], [99.9217, 51.7555], [99.7192, 51.8716], [99.407, 51.9235], [99.0343, 52.0354], [98.8932, 52.1173], [98.6405, 51.8012], [98.3527, 51.7176], [98.2199, 51.5056], [98.0376, 51.45], [97.8357, 51.0517], [97.8253, 50.9853], [97.9531, 50.8552], [98.0298, 50.6446], [98.2795, 50.5333], [98.2503, 50.3024], [98.1034, 50.0778], [98.0039, 50.0143], [97.8539, 49.9468], [97.5894, 49.9115], [97.3598, 49.7415], [97.2086, 49.7308], [96.9857, 49.8828], [96.7117, 49.9116], [96.5984, 49.8784], [96.5058, 49.9187], [96.315, 49.9011], [96.0655, 49.9987], [95.9357, 49.96], [95.7894, 50.0125], [95.5227, 49.9112], [95.3856, 49.9412], [95.1114, 49.9354], [94.9303, 50.0438], [94.6147, 50.0237], [94.3547, 50.2218], [94.2511, 50.5564], [93.1031, 50.6039], [93.0099, 50.6545], [92.9413, 50.7782], [92.7793, 50.7787], [92.7387, 50.7109], [92.6267, 50.6883], [92.3548, 50.8642], [92.2958, 50.8498], [92.1924, 50.7006], [91.8043, 50.6936], [91.4465, 50.5222], [91.415, 50.468], [91.0216, 50.4155], [90.6551, 50.2224], [90.0537, 50.0938], [89.9773, 49.9843], [89.6438, 49.903], [89.6541, 49.7175], [89.3956, 49.6115], [89.2439, 49.6271], [89.1095, 49.5014], [89.0084, 49.4728], [88.9002, 49.5397], [88.8316, 49.4484], [88.6332, 49.4861], [88.1926, 49.4517], [88.1157, 49.2563], [87.9881, 49.1869], [87.5158, 49.1224], [87.4167, 49.0766], [87.3229, 49.0858], [87.2337, 49.2162], [87.001, 49.2873], [86.7144, 49.5586], [86.6265, 49.5627], [86.6143, 49.6097], [86.7307, 49.6956], [86.6755, 49.7773], [86.1809, 49.4993], [85.9744, 49.4993], [85.9336, 49.5504], [85.3716, 49.6239], [85.2326, 49.6158], [85.0008, 49.8941], [84.9895, 50.0614], [84.839, 50.0913], [84.6073, 50.2024], [84.3232, 50.2392], [84.176, 50.5206], [83.9451, 50.7747], [83.7178, 50.8872], [83.3573, 50.9946], [83.1603, 50.9892], [83.0192, 50.8973], [82.7608, 50.8934], [82.4939, 50.7276], [82.3264, 50.7419], [82.098, 50.7108], [81.9337, 50.7664], [81.4659, 50.7398], [81.3883, 50.9565], [81.1246, 50.9463], [81.0715, 50.9688], [81.1272, 51.1911], [80.9656, 51.1898], [80.8773, 51.2814], [80.7353, 51.2934], [80.448, 51.1833], [80.4236, 50.9463], [80.2202, 50.9118], [80.0863, 50.84], [80.0659, 50.7582], [79.9862, 50.7746], [79.4688, 51.4931], [78.4755, 52.6384], [77.86, 53.2692], [76.5757, 53.9425], [76.4848, 54.0226], [76.4217, 54.1515], [76.6546, 54.1453], [76.8373, 54.4424], [76.4965, 54.3357], [76.2666, 54.312], [75.6929, 54.1148], [75.4372, 54.0896], [75.3771, 53.9701], [75.2202, 53.8938], [75.0521, 53.8267], [74.8342, 53.8257], [74.452, 53.6473], [74.3516, 53.4876], [74.21, 53.5765], [73.859, 53.6197], [73.643, 53.5763], [73.4069, 53.4476], [73.2857, 53.5984], [73.3057, 53.7072], [73.3994, 53.8115], [73.6789, 53.9294], [73.7124, 54.0424], [73.6664, 54.0635], [73.3807, 53.9628], [73.2299, 53.9578], [73.1193, 53.9808], [72.9141, 54.1073], [72.6223, 54.1343], [72.5643, 54.0904], [72.5859, 53.9959], [72.4468, 53.9418], [72.3873, 54.123], [72.186, 54.3256], [72.1054, 54.3084], [72.0045, 54.2057], [71.8874, 54.2215], [71.3364, 54.1583], [71.0932, 54.2122], [71.0527, 54.2605], [71.1521, 54.3641], [71.1855, 54.5993], [70.9102, 55.128], [70.7381, 55.3052], [70.4863, 55.2824], [70.1824, 55.1625], [69.4933, 55.3569], [68.9772, 55.3896], [68.7129, 55.3085], [68.5248, 55.2048], [68.2062, 55.1609], [68.244, 55.0524], [68.1559, 54.9767], [67.8299, 54.9436], [67.6934, 54.8724], [66.2227, 54.6674], [65.9547, 54.6595], [65.9143, 54.6933], [65.7078, 54.6187], [65.477, 54.6233], [65.2374, 54.5161], [65.1578, 54.3644], [65.0884, 54.3402], [64.9268, 54.3966], [64.6499, 54.3522], [64.4612, 54.3842], [64.1994, 54.3474], [63.8471, 54.2365], [63.7014, 54.2432], [63.1913, 54.171], [63.0739, 54.1052], [62.6327, 54.0693], [62.499, 54.0132], [62.0402, 54.0026], [61.9287, 53.9465], [61.3337, 54.0493], [61.2311, 54.0195], [61.1437, 53.9638], [61.1132, 53.7535], [60.9795, 53.6217], [61.2479, 53.551], [61.4741, 53.5803], [61.535, 53.5233], [61.401, 53.4558], [61.2289, 53.4459], [61.1628, 53.3368], [61.1992, 53.2872], [61.6599, 53.2285], [62.0146, 53.1079], [62.0827, 53.0054], [61.9742, 52.9438], [61.4008, 52.996], [61.0475, 52.9725], [60.7744, 52.6758], [60.9945, 52.3369], [60.6703, 52.1508], [60.4255, 52.1256], [60.0303, 51.9333], [60.3875, 51.773], [60.4647, 51.6512], [60.9735, 51.5371], [61.0148, 51.4924], [61.3631, 51.4419], [61.5547, 51.3246], [61.5851, 51.2297], [61.3895, 50.861], [61.2269, 50.7748], [60.9423, 50.6955], [60.638, 50.6637], [60.4248, 50.6791], [60.2881, 50.7041], [60.0586, 50.8503], [59.9552, 50.7993], [59.8124, 50.582], [59.523, 50.4929], [59.5239, 50.5828], [59.4523, 50.6204], [58.8837, 50.6944], [58.5475, 50.971], [58.3592, 51.0638], [57.8389, 51.0917], [57.6538, 50.9251], [57.4422, 50.8889], [57.179, 51.036], [57.0117, 51.0652], [56.6202, 50.9809], [56.4914, 51.0195], [56.1439, 50.8446], [56.0497, 50.7135], [55.6862, 50.5829], [55.3611, 50.6653], [54.868, 50.9414], [54.6416, 51.0116], [54.5461, 50.946], [54.65, 50.6602], [54.5553, 50.5358], [54.4715, 50.5838], [54.4215, 50.7803], [54.1397, 51.0408], [53.9568, 51.1612], [53.6881, 51.2518], [53.5347, 51.3996], [53.3381, 51.4824], [52.5712, 51.4816], [52.3311, 51.6813], [52.2191, 51.7094], [52.0071, 51.6727], [51.6091, 51.484], [51.3445, 51.4753], [51.2699, 51.5945], [51.1635, 51.6475], [50.7939, 51.7292], [50.3093, 51.3216], [49.8223, 51.1319], [49.498, 51.0836], [49.3234, 50.8517], [48.8084, 50.6013], [48.6251, 50.6127], [48.8433, 50.0131], [48.759, 49.9283], [48.4343, 49.8285], [48.335, 49.8583], [47.7058, 50.378], [47.5996, 50.4136], [47.4292, 50.358], [47.2947, 50.2175], [47.2483, 50.0009], [46.992, 49.8527], [46.8896, 49.697], [46.8021, 49.3671], [47.0313, 49.1503], [46.7026, 48.8056], [46.6092, 48.5739], [46.6609, 48.4123], [47.0646, 48.2325], [47.119, 48.127], [47.0933, 47.9477], [47.2924, 47.7409], [47.4819, 47.8039], [48.11, 47.7454], [48.167, 47.7088], [48.5525, 47.321], [48.9594, 46.7746], [48.8836, 46.7054], [48.5584, 46.7571], [48.5023, 46.6986], [48.5412, 46.6056], [49.2322, 46.3372], [49.2459, 46.2916], [49.1255, 46.2817], [49.0796, 46.1892], [48.6837, 46.0862], [48.7296, 45.8968], [48.487, 45.9349], [48.1592, 45.737], [47.8302, 45.663], [47.7011, 45.6862], [47.6333, 45.584], [47.4633, 45.6797], [47.5146, 45.4909], [47.4131, 45.421], [47.3513, 45.2177], [47.0838, 44.817], [47.0029, 44.8761], [46.9574, 44.7826], [46.7553, 44.6565], [46.7161, 44.5607], [46.753, 44.4207], [47.0236, 44.3433], [47.307, 44.1031], [47.4628, 43.555], [47.5626, 43.8347], [47.6465, 43.8846], [47.509, 43.5097], [47.4632, 43.0351], [47.6349, 42.9035], [47.7277, 42.6807], [48.0802, 42.3537], [48.3838, 41.9534], [48.5729, 41.8445], [48.3914, 41.6019], [48.0561, 41.4587], [47.8611, 41.2127], [47.5206, 41.2291], [47.2611, 41.3151], [47.2053, 41.4556], [46.7493, 41.8126], [46.6903, 41.8313], [46.5713, 41.8001], [46.5377, 41.8704], [46.2127, 41.9899], [45.954, 42.0354], [45.6386, 42.2051], [45.7275, 42.475], [45.6556, 42.5177], [45.3438, 42.5298], [45.1603, 42.675], [44.871, 42.7564], [44.7711, 42.6168], [44.6443, 42.7347], [44.5059, 42.7486], [43.9574, 42.5666], [43.826, 42.5715], [43.7384, 42.617], [43.7826, 42.747], [43.0892, 42.9891], [42.9916, 43.0915], [42.7606, 43.1696], [42.566, 43.1551], [42.419, 43.2242], [42.05, 43.1901], [41.5806, 43.2192], [41.3582, 43.3334], [41.0831, 43.3745], [40.648, 43.5339], [40.5189, 43.512], [40.1502, 43.5698], [40.0846, 43.5531], [39.9783, 43.4198], [38.7173, 44.2881], [38.1812, 44.4197], [37.8515, 44.6988], [37.7049, 44.6614], [37.4951, 44.6953], [37.3523, 44.7884], [37.2048, 44.972], [36.9444, 45.0696], [36.6508, 45.1265], [36.6191, 45.1855], [36.9412, 45.2897], [36.7204, 45.3719], [36.7938, 45.4097], [36.8659, 45.4271], [37.2136, 45.2723], [37.2643, 45.3109], [37.6472, 45.3772], [37.6719, 45.4884], [37.61, 45.4995], [37.6124, 45.5647], [37.8409, 45.7996], [37.9331, 46.0017], [38.0143, 46.0478], [38.0738, 46.0171], [38.0796, 45.9348], [38.1836, 46.0948], [38.4923, 46.0905], [38.0777, 46.3943], [37.9139, 46.4065], [37.7665, 46.6361], [37.968, 46.618], [38.23, 46.7013], [38.501, 46.6637], [38.4387, 46.8131], [39.2707, 47.0441], [39.2935, 47.1058], [39.1957, 47.2688], [39.0237, 47.2722], [38.9283, 47.1757], [38.6682, 47.1439], [38.5524, 47.1503], [38.7619, 47.2616], [38.5772, 47.2391], [38.4848, 47.1755], [38.2144, 47.0915], [38.2014, 47.1752], [38.2808, 47.2767], [38.2014, 47.3208], [38.2874, 47.5592], [38.3688, 47.61], [38.6406, 47.6659], [38.8223, 47.837], [39.7359, 47.8448], [39.7787, 47.8875], [39.9579, 48.2689], [39.8475, 48.3028], [39.8898, 48.3604], [39.8356, 48.5428], [39.6447, 48.5912], [39.7929, 48.8077], [39.9041, 48.7938], [40.0036, 48.8221], [39.7533, 48.9145], [39.6865, 49.0079], [39.8897, 49.0641], [40.1088, 49.2516], [40.0807, 49.5769], [40.0307, 49.5967], [39.7806, 49.572], [39.4628, 49.728], [39.3029, 49.742], [39.1748, 49.856], [38.9184, 49.8247], [38.6478, 49.9529], [38.4512, 49.9641], [38.2586, 50.0523], [38.1775, 50.0254], [38.1468, 49.9394], [38.0469, 49.92], [37.7042, 50.1091], [37.5823, 50.2918], [37.4229, 50.4115], [36.7591, 50.2918], [36.6194, 50.2092], [36.4998, 50.2805], [36.3061, 50.2805], [36.1164, 50.4085], [35.8902, 50.4371], [35.6737, 50.346], [35.5911, 50.3687], [35.4116, 50.5397], [35.4401, 50.7277], [35.3119, 51.0439], [35.1581, 51.061], [35.0641, 51.2034], [34.7123, 51.1722], [34.491, 51.2371], [34.2139, 51.2554], [34.275, 51.3402], [34.1211, 51.6791], [34.3793, 51.7165], [34.3979, 51.7804], [34.1131, 51.9796], [33.9221, 52.2515], [33.7353, 52.3448], [33.1484, 52.3404], [32.8064, 52.2526], [32.4354, 52.3072], [32.363, 52.2721], [32.2828, 52.114], [32.1223, 52.0506], [31.9738, 52.0466], [31.7634, 52.1011], [31.5773, 52.3123], [31.6159, 52.5462], [31.5194, 52.6987], [31.5648, 52.7592], [31.2588, 53.0167], [31.4179, 53.196], [31.6683, 53.2009], [31.8497, 53.1062], [32.142, 53.0912], [32.4263, 53.2106], [32.4693, 53.2703], [32.7043, 53.3363], [32.7064, 53.4194], [32.4696, 53.547], [32.4502, 53.6929], [32.2004, 53.7812], [31.7542, 53.8104], [31.826, 54.0307], [31.4036, 54.1959], [31.1848, 54.453], [31.0748, 54.4918], [31.1521, 54.6253], [30.7988, 54.7833], [30.8299, 54.915], [30.9777, 55.0505], [30.8105, 55.307], [30.9006, 55.3974], [30.9068, 55.57], [30.6256, 55.6663], [30.4563, 55.7868], [30.2336, 55.8452], [29.937, 55.8453], [29.4822, 55.6846], [29.3534, 55.7844], [29.3961, 55.9122], [29.283, 55.9679], [29.0317, 56.0218], [28.7947, 55.9426], [28.564, 56.092], [28.2843, 56.0559], [28.1479, 56.1429], [28.2021, 56.2604], [28.1692, 56.3869], [28.1031, 56.5457], [27.8921, 56.7411], [27.8815, 56.8242], [27.8061, 56.8671], [27.6395, 56.8457], [27.8303, 57.1945], [27.8286, 57.2933], [27.5387, 57.4298], [27.5111, 57.5082], [27.352, 57.5281], [27.3543, 57.5503], [27.5421, 57.7994], [27.7785, 57.8707], [27.6734, 57.9346], [27.5024, 58.2213], [27.5313, 58.4353], [27.4342, 58.7873], [27.7576, 59.052], [27.8977, 59.2776], [28.1511, 59.3744], [28.0125, 59.4843], [28.064, 59.554], [28.014, 59.7248], [28.058, 59.7815], [28.1312, 59.7865], [28.3346, 59.6925], [28.5182, 59.8496], [28.7477, 59.8067], [28.9473, 59.8288], [29.1473, 59.9998], [29.6697, 59.9557], [30.1226, 59.8736], [30.1727, 59.9571], [29.9768, 60.0264], [29.7212, 60.1953], [29.0691, 60.1915], [28.8127, 60.3315], [28.6432, 60.3753], [28.4916, 60.5401], [28.6225, 60.4916], [28.6506, 60.611], [28.5128, 60.6773], [28.1793, 60.571], [27.7977, 60.5361], [28.4074, 60.8969], [29.2517, 61.2878], [31.1867, 62.4814], [31.5365, 62.9216], [31.1809, 63.2083], [30.4186, 63.5041], [29.9915, 63.7352], [30.2103, 63.8033], [30.5261, 64.0773], [30.4879, 64.2365], [30.1081, 64.3661], [29.9866, 64.5243], [30.1201, 64.6446], [30.1103, 64.7326], [30.0729, 64.765], [29.7832, 64.8043], [29.6042, 64.9684], [29.6225, 65.0395], [29.8108, 65.1079], [29.827, 65.1451], [29.8105, 65.2047], [29.608, 65.2487], [29.7148, 65.337], [29.728, 65.4734], [29.8194, 65.5687], [29.7159, 65.6246], [30.0953, 65.6817], [30.0875, 65.7865], [29.9034, 66.0911], [29.0662, 66.8917], [29.087, 66.9709], [29.2434, 67.0966], [29.9412, 67.5475], [29.9881, 67.6683], [29.3438, 68.0619], [28.6852, 68.1898], [28.4707, 68.4884], [28.7729, 68.84], [28.4535, 68.8723], [28.4141, 68.9042], [29.1186, 69.05], [29.3883, 69.2981], [29.994, 69.3925], [30.1638, 69.5016], [30.1598, 69.6299], [30.6154, 69.5326], [30.8607, 69.5384], [30.9225, 69.6058], [30.8697, 69.7834], [31.547, 69.6969], [31.6662, 69.721], [31.7886, 69.8158], [31.9979, 69.8099], [31.9846, 69.9537], [33.0078, 69.7221], [32.9946, 69.6262], [32.915, 69.6017], [32.1768, 69.674], [32.0915, 69.6326], [32.3306, 69.5542], [32.3777, 69.4791], [32.9998, 69.4701], [32.9416, 69.3833], [32.9789, 69.3673], [33.3849, 69.4443], [33.4543, 69.4282], [33.3277, 69.1519], [33.1412, 69.0687], [33.4356, 69.1304], [33.6844, 69.3103], [34.2294, 69.3131], [35.0096, 69.2212], [35.1759, 69.2308], [35.2898, 69.2754], [35.8579, 69.1917], [37.7306, 68.6921], [38.4302, 68.3556], [38.8315, 68.3249], [39.5689, 68.0717], [39.8233, 68.0586], [39.7463, 68.1622], [39.8093, 68.1508], [40.3807, 67.8319], [40.9664, 67.7135], [41.0609, 67.4442], [41.1339, 67.386], [41.1339, 67.2669], [41.3588, 67.2097], [41.2756, 66.9143], [41.189, 66.8262], [40.5216, 66.4466], [40.1033, 66.3], [39.2891, 66.132], [38.6539, 66.069], [37.9007, 66.0956], [36.9837, 66.2726], [36.3734, 66.3023], [35.5135, 66.3958], [34.8246, 66.6111], [34.4826, 66.5503], [34.3961, 66.6132], [34.4516, 66.6512], [34.1461, 66.7033], [33.8937, 66.7067], [33.5954, 66.7846], [33.482, 66.7646], [33.1502, 66.8439], [32.8476, 67.0215], [32.9305, 67.0868], [32.3999, 67.1527], [31.8953, 67.1614], [32.2016, 67.1132], [32.501, 67.0039], [32.4637, 66.9163], [32.8624, 66.7214], [33.1806, 66.6799], [33.2174, 66.5316], [33.656, 66.4426], [33.5933, 66.3846], [33.3605, 66.3295], [34.1127, 66.2252], [34.3998, 66.1284], [34.6918, 65.9519], [34.7863, 65.8646], [34.777, 65.7683], [34.6157, 65.5099], [34.4064, 65.3958], [34.6711, 65.1681], [34.8035, 64.986], [34.8326, 64.8002], [34.9522, 64.756], [34.8583, 64.7067], [34.8695, 64.56], [35.0354, 64.4402], [35.432, 64.3468], [35.6471, 64.3783], [36.1465, 64.189], [36.3649, 64.0028], [37.4422, 63.8134], [37.6354, 63.8934], [37.968, 63.9491], [38.0708, 64.0258], [38.0622, 64.091], [37.9537, 64.3201], [37.7406, 64.397], [37.4296, 64.3736], [37.1837, 64.4085], [36.5787, 64.791], [36.5346, 64.9386], [36.6529, 64.9354], [36.7859, 64.9872], [36.8828, 65.1724], [37.1408, 65.1943], [37.5281, 65.1083], [38.0094, 64.8788], [38.4121, 64.8571], [38.5409, 64.7913], [39.0535, 64.7139], [39.5674, 64.5706], [39.758, 64.5771], [39.8486, 64.6905], [40.0578, 64.7708], [40.4078, 64.7549], [40.4449, 64.7787], [40.2812, 64.9981], [40.1427, 65.0633], [39.798, 65.3499], [39.7491, 65.4479], [39.8165, 65.5979], [40.3278, 65.7517], [40.6916, 65.9634], [41.4758, 66.1234], [42.2105, 66.5197], [42.4508, 66.4824], [42.6021, 66.4225], [43.2332, 66.4155], [43.5509, 66.3213], [43.6531, 66.251], [43.5419, 66.1234], [43.737, 66.1584], [43.8438, 66.1424], [44.1044, 66.0086], [44.1453, 66.1127], [44.0972, 66.2351], [44.4887, 66.6718], [44.4293, 66.9377], [44.2918, 67.0997], [44.0744, 67.1673], [43.8554, 67.1886], [43.7824, 67.2545], [44.2254, 67.9956], [44.2047, 68.2538], [44.1691, 68.3271], [43.404, 68.6085], [43.3332, 68.6734], [43.472, 68.6798], [44.048, 68.5488], [45.0781, 68.5782], [45.5194, 68.5465], [45.892, 68.4797], [46.6836, 67.9705], [46.6904, 67.8488], [45.5287, 67.7576], [44.9395, 67.4774], [44.9021, 67.4131], [44.9395, 67.3508], [45.5622, 67.1856], [45.8854, 66.8911], [45.986, 66.8531], [46.2978, 66.8428], [46.4924, 66.8002], [47.4965, 66.9298], [47.6559, 66.9759], [47.7681, 67.2756], [47.9082, 67.4547], [47.8747, 67.5842], [48.6538, 67.6953], [48.8332, 67.6815], [48.8779, 67.7313], [48.6957, 67.8742], [48.7543, 67.8959], [48.9539, 67.8538], [49.1553, 67.8704], [49.9312, 68.0651], [50.6994, 68.3177], [51.3361, 68.4024], [51.9947, 68.5388], [52.1288, 68.532], [52.2854, 68.4594], [52.1835, 68.3743], [52.3967, 68.3517], [52.6697, 68.4268], [52.7227, 68.484], [52.5501, 68.5924], [52.344, 68.6082], [52.6836, 68.7312], [53.802, 68.9959], [54.4912, 68.9923], [53.7977, 68.9075], [53.9706, 68.8443], [53.7589, 68.634], [53.9177, 68.537], [53.9309, 68.4355], [53.8295, 68.3827], [53.69, 68.4025], [53.3426, 68.3432], [53.2605, 68.2675], [53.9679, 68.2273], [54.4762, 68.2941], [54.718, 68.1842], [54.8613, 68.2019], [54.923, 68.3738], [55.4181, 68.5678], [55.6753, 68.5759], [56.0437, 68.6489], [56.6202, 68.619], [57.1269, 68.554], [58.173, 68.8897], [58.237, 68.8339], [58.3539, 68.9162], [59.0573, 69.0061], [59.1102, 68.8963], [59.3705, 68.7384], [59.1123, 68.6163], [59.099, 68.4443], [59.7257, 68.3516], [59.8588, 68.396], [59.9229, 68.4713], [59.8651, 68.6049], [59.896, 68.7063], [60.4892, 68.729], [60.9336, 68.9868], [60.8586, 69.1455], [60.6646, 69.1103], [60.1706, 69.5909], [60.2765, 69.6526], [60.5587, 69.6923], [60.9091, 69.8471], [61.7705, 69.763], [62.6313, 69.7431], [63.3614, 69.6753], [64.1904, 69.5347], [64.9285, 69.3254], [64.8963, 69.2478], [65.0315, 69.2698], [65.7357, 69.1323], [65.8127, 69.077], [66.4161, 68.9479], [67.0024, 68.8736], [67.1492, 68.754], [67.6396, 68.5793], [67.7308, 68.5137], [68.3712, 68.3143], [68.5042, 68.3484], [68.8295, 68.5674], [69.1405, 68.9506], [68.9244, 68.9562], [68.7629, 68.9174], [68.5428, 68.9671], [68.1174, 69.2362], [68.0059, 69.48], [67.6241, 69.5844], [67.0645, 69.6937], [66.9641, 69.6556], [66.8967, 69.5538], [66.8029, 69.7401], [66.9264, 70.0143], [67.069, 70.0056], [67.2393, 70.1081], [67.1465, 70.2199], [67.2848, 70.7387], [67.1434, 70.8375], [66.8225, 70.7974], [66.7022, 70.8185], [66.6661, 70.9006], [66.8471, 71.0637], [66.6926, 71.0417], [66.6396, 71.0814], [66.9176, 71.2824], [67.5418, 71.412], [68.2692, 71.6828], [68.6074, 72.0127], [69.0391, 72.6699], [69.3914, 72.9555], [69.6943, 72.9775], [69.6451, 72.8976], [69.7383, 72.885], [71.5002, 72.9137], [71.9296, 72.8197], [72.4464, 72.7903], [72.8121, 72.6914], [72.7529, 72.3432], [72.5741, 72.0125], [72.2795, 71.6955], [72.1297, 71.6092], [71.912, 71.5479], [71.8673, 71.4574], [72.0793, 71.3067], [72.5813, 71.1511], [72.7045, 70.9632], [72.7, 70.4573], [72.4694, 70.275], [72.5994, 69.7932], [72.6156, 69.484], [72.5271, 69.1542], [72.5768, 68.9687], [72.8119, 68.8152], [73.548, 68.5745], [73.5917, 68.4819], [73.1395, 68.1813], [73.173, 67.973], [73.0668, 67.7669], [72.9487, 67.6962], [72.5943, 67.587], [71.8475, 67.0076], [71.6682, 66.9397], [71.3652, 66.9615], [71.5512, 66.7604], [71.5396, 66.6831], [71.342, 66.6867], [70.9395, 66.5481], [70.7249, 66.5194], [70.3828, 66.6025], [70.4426, 66.6683], [70.6907, 66.7453], [70.5791, 66.7538], [70.4439, 66.6973], [70.2834, 66.6858], [69.8771, 66.8455], [69.7404, 66.8146], [69.2178, 66.8286], [69.0135, 66.7883], [69.1943, 66.5787], [69.9824, 66.4014], [70.3395, 66.3424], [71.358, 66.3594], [71.917, 66.2467], [72.0676, 66.2533], [72.3216, 66.3321], [72.4174, 66.5608], [73.5136, 66.8611], [73.7921, 66.9953], [74.0745, 67.4141], [74.7695, 67.7664], [74.7427, 68.0735], [74.3914, 68.4206], [74.481, 68.6589], [74.5796, 68.7512], [75.1246, 68.8617], [76.1075, 68.9757], [76.4592, 68.9783], [76.7351, 68.7769], [77.1117, 68.5962], [77.2385, 68.4696], [77.2484, 67.941], [77.1744, 67.7785], [77.7716, 67.5703], [78.9225, 67.5891], [78.8391, 67.6312], [77.5883, 67.7519], [77.5359, 68.0077], [77.6648, 68.1904], [77.9951, 68.2595], [77.6507, 68.903], [77.4663, 68.9051], [76.6449, 69.1174], [76.001, 69.2351], [75.42, 69.2386], [75.0535, 69.1163], [74.8148, 69.0906], [74.3626, 69.1446], [73.9774, 69.1146], [73.836, 69.1432], [73.7757, 69.1982], [73.8909, 69.418], [73.5602, 69.7072], [73.5781, 69.803], [73.8302, 70.1757], [74.3434, 70.5787], [74.3109, 70.6536], [73.5766, 71.2165], [73.1505, 71.3852], [73.0862, 71.4449], [73.6718, 71.8451], [74.4891, 71.997], [74.9922, 72.1448], [75.0899, 72.2631], [75.0604, 72.5488], [74.7868, 72.8119], [74.9422, 72.8538], [75.1524, 72.8527], [75.3693, 72.7966], [75.6035, 72.5811], [75.5914, 72.4572], [75.7414, 72.2962], [75.5502, 72.1708], [75.3945, 71.9832], [75.2738, 71.9589], [75.2475, 71.8134], [75.5032, 71.6546], [75.4686, 71.5344], [75.2803, 71.4301], [75.332, 71.3417], [75.7336, 71.2659], [76.1104, 71.2186], [76.742, 71.2021], [76.929, 71.1279], [76.9952, 71.1811], [77.5896, 71.1679], [78.0683, 70.9863], [78.3206, 70.9304], [78.5258, 70.9118], [79.0154, 70.9502], [79.0839, 71.002], [78.7239, 70.976], [78.4914, 71.0254], [78.2126, 71.2663], [77.9084, 71.3241], [77.4811, 71.3116], [76.4334, 71.5525], [76.3121, 71.5955], [76.0324, 71.9104], [76.4217, 72.006], [76.8714, 72.033], [77.0613, 72.0042], [77.5508, 71.8421], [77.7775, 71.8364], [78.1869, 71.9071], [78.2324, 71.9523], [78.1408, 72.0447], [78.0164, 72.092], [77.7807, 72.1143], [77.4929, 72.0717], [77.4108, 72.1078], [77.4397, 72.1565], [77.4716, 72.1921], [77.7332, 72.2292], [77.9682, 72.3287], [78.4826, 72.395], [79.4221, 72.3808], [79.9539, 72.223], [80.7625, 72.0892], [80.8561, 71.9702], [81.6616, 71.716], [82.0799, 71.7068], [82.7578, 71.7641], [83.1066, 71.7205], [83.2336, 71.6682], [82.9771, 71.4514], [82.3229, 71.26], [82.2392, 70.9977], [82.3359, 70.8074], [82.1632, 70.5981], [82.2212, 70.3957], [82.2584, 70.5436], [82.4517, 70.6901], [82.5925, 70.8899], [82.8691, 70.9548], [83.0102, 70.8954], [83.0302, 70.5805], [82.9198, 70.4074], [82.6823, 70.2177], [82.8565, 70.1045], [83.0808, 70.093], [83.132, 70.1572], [83.0738, 70.2767], [83.4971, 70.3453], [83.6599, 70.4184], [83.7359, 70.5465], [83.5789, 70.7659], [83.1513, 71.1036], [83.5505, 71.5437], [83.5344, 71.6839], [83.3404, 71.8275], [83.2003, 71.8747], [82.6454, 71.9252], [82.3191, 72.0718], [82.1836, 72.2375], [82.0937, 72.2654], [81.7929, 72.3266], [81.0981, 72.3897], [80.8271, 72.4883], [80.6562, 72.712], [80.8416, 72.9492], [80.7574, 73.0252], [80.5097, 73.0861], [80.4245, 73.2312], [80.398, 73.3568], [80.5959, 73.474], [80.5832, 73.5685], [81.817, 73.6588], [83.5447, 73.6665], [84.7379, 73.7628], [85.2006, 73.7215], [85.4483, 73.7346], [85.6114, 73.8216], [86.5914, 73.8943], [86.893, 73.8871], [87.0295, 73.8242], [86.3659, 73.6198], [86.0941, 73.5783], [85.8271, 73.4928], [85.7926, 73.4383], [85.8182, 73.327], [86.6771, 73.1068], [86.715, 73.1258], [85.9708, 73.3471], [85.9101, 73.3904], [85.939, 73.4565], [86.0924, 73.5191], [86.3763, 73.5688], [87.1201, 73.615], [87.3695, 73.7559], [87.5712, 73.8107], [87.2097, 73.8787], [86.5711, 74.2438], [86.0014, 74.316], [86.1829, 74.423], [86.3958, 74.4501], [86.6647, 74.4143], [86.8979, 74.3253], [87.2297, 74.3639], [86.4257, 74.5855], [85.791, 74.6451], [85.8808, 74.7402], [86.0589, 74.7282], [86.2013, 74.8162], [86.6515, 74.6824], [86.8629, 74.7179], [87.4193, 74.9409], [87.4676, 75.0132], [87.1407, 75.0723], [86.9391, 75.0681], [86.9217, 75.1128], [87.006, 75.1698], [87.1708, 75.1917], [87.6714, 75.1296], [88.5037, 75.2905], [88.7331, 75.3692], [89.3103, 75.4701], [89.5951, 75.4583], [90.185, 75.5911], [91.0047, 75.6496], [91.4795, 75.6497], [91.8454, 75.7237], [92.4075, 75.7497], [94.0752, 75.9129], [94.1563, 75.9592], [93.687, 75.9216], [93.574, 75.9563], [93.4061, 75.9013], [93.1781, 75.959], [93.0687, 75.9128], [92.8904, 75.91], [92.8586, 75.9795], [92.9716, 76.0751], [93.1049, 76.0258], [93.2593, 76.0988], [93.6484, 76.0542], [94.1023, 76.1236], [94.5067, 76.108], [94.5756, 76.1518], [95.0385, 76.1135], [95.5787, 76.1373], [96.0755, 76.082], [95.986, 76.0097], [95.6533, 75.8922], [95.7438, 75.8723], [96.5086, 76.0056], [96.6006, 75.9899], [96.4971, 75.8912], [96.8792, 75.9311], [97.3507, 76.0334], [97.4992, 75.9802], [97.6377, 76.0291], [97.6698, 76.078], [97.9184, 76.0887], [98.02, 76.1337], [98.662, 76.2427], [99.5627, 76.1093], [99.7704, 76.0288], [99.6023, 75.8521], [99.4422, 75.8032], [99.5407, 75.7986], [99.8514, 75.9303], [99.8254, 76.1359], [99.6168, 76.2402], [98.8057, 76.4807], [98.8694, 76.5096], [99.5763, 76.4714], [100.3224, 76.4792], [100.8438, 76.5252], [101.0607, 76.4772], [101.5978, 76.4392], [101.6838, 76.4855], [100.928, 76.5567], [101.0993, 76.704], [100.9204, 76.8225], [100.9059, 76.9007], [100.9899, 76.9905], [101.1857, 77.0286], [101.5177, 77.1981], [102.6102, 77.5085], [103.1314, 77.6265], [103.5607, 77.6319], [104.0146, 77.7304], [104.8143, 77.6521], [104.9652, 77.5947], [105.309, 77.5492], [105.7103, 77.5252], [105.8945, 77.4889], [106.0596, 77.3905], [105.7342, 77.352], [105.3846, 77.2378], [104.2024, 77.1018], [105.6459, 77.1007], [105.712, 77.0015], [105.8222, 76.9975], [106.1454, 77.0453], [106.7051, 77.0138], [106.9416, 77.0344], [107.2789, 76.991], [107.4298, 76.9266], [106.6388, 76.5734], [106.3847, 76.5895], [106.4136, 76.5123], [106.6832, 76.5147], [106.8254, 76.4801], [107.1577, 76.5241], [107.7222, 76.5223], [107.9022, 76.5697], [108.0279, 76.7185], [108.1816, 76.7378], [108.6384, 76.7201], [109.3693, 76.7492], [109.9812, 76.7119], [110.4715, 76.7584], [111.1148, 76.723], [111.9387, 76.5534], [112.0939, 76.4803], [111.9427, 76.3805], [112.2971, 76.4347], [112.6195, 76.3835], [112.6842, 76.2188], [112.7984, 76.1296], [112.6562, 76.0536], [112.8189, 76.0586], [113.094, 76.1329], [113.1504, 76.1745], [112.988, 76.2397], [113.2727, 76.2517], [113.5639, 75.8916], [113.8572, 75.9213], [113.871, 75.856], [113.7487, 75.7048], [113.5676, 75.5684], [113.4859, 75.564], [113.5172, 75.6219], [113.3916, 75.6779], [113.1264, 75.6987], [112.6292, 75.8354], [112.4661, 75.8437], [112.7296, 75.7376], [112.9557, 75.5719], [113.243, 75.6114], [113.3563, 75.5343], [113.7262, 75.4506], [113.6136, 75.293], [112.9249, 75.015], [112.192, 74.8532], [111.8683, 74.74], [111.299, 74.6584], [110.8928, 74.5481], [110.3735, 74.4661], [110.2259, 74.3787], [109.8403, 74.322], [109.9113, 74.2613], [109.8103, 74.1692], [109.5108, 74.0888], [109.075, 74.0323], [108.1995, 73.6941], [107.7654, 73.625], [107.2711, 73.621], [106.6794, 73.3307], [106.1887, 73.308], [105.6771, 72.9593], [105.1439, 72.7771], [105.7082, 72.8367], [106.0667, 72.9499], [106.315, 73.1064], [106.4779, 73.1394], [107.1088, 73.1773], [107.7504, 73.1731], [108.2854, 73.2659], [108.3515, 73.3102], [109.0899, 73.3784], [109.3311, 73.4875], [109.6371, 73.454], [109.8553, 73.4725], [110.8682, 73.7307], [110.7224, 73.7799], [110.0912, 73.7085], [109.7067, 73.7438], [109.6656, 73.8002], [109.8691, 73.9306], [110.2614, 74.0174], [111.0563, 73.9394], [111.1309, 74.0528], [111.5506, 74.0285], [111.2281, 73.9686], [111.4004, 73.8277], [112.1473, 73.7089], [112.7954, 73.7461], [112.9396, 73.8356], [112.8359, 73.9621], [113.0328, 73.9139], [113.4162, 73.6476], [113.1569, 73.4596], [113.277, 73.3915], [113.4909, 73.3461], [113.4746, 73.0479], [113.3693, 72.9419], [113.1278, 72.8307], [113.1861, 72.7302], [113.3122, 72.6574], [113.6646, 72.6345], [113.7119, 72.6542], [113.2981, 72.7389], [113.2155, 72.8059], [113.5428, 73.0543], [113.5589, 73.2326], [113.8862, 73.3458], [113.5395, 73.4336], [113.5104, 73.505], [113.8569, 73.5334], [114.0605, 73.5847], [114.816, 73.6072], [115.3377, 73.7026], [116.4955, 73.6761], [117.3086, 73.5992], [118.4502, 73.5898], [118.8709, 73.5379], [118.9364, 73.4812], [118.457, 73.4644], [118.3766, 73.3672], [118.4303, 73.2465], [118.9604, 73.1173], [119.4253, 73.064], [119.7504, 72.9791], [120.5979, 72.9811], [120.9972, 72.9367], [121.7479, 72.9697], [121.886, 72.9609], [122.0298, 72.8972], [122.5375, 72.8778], [122.752, 72.9065], [122.502, 72.9707], [122.5268, 73.0167], [123.1604, 72.9549], [123.3012, 73.0018], [123.4616, 73.1442], [123.6223, 73.1933], [123.3227, 73.4308], [123.3051, 73.5329], [123.4162, 73.6369], [123.4911, 73.6664], [123.7969, 73.6268], [124.019, 73.7123], [124.5412, 73.7513], [125.6171, 73.5206], [125.5985, 73.4474], [126.2545, 73.5482], [126.3449, 73.5063], [126.2574, 73.4198], [126.2925, 73.3942], [126.5525, 73.3349], [126.8385, 73.4342], [127.0313, 73.5475], [127.7403, 73.4815], [127.9551, 73.4456], [128.0257, 73.3908], [128.2814, 73.3306], [128.2578, 73.2675], [128.587, 73.2624], [128.8887, 73.1902], [128.9134, 73.1106], [129.1006, 73.1124], [129.0537, 73.0454], [128.599, 72.8952], [129.0173, 72.8725], [129.2291, 72.7757], [129.2504, 72.7052], [128.8153, 72.5859], [128.4183, 72.5352], [128.5494, 72.4959], [129.1166, 72.4857], [129.2813, 72.4377], [129.4117, 72.3155], [129.4106, 72.1663], [129.2835, 72.092], [128.935, 72.0795], [127.8034, 72.434], [127.7261, 72.4132], [127.8414, 72.3083], [128.3588, 72.0883], [128.9114, 71.7553], [129.1166, 71.8246], [129.1216, 71.9532], [129.2103, 71.9169], [129.4608, 71.7393], [129.2342, 71.7448], [128.949, 71.7076], [128.8433, 71.6635], [128.9227, 71.6018], [129.1343, 71.5929], [129.7619, 71.1195], [130.026, 71.0654], [130.2812, 70.9473], [130.5371, 70.8925], [130.6685, 70.8883], [130.7571, 70.9624], [130.8319, 70.9359], [130.898, 70.8036], [131.0216, 70.7461], [131.2683, 70.7655], [131.562, 70.901], [131.9064, 71.2026], [132.0354, 71.244], [132.0037, 71.3502], [132.2276, 71.6428], [132.6539, 71.926], [132.8036, 71.7676], [133.1309, 71.6067], [133.4262, 71.491], [133.6889, 71.4342], [134.1028, 71.379], [134.7027, 71.3868], [134.8139, 71.4606], [135.0224, 71.515], [135.3594, 71.5435], [135.5592, 71.6104], [136.0903, 71.6196], [137.1158, 71.4157], [137.6506, 71.2082], [137.9396, 71.1334], [137.9737, 71.1687], [137.844, 71.2268], [138.0906, 71.3074], [138.3141, 71.3255], [137.9184, 71.3841], [138.0483, 71.526], [138.2342, 71.5963], [138.5252, 71.5627], [138.67, 71.6348], [138.7802, 71.629], [139.2094, 71.4448], [139.9842, 71.4915], [139.6951, 71.7004], [139.7229, 71.885], [139.3593, 71.9514], [139.6402, 71.9983], [139.8471, 72.1486], [140.1877, 72.1913], [139.617, 72.2257], [139.4305, 72.1635], [139.1764, 72.1635], [139.1408, 72.3297], [139.6012, 72.4961], [140.4506, 72.4931], [141.0793, 72.5869], [140.9832, 72.63], [140.9729, 72.717], [140.6523, 72.8428], [140.7081, 72.89], [140.8082, 72.891], [141.3098, 72.8577], [141.5184, 72.7887], [142.0614, 72.7208], [143.5158, 72.6982], [145.1993, 72.5702], [146.2529, 72.4422], [146.2348, 72.3497], [144.8975, 72.3962], [144.5876, 72.3055], [144.1692, 72.2588], [144.2949, 72.1926], [144.4707, 72.1748], [145.0392, 72.2599], [146.8318, 72.2954], [146.807, 72.2366], [146.5992, 72.1235], [146.1133, 71.945], [146.0059, 71.9455], [146.2303, 72.1375], [146.0515, 72.1423], [145.7586, 72.2259], [145.6641, 72.067], [145.7567, 72.0207], [145.7567, 71.9413], [145.4072, 71.8901], [145.064, 71.9261], [145.0737, 71.8309], [144.9896, 71.7534], [145.1886, 71.6958], [145.8048, 71.7465], [146.0732, 71.8084], [146.8947, 72.1975], [147.2618, 72.3279], [148.4021, 72.312], [149.5016, 72.1643], [149.7662, 72.0913], [149.9631, 71.9922], [150.0169, 71.8957], [149.8811, 71.843], [149.0487, 71.7958], [148.9233, 71.7146], [148.9682, 71.6905], [149.498, 71.664], [149.8571, 71.6015], [150.0608, 71.5108], [150.5998, 71.5201], [150.6678, 71.4552], [150.0977, 71.2266], [150.9678, 71.3805], [151.5824, 71.287], [152.0928, 71.0233], [151.762, 70.9825], [152.5088, 70.8345], [153.7941, 70.88], [154.414, 70.9745], [155.0295, 71.0342], [155.5959, 71.0386], [155.8952, 71.0955], [157.4474, 71.0745], [158.037, 71.0393], [158.7021, 70.935], [159.3507, 70.7907], [159.7279, 70.6497], [159.9118, 70.5061], [160.0064, 70.3097], [159.7294, 69.8702], [159.8325, 69.785], [160.9107, 69.6063], [161.0355, 69.0982], [161.3099, 68.9823], [161.3406, 68.9052], [161.129, 68.6539], [160.8561, 68.5383], [161.1045, 68.5625], [161.3651, 68.823], [161.4953, 68.8499], [161.5656, 68.9052], [161.5656, 69.064], [161.4801, 69.2017], [161.5369, 69.3795], [162.166, 69.6116], [163.2014, 69.7147], [163.498, 69.6933], [163.946, 69.7352], [164.1596, 69.7193], [164.5133, 69.6091], [165.7607, 69.5844], [165.9805, 69.546], [166.8203, 69.4996], [167.6281, 69.7403], [167.8568, 69.7282], [168.15, 69.5774], [168.303, 69.2715], [169.3106, 69.0795], [169.4146, 68.9196], [169.6099, 68.786], [170.5376, 68.8254], [170.9954, 69.0453], [170.9967, 69.1347], [170.7142, 69.3882], [170.5822, 69.5833], [170.1609, 69.6266], [170.5031, 69.8565], [170.4868, 70.1076], [172.5596, 69.9684], [173.2774, 69.8238], [173.3533, 69.924], [173.4387, 69.9468], [173.948, 69.8741], [174.7855, 69.8557], [175.9215, 69.8953], [176.9244, 69.646], [177.3945, 69.6116], [177.9337, 69.4956], [178.8483, 69.3872], [178.9507, 69.2958], [179.2727, 69.2597], [180.0, 68.9834], [180.0, 65.0672], [179.8273, 65.0342], [179.4482, 64.822], [179.15, 64.7816], [178.5195, 64.603], [178.2854, 64.6723], [177.7486, 64.717], [177.1792, 65.0141], [176.8809, 65.0819], [176.6248, 65.0376], [176.4131, 65.0712], [176.341, 65.0473], [177.0373, 64.9997], [177.2229, 64.8617], [177.0687, 64.7867], [176.8311, 64.8492], [176.4295, 64.8552], [176.0611, 64.9609], [175.7812, 64.844], [175.3965, 64.7837], [175.0978, 64.7769], [174.5488, 64.6839], [175.6779, 64.7825], [176.0565, 64.9047], [176.247, 64.843], [176.351, 64.7051], [176.1409, 64.5858], [176.5076, 64.6824], [176.731, 64.6249], [176.8429, 64.6338], [177.0498, 64.7192], [177.3875, 64.774], [177.4672, 64.7368], [177.4329, 64.4445], [177.6875, 64.3047], [178.0447, 64.2196], [178.1306, 64.2353], [178.2295, 64.3644], [178.4771, 64.1279], [178.4514, 64.0114], [178.6503, 63.9653], [178.6925, 63.8423], [178.7314, 63.6671], [178.4404, 63.6056], [178.4661, 63.5741], [178.6537, 63.5566], [178.7064, 63.5215], [178.6787, 63.4023], [178.744, 63.3948], [178.793, 63.5403], [178.9215, 63.345], [179.3323, 63.1902], [179.4051, 63.0777], [179.2596, 63.0083], [179.3811, 62.8837], [179.5109, 62.8628], [179.5705, 62.7735], [179.5705, 62.6875], [179.4772, 62.6131], [179.177, 62.4692], [179.1207, 62.3204], [178.0192, 62.547], [177.2926, 62.599], [177.339, 62.7813], [177.2587, 62.7504], [177.0235, 62.7772], [176.9647, 62.6586], [177.1896, 62.5916], [177.1595, 62.561], [176.7025, 62.5058], [176.3284, 62.346], [175.2679, 62.1024], [175.1924, 62.0344], [174.7976, 61.9389], [174.715, 61.9479], [174.5144, 61.8236], [174.1389, 61.7952], [173.8224, 61.6794], [173.6234, 61.7161], [173.1318, 61.4066], [172.8565, 61.4692], [172.8068, 61.4361], [172.908, 61.3116], [172.7307, 61.3144], [172.5848, 61.1904], [172.3961, 61.1674], [172.3928, 61.0618], [171.918, 60.8641], [171.7295, 60.8431], [170.9493, 60.5229], [170.6082, 60.4349], [170.351, 59.9655], [170.1541, 59.9861], [169.9826, 60.0671], [169.887, 60.2179], [169.6184, 60.438], [169.2268, 60.5959], [168.7883, 60.5638], [168.4628, 60.5922], [168.1375, 60.5739], [167.2268, 60.4063], [166.9641, 60.307], [166.273, 59.8563], [166.1865, 59.8495], [166.136, 59.9793], [166.3521, 60.4848], [166.1802, 60.4804], [165.942, 60.3569], [165.4158, 60.2052], [165.2853, 60.1349], [165.0846, 60.0986], [165.0736, 59.9456], [164.9537, 59.8436], [164.7794, 59.8742], [164.6697, 59.9975], [164.5253, 60.0613], [164.3769, 60.0581], [164.1133, 59.8976], [164.1351, 59.9844], [163.9129, 60.0371], [163.7438, 60.028], [163.3648, 59.7814], [163.269, 59.52], [163.2729, 59.3026], [163.0849, 59.1314], [163.0102, 59.1483], [162.94, 59.1143], [163.0043, 59.0202], [162.9698, 58.9865], [162.453, 58.7086], [162.1416, 58.4474], [161.9601, 58.0769], [162.0396, 57.9183], [162.1975, 57.8291], [162.4114, 57.7784], [162.3914, 57.7172], [162.522, 57.9041], [162.6543, 57.9482], [163.145, 57.8373], [163.2258, 57.7904], [163.1879, 57.6374], [162.7793, 57.3576], [162.7615, 57.2439], [162.8026, 56.8115], [162.9221, 56.7227], [163.0464, 56.7413], [163.2565, 56.688], [163.3355, 56.2325], [163.0474, 56.0447], [162.8403, 56.0656], [162.6281, 56.2323], [162.7132, 56.3309], [162.8933, 56.3995], [163.0384, 56.5219], [162.8776, 56.4764], [162.6715, 56.4901], [162.4887, 56.3991], [162.5282, 56.2607], [162.085, 56.0896], [161.7756, 55.6548], [161.7239, 55.4961], [161.785, 55.2053], [162.0803, 54.8861], [162.1056, 54.7521], [161.7257, 54.533], [161.6248, 54.5163], [161.294, 54.5206], [161.1299, 54.5982], [160.7727, 54.5414], [160.0744, 54.1892], [159.9218, 54.0084], [159.8438, 53.7836], [159.9559, 53.5522], [159.8977, 53.3808], [160.0021, 53.2749], [160.0251, 53.1296], [159.9475, 53.1251], [159.7716, 53.2297], [159.5859, 53.2377], [158.9521, 53.0476], [158.7454, 52.9089], [158.5646, 53.05], [158.4721, 53.0324], [158.4323, 52.9574], [158.6088, 52.8736], [158.4808, 52.6267], [158.4932, 52.3832], [158.1035, 51.8096], [157.8232, 51.6053], [157.531, 51.4799], [157.2022, 51.2127], [156.7478, 50.9693], [156.6708, 51.2269], [156.5435, 51.3116], [156.5212, 51.3803], [156.4898, 51.913], [156.3647, 52.5094], [156.2286, 52.6263], [156.1104, 52.8662], [155.9502, 53.7443], [155.5639, 55.1991], [155.7166, 56.0722], [155.9825, 56.6952], [156.0675, 56.7816], [156.7284, 57.1522], [156.8488, 57.2902], [156.9768, 57.4663], [156.9482, 57.6158], [156.7916, 57.7479], [156.8299, 57.7796], [156.9857, 57.8302], [157.2168, 57.7768], [157.4504, 57.7993], [157.6664, 58.0198], [157.9746, 57.9859], [158.2104, 58.0253], [158.2752, 58.009], [158.4494, 58.1628], [159.2106, 58.5194], [159.5915, 58.8037], [159.8474, 59.1271], [160.3504, 59.394], [160.5475, 59.5474], [160.8553, 59.6269], [161.4493, 60.0273], [161.7535, 60.1523], [162.0682, 60.4664], [162.7132, 60.6595], [162.9731, 60.7829], [163.3523, 60.8004], [163.71, 60.9168], [163.5535, 61.0256], [163.6196, 61.1113], [163.8934, 61.2405], [164.0055, 61.3438], [163.9728, 61.4199], [163.8044, 61.4614], [163.8827, 61.6401], [164.0195, 61.7107], [164.0742, 62.045], [164.2072, 62.2922], [164.5983, 62.4706], [165.1241, 62.4115], [165.2081, 62.374], [165.2139, 62.4482], [165.4174, 62.4471], [165.3966, 62.4939], [165.044, 62.517], [164.7924, 62.5711], [164.4184, 62.7046], [163.3317, 62.5509], [163.2442, 62.4554], [163.3021, 62.373], [163.1635, 62.2596], [163.1311, 62.0499], [163.0177, 61.8911], [163.0093, 61.7915], [163.2578, 61.6995], [163.0853, 61.5706], [162.9939, 61.5442], [162.856, 61.705], [162.7523, 61.7113], [162.699, 61.6526], [162.3926, 61.6621], [161.0371, 60.9629], [160.7666, 60.7533], [160.482, 60.7398], [160.1736, 60.6384], [160.2258, 60.8315], [160.3789, 61.0255], [160.1843, 61.0477], [159.8831, 60.9434], [159.7904, 60.9566], [159.9492, 61.1286], [159.8831, 61.2918], [160.2469, 61.6476], [160.3094, 61.8944], [160.1825, 61.9028], [159.5523, 61.7195], [159.295, 61.9142], [159.1893, 61.9294], [158.5472, 61.8109], [158.3337, 61.8257], [158.0701, 61.7536], [157.7993, 61.7953], [157.4693, 61.7989], [157.0842, 61.6757], [156.6803, 61.4806], [156.6297, 61.2725], [156.056, 60.9956], [155.7161, 60.6824], [154.9708, 60.3767], [154.5782, 60.095], [154.4407, 59.8838], [154.2931, 59.8334], [154.2688, 59.6584], [154.1498, 59.5285], [154.2722, 59.4751], [154.5825, 59.5401], [154.9713, 59.4496], [155.1667, 59.3602], [155.1604, 59.1901], [154.8237, 59.1875], [154.7035, 59.1413], [154.458, 59.2166], [154.2467, 59.1086], [154.0109, 59.0755], [153.6952, 59.2248], [153.3611, 59.2148], [153.2729, 59.0913], [153.0777, 59.0819], [152.8179, 58.9263], [152.5756, 58.9541], [152.3196, 59.0308], [152.1652, 58.997], [152.0879, 58.9104], [151.7046, 58.8667], [151.3268, 58.8751], [151.1211, 59.0825], [151.505, 59.164], [151.99, 59.1601], [152.2606, 59.2236], [152.1695, 59.2779], [151.9424, 59.2841], [151.798, 59.3232], [151.4857, 59.5241], [151.3482, 59.5611], [151.0336, 59.5856], [150.8234, 59.4607], [150.6152, 59.5065], [150.4836, 59.4944], [150.6673, 59.5563], [149.6426, 59.7704], [149.4245, 59.761], [149.0652, 59.6305], [149.205, 59.4882], [148.925, 59.475], [148.7971, 59.5323], [148.7089, 59.4485], [148.7441, 59.3735], [148.8896, 59.4], [148.9646, 59.3691], [148.9141, 59.2827], [148.7267, 59.2579], [148.4912, 59.2623], [148.2574, 59.4142], [147.8746, 59.388], [147.6879, 59.2907], [147.5145, 59.2686], [147.04, 59.3657], [146.8037, 59.3729], [146.5372, 59.457], [146.4443, 59.4305], [146.2734, 59.2215], [146.0495, 59.1706], [145.9316, 59.1984], [145.7564, 59.3737], [145.5546, 59.4135], [144.4834, 59.3763], [143.8688, 59.4114], [143.5238, 59.3437], [143.1922, 59.3701], [142.5803, 59.2401], [142.0254, 58.9997], [141.6029, 58.649], [140.9877, 58.4168], [140.7902, 58.3035], [140.4469, 57.8137], [140.0023, 57.6875], [139.8615, 57.5493], [139.6192, 57.4557], [139.5066, 57.3583], [139.1816, 57.2615], [138.9657, 57.0881], [138.6621, 56.9655], [138.2178, 56.629], [138.0738, 56.4331], [137.6915, 56.1394], [137.5729, 56.1121], [137.3841, 55.9748], [136.7936, 55.6942], [136.4603, 55.5767], [136.1752, 55.3522], [135.7508, 55.1606], [135.5406, 55.1138], [135.2625, 54.9433], [135.2115, 54.8408], [135.2577, 54.7315], [135.8516, 54.5839], [136.7973, 54.621], [136.8204, 54.4523], [136.683, 53.9313], [136.7188, 53.8041], [136.8026, 53.782], [136.8864, 53.8394], [137.1554, 53.8217], [137.258, 54.0252], [137.0962, 54.1286], [137.1416, 54.1822], [137.3777, 54.2823], [137.666, 54.2833], [137.5132, 54.1564], [137.3393, 54.1005], [137.6228, 53.9705], [137.8348, 53.9467], [137.6448, 53.8658], [137.517, 53.7071], [137.2215, 53.5792], [137.2537, 53.5461], [137.7382, 53.5603], [137.9505, 53.6036], [138.2529, 53.7264], [138.3789, 53.9093], [138.5279, 53.9599], [138.5691, 53.8188], [138.2497, 53.524], [138.4507, 53.537], [138.6607, 53.7448], [138.6994, 53.8697], [138.7159, 54.2227], [138.6572, 54.2983], [138.6957, 54.32], [139.3197, 54.193], [139.7074, 54.2771], [140.1787, 54.0516], [140.3471, 53.8126], [140.6876, 53.5964], [141.0057, 53.4946], [141.2177, 53.3345], [141.3737, 53.2928], [141.4021, 53.184], [141.1813, 53.0153], [140.8396, 53.0879], [141.0868, 52.8976], [141.2559, 52.8401], [141.245, 52.5501], [141.1324, 52.4357], [141.1698, 52.3684], [141.4853, 52.1785], [141.3855, 52.0572], [141.3669, 51.9207], [140.9326, 51.6199], [140.6877, 51.2323], [140.6707, 51.0513], [140.5209, 50.8002], [140.4764, 50.546], [140.5354, 50.1308], [140.6245, 50.0824], [140.4627, 49.9115], [140.5172, 49.5961], [140.309, 49.0539], [140.3783, 48.9641], [140.2242, 48.7729], [140.1133, 48.4227], [139.3727, 47.8874], [139.0014, 47.3833], [138.5868, 47.0572], [138.3918, 46.7451], [138.3369, 46.5434], [138.2102, 46.4629], [138.1063, 46.2507], [137.6854, 45.8184], [136.8035, 45.1711], [136.2512, 44.6668], [136.1423, 44.4891], [135.8746, 44.3735], [135.5332, 43.9715], [135.4834, 43.835], [135.2602, 43.6846], [135.1311, 43.5257], [134.0104, 42.9475], [133.7094, 42.8299], [133.5867, 42.8282], [133.16, 42.697], [133.0594, 42.7228], [132.9966, 42.808], [132.8636, 42.7938], [132.709, 42.8758], [132.5765, 42.8716], [132.4813, 42.9098], [132.3038, 42.8833], [132.3096, 43.3135], [132.0287, 43.1189], [131.8666, 43.0952], [132.0131, 43.28], [131.939, 43.302], [131.7221, 43.2026], [131.1583, 42.626], [130.7094, 42.6564], [130.8342, 42.5229], [130.7299, 42.3258], [130.6873, 42.3025]]], [[[47.442, 80.8537], [48.4457, 80.806], [48.6865, 80.7178], [48.6836, 80.6333], [48.0443, 80.6682], [47.7053, 80.7652], [47.3039, 80.6062], [47.1449, 80.609], [47.011, 80.5621], [46.6775, 80.5613], [46.5137, 80.4755], [46.1414, 80.4467], [45.969, 80.5695], [45.6408, 80.537], [44.905, 80.6113], [45.1245, 80.6522], [46.7991, 80.7552], [47.3523, 80.8529], [47.442, 80.8537]]], [[[50.2781, 80.9272], [50.8011, 80.9142], [51.7036, 80.6876], [50.9608, 80.5405], [49.846, 80.4977], [49.5859, 80.3766], [48.8961, 80.3692], [48.6771, 80.3], [48.9596, 80.2657], [48.9775, 80.1626], [48.5817, 80.1954], [48.3862, 80.0958], [48.1672, 80.1328], [47.9399, 80.0886], [47.7373, 80.0817], [47.6324, 80.112], [47.9775, 80.2125], [47.893, 80.2393], [47.6424, 80.2453], [47.3431, 80.1885], [46.991, 80.1828], [46.6444, 80.3003], [47.8958, 80.5291], [48.4026, 80.5688], [48.6251, 80.5083], [49.0878, 80.5158], [49.2443, 80.8214], [50.1243, 80.9239], [50.2781, 80.9272]]], [[[67.7653, 76.2376], [66.2824, 75.9837], [63.6595, 75.6688], [62.0661, 75.4277], [61.6162, 75.3196], [61.356, 75.3148], [60.7192, 75.0686], [60.2769, 75.0076], [60.2411, 74.9708], [60.4549, 74.9461], [60.5014, 74.9046], [60.0801, 74.7559], [59.7473, 74.7459], [59.674, 74.6102], [59.2401, 74.693], [59.0404, 74.4855], [58.9282, 74.4627], [58.5347, 74.4989], [58.6179, 74.2274], [58.4414, 74.1289], [57.7674, 74.0138], [57.8723, 73.8504], [57.756, 73.7692], [57.3131, 73.838], [57.5426, 73.6582], [57.1344, 73.5044], [56.9639, 73.3666], [56.4304, 73.2972], [56.0346, 73.3459], [55.5492, 73.3568], [55.0068, 73.4539], [54.7687, 73.4494], [54.2999, 73.351], [54.1315, 73.481], [54.2046, 73.542], [53.7629, 73.7662], [54.3863, 73.9356], [54.6427, 73.9596], [55.3409, 74.4196], [56.1371, 74.4961], [55.6615, 74.5561], [55.5822, 74.6277], [55.9137, 74.7961], [56.4987, 74.9571], [56.34, 75.0135], [55.998, 75.0034], [55.8101, 75.1249], [56.0355, 75.1942], [56.5703, 75.0978], [56.8763, 75.2444], [56.8444, 75.3514], [57.0875, 75.3838], [57.6068, 75.3413], [57.7834, 75.5067], [58.0937, 75.5925], [58.0583, 75.6631], [58.4184, 75.7198], [58.8813, 75.8548], [60.0361, 75.9838], [60.1182, 76.0666], [60.2793, 76.0962], [60.7306, 76.1041], [60.8012, 76.0688], [60.9422, 76.0713], [61.0539, 76.1199], [61.0344, 76.233], [61.2017, 76.282], [61.5694, 76.2985], [62.4711, 76.2305], [62.9715, 76.2367], [64.4635, 76.3782], [64.95, 76.4843], [65.7552, 76.5793], [66.063, 76.7461], [66.3452, 76.821], [66.8288, 76.9238], [67.535, 77.0078], [68.4857, 76.9337], [68.9117, 76.7605], [68.8998, 76.5729], [68.1654, 76.2849], [67.7653, 76.2376]]], [[[55.3198, 73.3083], [56.1377, 73.2562], [56.4296, 73.2012], [56.189, 73.033], [56.1217, 72.8066], [55.7234, 72.7664], [55.6164, 72.5991], [55.4033, 72.5491], [55.3596, 72.4087], [55.5181, 72.2207], [55.2979, 71.9354], [55.4711, 71.8692], [55.8193, 71.5076], [56.4544, 71.1074], [56.8948, 70.927], [57.6254, 70.7288], [57.1459, 70.5891], [56.6488, 70.6465], [56.5101, 70.7288], [56.3857, 70.7341], [56.2601, 70.7147], [56.5613, 70.5936], [56.4346, 70.563], [56.1425, 70.6579], [56.0871, 70.6184], [55.9416, 70.6493], [55.7969, 70.6156], [55.6873, 70.6922], [55.0517, 70.6667], [54.6451, 70.7418], [54.6012, 70.6801], [53.3836, 70.8735], [53.6136, 70.9146], [53.5878, 71.0523], [53.6705, 71.0869], [53.857, 71.0704], [53.8343, 71.1267], [54.0939, 71.1052], [54.1557, 71.1255], [53.5908, 71.2967], [53.6222, 71.3328], [53.41, 71.3401], [53.319, 71.3992], [53.4116, 71.5301], [52.909, 71.495], [52.4188, 71.5369], [51.9379, 71.4747], [51.6916, 71.5251], [51.5113, 71.6481], [51.4436, 71.9344], [51.5825, 72.0712], [51.8854, 72.1532], [52.2521, 72.1297], [52.3323, 72.154], [52.6221, 72.301], [52.8637, 72.5499], [52.9166, 72.6689], [52.605, 72.7041], [52.5285, 72.7374], [52.5793, 72.7914], [52.9132, 72.9], [53.3698, 72.9167], [53.2473, 72.9731], [53.2512, 73.183], [53.7532, 73.2933], [54.2023, 73.2813], [54.8039, 73.3876], [55.1214, 73.3568], [55.3198, 73.3083]]], [[[96.5266, 81.0756], [96.755, 80.9579], [97.4137, 80.8418], [97.703, 80.8267], [97.8699, 80.7633], [97.8564, 80.6981], [97.2214, 80.6524], [97.1131, 80.6141], [97.0254, 80.5355], [97.417, 80.3231], [97.1752, 80.241], [94.565, 80.1261], [93.8724, 80.0101], [93.6547, 80.0096], [91.6374, 80.2699], [91.5238, 80.3585], [91.6878, 80.4185], [91.8967, 80.4775], [92.5779, 80.5333], [93.2625, 80.7913], [92.5926, 80.7809], [93.0651, 80.9885], [94.8379, 81.1394], [95.1596, 81.271], [95.8007, 81.2805], [96.4711, 81.0993], [96.5266, 81.0756]]], [[[97.6745, 80.1583], [98.0178, 80.0229], [97.627, 79.8504], [97.6517, 79.7606], [98.0646, 79.9011], [98.3531, 79.8843], [98.5965, 80.0522], [99.2949, 80.0164], [99.8184, 79.8982], [100.0612, 79.7771], [99.7816, 79.6283], [99.6807, 79.3233], [99.5373, 79.2766], [99.0418, 79.293], [99.5173, 79.1302], [99.8146, 79.0958], [99.9293, 78.9614], [99.4396, 78.8342], [98.4111, 78.7878], [97.5555, 78.8266], [96.8078, 78.985], [96.3474, 79.0159], [95.7965, 79.0014], [95.5311, 79.0981], [95.0204, 79.0527], [94.6523, 79.1275], [94.2188, 79.4023], [93.0708, 79.4953], [93.4047, 79.6316], [93.8473, 79.7017], [94.2571, 79.8297], [94.3473, 79.9419], [94.9873, 80.0968], [95.2813, 80.0305], [95.4976, 80.1056], [96.4166, 80.1043], [97.5868, 80.1683], [97.6745, 80.1583]]], [[[102.8848, 79.254], [102.4123, 78.8354], [102.9504, 79.0558], [103.8008, 79.1493], [104.0911, 79.0132], [104.4492, 78.9639], [104.4521, 78.88], [104.6332, 78.8352], [104.8811, 78.8549], [105.146, 78.8188], [105.3126, 78.4999], [104.7418, 78.3397], [104.2975, 78.3351], [103.7193, 78.2583], [103.0031, 78.2559], [102.7967, 78.1879], [102.6172, 78.2246], [101.2041, 78.1919], [100.0822, 77.975], [99.5003, 77.9761], [99.2871, 78.0381], [100.0189, 78.3389], [100.4164, 78.7532], [100.6196, 78.7974], [100.9558, 78.7885], [100.8646, 78.9258], [101.1961, 79.2044], [101.5431, 79.2544], [101.5906, 79.3504], [101.7613, 79.372], [102.0053, 79.2637], [102.2513, 79.2561], [102.2824, 79.4301], [102.7898, 79.3921], [103.0416, 79.3315], [103.0979, 79.2991], [102.9396, 79.2712], [102.8848, 79.254]]], [[[140.0487, 75.829], [140.3891, 75.7959], [140.5467, 75.6632], [140.8159, 75.6307], [140.9441, 75.7005], [140.9854, 75.9645], [141.4854, 76.1372], [141.7423, 76.1081], [142.6695, 75.8634], [143.1852, 75.8136], [143.6858, 75.8637], [145.2553, 75.5856], [145.36, 75.5305], [145.0234, 75.4897], [144.8031, 75.4161], [144.7268, 75.3656], [144.8835, 75.2689], [144.4078, 75.1023], [144.0197, 75.0447], [143.1703, 75.1169], [142.8201, 75.2678], [142.6996, 75.4489], [142.7345, 75.5446], [142.986, 75.6333], [142.9418, 75.7133], [142.5516, 75.7209], [142.3079, 75.6917], [142.0862, 75.6606], [142.1988, 75.3927], [142.6168, 75.1333], [143.1279, 74.9703], [142.4728, 74.8204], [142.2874, 74.8499], [141.9873, 74.9913], [140.2679, 74.8469], [139.6813, 74.9641], [139.3256, 74.6868], [139.0991, 74.6565], [138.0923, 74.7975], [137.683, 75.0085], [137.218, 75.1237], [136.9477, 75.3255], [136.9824, 75.3653], [137.2897, 75.3486], [137.2688, 75.7494], [137.3585, 75.7816], [137.7065, 75.7596], [137.5012, 75.9097], [137.6254, 75.9882], [138.814, 76.1997], [139.7434, 75.9531], [140.0487, 75.829]]], [[[146.7952, 75.3708], [147.0604, 75.3643], [147.497, 75.4405], [148.4324, 75.4135], [148.475, 75.2724], [148.5901, 75.2364], [148.8922, 75.2281], [149.0832, 75.2621], [150.1039, 75.2192], [150.5306, 75.0999], [150.8224, 75.1565], [150.6463, 74.9446], [150.3313, 74.8668], [149.5969, 74.7726], [148.0924, 74.8257], [147.6269, 74.9589], [147.144, 74.9984], [146.7033, 75.1142], [146.1485, 75.1983], [146.343, 75.4809], [146.5375, 75.5818], [146.751, 75.5104], [146.7482, 75.4287], [146.7952, 75.3708]]], [[[178.8615, 70.8264], [178.7926, 70.8221], [178.6482, 71.0006], [178.6839, 71.1057], [178.8911, 71.2311], [179.5477, 71.4477], [180.0, 71.5377], [180.0, 70.993], [179.6477, 70.8989], [179.1525, 70.8803], [178.8615, 70.8264]]], [[[142.761, 54.3939], [142.9762, 54.141], [142.918, 53.7942], [143.2236, 53.296], [143.3247, 52.9631], [143.3236, 52.6136], [143.1723, 52.3494], [143.1906, 51.9445], [143.2947, 51.7443], [143.3205, 51.5833], [143.4555, 51.4715], [143.4729, 51.2992], [143.5342, 51.2463], [143.816, 50.2826], [144.0479, 49.8958], [144.3412, 49.1805], [144.4317, 49.0511], [144.6855, 48.8712], [144.7138, 48.6403], [144.5363, 48.8936], [144.0487, 49.2492], [143.7323, 49.312], [143.3822, 49.2907], [143.105, 49.1988], [143.0269, 49.1054], [142.5742, 48.0722], [142.5569, 47.7379], [142.7454, 47.4524], [142.9403, 47.3228], [143.2177, 46.7949], [143.3844, 46.8057], [143.4856, 46.7521], [143.5807, 46.3607], [143.4316, 46.0287], [143.3521, 46.4762], [143.2823, 46.559], [142.8293, 46.6053], [142.6919, 46.7108], [142.578, 46.7008], [142.4064, 46.5547], [142.2086, 46.0889], [142.0771, 45.917], [141.9616, 46.0135], [141.8304, 46.4511], [141.8665, 46.6942], [142.0387, 47.1403], [141.9641, 47.5875], [142.1817, 48.0134], [142.1354, 48.2901], [141.8663, 48.7501], [142.0201, 49.0785], [142.1423, 49.5691], [142.1531, 50.2167], [142.066, 50.6305], [142.2079, 50.9985], [142.2067, 51.2226], [142.006, 51.5205], [141.7224, 51.7363], [141.8081, 51.7892], [141.6685, 51.9333], [141.6608, 52.2729], [141.8033, 52.5556], [141.8556, 52.7935], [141.8736, 53.0389], [141.8235, 53.3395], [141.9645, 53.4564], [142.142, 53.4956], [142.3189, 53.4055], [142.5262, 53.4475], [142.5835, 53.5368], [142.5092, 53.5876], [142.5525, 53.6526], [142.6796, 53.6744], [142.6889, 53.7302], [142.6429, 53.7368], [142.706, 53.8957], [142.335, 54.2807], [142.5517, 54.279], [142.6156, 54.3036], [142.6928, 54.4161], [142.761, 54.3939]]], [[[-178.8765, 71.5771], [-178.3536, 71.5292], [-178.1339, 71.4655], [-177.5322, 71.2631], [-177.5236, 71.1669], [-177.8218, 71.0676], [-179.5067, 70.9234], [-180.0, 70.993], [-180.0, 71.5377], [-179.691, 71.578], [-178.994, 71.5932], [-178.8765, 71.5771]]], [[[35.8161, 65.1821], [35.8584, 65.0779], [35.7787, 64.9767], [35.5289, 65.1511], [35.7291, 65.1976], [35.8161, 65.1821]]], [[[42.7137, 66.7017], [42.4773, 66.7351], [42.4686, 66.7855], [42.6314, 66.7822], [42.6907, 66.7353], [42.7137, 66.7017]]], [[[52.9033, 71.365], [53.074, 71.2379], [53.1926, 71.2153], [53.0481, 71.031], [53.121, 70.982], [53.0227, 70.9687], [52.7384, 71.1807], [52.5466, 71.2504], [52.4255, 71.2393], [52.2496, 71.2849], [52.2966, 71.3568], [52.5126, 71.3851], [52.7297, 71.3551], [52.7768, 71.3998], [52.9033, 71.365]]], [[[168.0391, 54.565], [168.0813, 54.5127], [167.4881, 54.795], [167.4415, 54.8559], [167.5117, 54.8569], [167.8826, 54.6905], [168.0391, 54.565]]], [[[160.7189, 70.8227], [160.5048, 70.8197], [160.4485, 70.934], [160.6449, 70.8835], [160.7189, 70.8227]]], [[[161.4671, 68.901], [161.4611, 68.9956], [161.1365, 69.1103], [161.1646, 69.3336], [161.0828, 69.4057], [161.1107, 69.4698], [161.5052, 69.6395], [161.6178, 69.5924], [161.6093, 69.5009], [161.3509, 69.3693], [161.5067, 68.9276], [161.4671, 68.901]]], [[[152.8859, 76.1217], [152.7863, 76.0858], [152.5586, 76.1436], [152.7994, 76.1948], [152.8638, 76.1634], [152.8859, 76.1217]]], [[[149.1502, 76.6599], [148.3986, 76.6482], [148.7196, 76.7466], [149.4064, 76.7821], [149.2048, 76.677], [149.1502, 76.6599]]], [[[137.9599, 71.5077], [137.7118, 71.4232], [137.4578, 71.4835], [137.2655, 71.4559], [137.0641, 71.5299], [137.2818, 71.5799], [137.8168, 71.5879], [137.9338, 71.5428], [137.9599, 71.5077]]], [[[107.6955, 78.1309], [107.4816, 78.0578], [107.3438, 78.0986], [106.4155, 78.1398], [106.5833, 78.1676], [107.5732, 78.1855], [107.6955, 78.1309]]], [[[112.478, 76.6209], [112.6608, 76.5096], [112.5316, 76.45], [111.9689, 76.6262], [112.2814, 76.6184], [112.3941, 76.6438], [112.478, 76.6209]]], [[[96.5324, 76.2781], [96.5896, 76.2212], [96.3508, 76.2122], [96.3006, 76.1217], [95.3111, 76.2147], [95.3799, 76.2891], [95.5944, 76.2496], [95.7862, 76.2939], [96.151, 76.2719], [96.2707, 76.3054], [96.5324, 76.2781]]], [[[96.2854, 77.0267], [96.2099, 76.9921], [95.8547, 76.975], [95.6809, 77.0213], [95.2703, 77.0188], [96.5284, 77.2055], [96.5613, 77.1296], [96.4243, 77.0712], [96.2854, 77.0267]]], [[[89.5143, 77.1888], [89.1793, 77.2099], [89.2005, 77.272], [89.2815, 77.3015], [89.6162, 77.311], [89.6658, 77.2545], [89.5143, 77.1888]]], [[[74.6605, 72.8734], [74.1807, 72.9753], [74.1002, 73.0215], [74.1985, 73.1091], [74.5999, 73.1218], [74.9615, 73.0625], [74.7426, 73.0327], [74.6473, 72.969], [74.6972, 72.9077], [74.6605, 72.8734]]], [[[75.5037, 73.4566], [75.3443, 73.4323], [75.5697, 73.5406], [75.9302, 73.5736], [76.0516, 73.5493], [75.8271, 73.4591], [75.5037, 73.4566]]], [[[83.549, 74.0718], [83.4106, 74.0396], [82.8178, 74.0916], [83.1498, 74.1516], [83.6184, 74.0895], [83.549, 74.0718]]], [[[67.3449, 69.5298], [67.264, 69.4425], [67.0473, 69.467], [67.2161, 69.5754], [67.3289, 69.5721], [67.3449, 69.5298]]], [[[66.5609, 70.5417], [66.5686, 70.5015], [66.4076, 70.6158], [66.4402, 70.7727], [66.4577, 70.6988], [66.5609, 70.5417]]], [[[70.0207, 66.5022], [69.8447, 66.4897], [69.6514, 66.5653], [69.4693, 66.716], [69.5027, 66.7511], [70.0767, 66.6959], [70.0592, 66.5176], [70.0207, 66.5022]]], [[[50.0518, 80.0743], [49.9709, 80.0607], [49.5561, 80.1589], [49.8837, 80.2302], [50.251, 80.2195], [50.31, 80.1856], [50.0723, 80.1095], [50.0518, 80.0743]]], [[[51.4093, 79.9442], [51.4312, 79.9205], [50.4541, 79.9244], [50.0914, 79.9806], [50.9363, 80.0942], [51.2544, 80.0486], [51.327, 79.9723], [51.4093, 79.9442]]], [[[50.7537, 81.0474], [50.5182, 81.0456], [50.3774, 81.1027], [50.5918, 81.1694], [50.8786, 81.1509], [50.9462, 81.1082], [50.7888, 81.0718], [50.7537, 81.0474]]], [[[55.4797, 80.2738], [55.1951, 80.2268], [54.9797, 80.2564], [55.24, 80.3254], [55.4348, 80.3022], [55.4797, 80.2738]]], [[[54.4153, 80.4728], [54.2759, 80.4213], [53.8119, 80.4762], [53.8772, 80.6053], [54.4071, 80.5401], [54.4373, 80.4987], [54.4153, 80.4728]]], [[[59.6889, 79.9558], [59.2026, 79.933], [58.9192, 79.9846], [58.9461, 80.0423], [59.5445, 80.1188], [59.8017, 80.0827], [59.911, 79.9943], [59.6889, 79.9558]]], [[[58.6224, 81.0417], [58.9306, 80.8317], [58.86, 80.7794], [58.2856, 80.7649], [57.9379, 80.7934], [57.7498, 80.8891], [57.4052, 80.9151], [57.2109, 81.0171], [57.4103, 81.0468], [57.6562, 81.0315], [58.0495, 81.1185], [58.5076, 81.0618], [58.6224, 81.0417]]], [[[47.983, 45.4882], [47.9677, 45.47], [47.9203, 45.5621], [47.9472, 45.6471], [47.9871, 45.5541], [47.983, 45.4882]]], [[[50.2652, 69.1856], [50.2206, 69.0488], [50.1645, 69.0375], [50.0939, 69.1255], [49.6263, 68.8597], [48.9104, 68.7431], [48.667, 68.7332], [48.4391, 68.8049], [48.2788, 69.0403], [48.3199, 69.2692], [48.4139, 69.3457], [48.8449, 69.4947], [49.2252, 69.5112], [50.1673, 69.2571], [50.2652, 69.1856]]], [[[63.3738, 80.7001], [63.0021, 80.7128], [62.5203, 80.8219], [62.5926, 80.853], [63.1158, 80.9668], [64.0957, 80.9983], [64.3102, 81.1752], [64.8021, 81.1973], [65.3098, 81.0964], [65.4374, 80.9307], [64.5483, 80.7554], [63.3738, 80.7001]]], [[[57.9562, 80.1232], [57.8001, 80.1041], [57.3323, 80.1581], [57.075, 80.4939], [58.4805, 80.4647], [59.1159, 80.3884], [59.2555, 80.3432], [58.2839, 80.2978], [58.1632, 80.1965], [57.9562, 80.1232]]], [[[62.1678, 80.8348], [62.0758, 80.6169], [61.6812, 80.5863], [61.0513, 80.4186], [60.2783, 80.4944], [59.6498, 80.4313], [59.3464, 80.505], [59.3865, 80.7125], [59.7158, 80.8364], [60.0945, 80.8486], [60.278, 80.8015], [61.5975, 80.8929], [62.1029, 80.8666], [62.1678, 80.8348]]], [[[61.1408, 80.9503], [60.8268, 80.9297], [60.0582, 80.9846], [60.5866, 81.0877], [61.4574, 81.104], [61.5674, 81.0503], [61.472, 81.011], [61.1408, 80.9503]]], [[[53.5214, 80.1852], [52.6359, 80.1789], [52.2134, 80.2637], [52.6806, 80.3185], [52.8539, 80.4024], [53.1856, 80.4126], [53.8517, 80.2684], [53.6529, 80.2226], [53.5214, 80.1852]]], [[[57.0787, 80.3509], [56.9869, 80.0715], [55.8116, 80.0872], [55.724, 80.1047], [56.0122, 80.2039], [56.0244, 80.3413], [56.6551, 80.3303], [56.7072, 80.3633], [56.9445, 80.3662], [57.0787, 80.3509]]], [[[57.8103, 81.546], [57.8627, 81.5064], [58.436, 81.4642], [58.5639, 81.4184], [57.8587, 81.3681], [58.0153, 81.2548], [57.7697, 81.1697], [57.451, 81.1355], [56.8219, 81.2379], [56.5125, 81.1752], [56.192, 81.224], [55.7167, 81.1885], [55.466, 81.3112], [55.7819, 81.3294], [56.1568, 81.3031], [57.0915, 81.5412], [57.7166, 81.5646], [57.8103, 81.546]]], [[[54.7189, 81.116], [55.4707, 81.0199], [56.1701, 81.0292], [56.4723, 80.9982], [57.6941, 80.7923], [56.8147, 80.6636], [56.3155, 80.6329], [55.7125, 80.6373], [55.5406, 80.7033], [55.1172, 80.7519], [54.6682, 80.7387], [54.5328, 80.783], [54.0666, 80.8136], [54.0454, 80.872], [54.3673, 80.9038], [54.634, 81.1132], [54.7189, 81.116]]], [[[63.651, 81.6093], [62.885, 81.6089], [62.1064, 81.6793], [62.7949, 81.7189], [63.7096, 81.6873], [63.7824, 81.6498], [63.651, 81.6093]]], [[[58.2954, 81.7152], [57.9206, 81.7105], [58.1346, 81.828], [59.2618, 81.8542], [59.4085, 81.8254], [59.3564, 81.759], [58.2954, 81.7152]]], [[[92.6835, 79.6852], [92.1537, 79.6847], [91.3763, 79.8355], [91.1261, 79.9049], [91.0703, 79.9815], [91.2293, 80.0307], [92.1734, 80.0455], [93.8031, 79.9045], [93.6035, 79.8167], [92.9263, 79.7045], [92.6835, 79.6852]]], [[[91.5672, 81.1412], [91.2229, 81.0638], [89.9758, 81.1131], [89.9012, 81.1707], [90.0699, 81.2137], [91.4778, 81.1839], [91.5672, 81.1412]]], [[[141.0103, 73.9995], [140.4095, 73.9217], [140.1832, 74.0046], [140.1016, 74.1843], [140.1936, 74.2367], [140.4074, 74.2665], [140.9443, 74.2646], [141.0795, 74.2093], [141.0469, 74.0504], [141.0103, 73.9995]]], [[[142.1849, 73.8959], [142.6392, 73.8031], [143.3438, 73.5687], [143.464, 73.4589], [143.4515, 73.2313], [142.3422, 73.2529], [141.5967, 73.3108], [140.6628, 73.452], [139.7855, 73.3552], [139.6855, 73.4257], [140.3807, 73.483], [141.0848, 73.8659], [141.9318, 73.9149], [142.1849, 73.8959]]], [[[135.9486, 75.4096], [135.452, 75.3896], [135.6986, 75.8453], [135.9048, 75.6944], [136.1689, 75.6056], [135.9834, 75.5219], [136.0205, 75.4384], [135.9486, 75.4096]]], [[[136.1975, 73.9136], [136.1217, 73.885], [135.4024, 74.2017], [135.387, 74.2534], [135.6283, 74.2199], [136.2592, 73.985], [136.1975, 73.9136]]], [[[137.9405, 55.0926], [138.2062, 55.0335], [138.0965, 54.9909], [137.9595, 54.789], [137.7215, 54.6632], [137.6611, 54.6533], [137.4627, 54.8734], [137.2329, 54.7906], [137.2752, 54.891], [137.5773, 55.197], [137.9104, 55.1101], [137.9405, 55.0926]]], [[[169.2008, 69.5805], [168.9157, 69.5714], [168.348, 69.6644], [167.8213, 69.8196], [167.8647, 69.9011], [168.1963, 70.0084], [168.3579, 70.0157], [169.3748, 69.8826], [169.4182, 69.7792], [169.3324, 69.7696], [169.2458, 69.6011], [169.2008, 69.5805]]], [[[163.6352, 58.6034], [163.4714, 58.5094], [163.4272, 58.579], [163.5768, 58.6409], [163.7266, 58.7985], [163.7609, 59.015], [164.2021, 59.0962], [164.5174, 59.2268], [164.5727, 59.2211], [164.6616, 58.9708], [164.6157, 58.8856], [164.2788, 58.8381], [163.9601, 58.7437], [163.6352, 58.6034]]], [[[166.6503, 54.8391], [166.6451, 54.6941], [166.2299, 54.9365], [165.9919, 55.1905], [165.7511, 55.2945], [165.9313, 55.3515], [166.2758, 55.312], [166.248, 55.1654], [166.4043, 55.0056], [166.5773, 54.9077], [166.6503, 54.8391]]], [[[154.8104, 49.312], [154.7148, 49.2677], [154.6109, 49.294], [154.613, 49.3806], [154.8249, 49.6469], [154.8996, 49.6304], [154.8023, 49.4683], [154.8299, 49.3479], [154.8104, 49.312]]], [[[156.4051, 50.6576], [156.3258, 50.6391], [156.168, 50.7319], [156.3765, 50.8621], [156.4875, 50.843], [156.4831, 50.7512], [156.4051, 50.6576]]], [[[155.9211, 50.3022], [155.7924, 50.2021], [155.5164, 50.1456], [155.3972, 50.0413], [155.2431, 50.0946], [155.2184, 50.2979], [155.3268, 50.2933], [155.4339, 50.3689], [155.6802, 50.4007], [155.8848, 50.6841], [156.0017, 50.7569], [156.0969, 50.7719], [156.1229, 50.6713], [156.0444, 50.4518], [155.9211, 50.3022]]], [[[154.0813, 48.7903], [154.043, 48.7388], [154.0007, 48.7557], [154.1264, 48.9044], [154.2284, 48.8921], [154.2047, 48.8572], [154.0813, 48.7903]]], [[[155.6448, 50.8219], [155.5535, 50.8106], [155.4674, 50.9136], [155.5686, 50.9345], [155.6396, 50.9105], [155.6536, 50.8454], [155.6448, 50.8219]]], [[[153.1011, 47.7629], [153.0538, 47.7061], [152.9843, 47.7279], [153.0792, 47.8087], [153.1011, 47.7629]]], [[[152.0021, 46.8972], [151.8156, 46.7871], [151.7541, 46.7883], [151.7234, 46.8288], [151.7153, 46.8527], [151.8644, 46.869], [152.1658, 47.1104], [152.2889, 47.1422], [152.0021, 46.8972]]], [[[149.6877, 45.642], [149.4471, 45.5934], [149.6659, 45.8398], [149.7963, 45.8761], [149.9623, 46.0219], [150.3486, 46.2134], [150.5531, 46.2085], [150.2346, 46.0123], [150.195, 45.9332], [149.8834, 45.7832], [149.6877, 45.642]]], [[[148.5995, 45.3176], [148.2623, 45.2168], [147.9138, 44.9904], [147.7841, 44.9586], [147.6578, 44.9771], [147.5631, 44.8355], [147.3102, 44.6776], [147.2074, 44.5536], [147.0984, 44.5312], [146.8975, 44.4043], [146.9335, 44.5131], [147.1409, 44.6633], [147.1548, 44.7662], [147.2466, 44.8561], [147.4305, 44.9452], [147.7694, 45.1907], [147.8855, 45.2256], [147.8727, 45.3003], [147.924, 45.3833], [148.0561, 45.2621], [148.3242, 45.2824], [148.6123, 45.4847], [148.7727, 45.5265], [148.8262, 45.4861], [148.803, 45.4135], [148.8371, 45.3627], [148.7907, 45.324], [148.5995, 45.3176]]], [[[146.714, 43.7438], [146.683, 43.7164], [146.6086, 43.7405], [146.622, 43.813], [146.8246, 43.8605], [146.899, 43.8041], [146.714, 43.7438]]], [[[146.2076, 44.4977], [146.356, 44.4246], [146.5678, 44.4404], [146.5162, 44.3747], [146.4365, 44.3757], [146.2962, 44.281], [146.1123, 44.2459], [145.9141, 44.1037], [145.767, 43.9407], [145.5868, 43.8451], [145.5559, 43.6646], [145.4393, 43.7371], [145.4617, 43.8709], [145.7483, 44.0715], [146.1121, 44.5001], [146.2076, 44.4977]]], [[[113.3872, 74.4004], [113.2589, 74.2727], [112.7824, 74.0951], [112.1051, 74.1632], [111.643, 74.2729], [111.5034, 74.3531], [111.8798, 74.3638], [112.0845, 74.549], [113.2862, 74.441], [113.3872, 74.4004]]], [[[76.2489, 79.6511], [76.3726, 79.6152], [76.4674, 79.6432], [77.3602, 79.5568], [77.589, 79.5019], [76.6495, 79.4934], [76.6365, 79.5444], [76.1537, 79.5788], [76.1484, 79.6645], [76.2489, 79.6511]]], [[[80.0267, 80.8481], [79.0985, 80.8121], [78.9776, 80.8482], [79.2174, 80.9604], [79.8066, 80.9754], [80.4279, 80.9277], [80.3448, 80.8679], [80.0267, 80.8481]]], [[[70.6739, 73.095], [70.0407, 73.0372], [69.9201, 73.0845], [69.9959, 73.3594], [70.1496, 73.4447], [70.35, 73.4776], [70.9402, 73.5144], [71.2316, 73.4478], [71.5896, 73.2832], [71.6262, 73.174], [70.8867, 73.1196], [70.6739, 73.095]]], [[[77.6325, 72.2913], [77.1456, 72.2819], [76.8711, 72.317], [77.5787, 72.6309], [78.2791, 72.5532], [78.3529, 72.5043], [77.7809, 72.3085], [77.6325, 72.2913]]], [[[79.5015, 72.7219], [78.8806, 72.7516], [78.6332, 72.8507], [79.1643, 73.0943], [79.5413, 72.9187], [79.5379, 72.7693], [79.5015, 72.7219]]], [[[82.1724, 75.4194], [82.2216, 75.3505], [82.0501, 75.341], [81.9785, 75.2471], [81.8605, 75.3165], [81.6548, 75.2889], [81.5006, 75.3679], [81.7121, 75.4514], [81.9266, 75.41], [81.9128, 75.4977], [82.1656, 75.5156], [82.1724, 75.4194]]], [[[60.4505, 69.9349], [60.4402, 69.7259], [60.2159, 69.6877], [59.637, 69.721], [59.5026, 69.8662], [59.1442, 69.9219], [58.9527, 69.8928], [58.6342, 70.088], [58.473, 70.2668], [58.5199, 70.3183], [58.7942, 70.433], [59.048, 70.4605], [59.6363, 70.197], [60.3926, 69.9624], [60.4505, 69.9349]]], [[[20.9578, 55.2789], [20.5948, 54.9824], [20.8875, 54.9095], [21.1889, 54.9352], [21.2357, 55.2641], [21.3893, 55.2755], [21.5547, 55.1953], [22.0724, 55.0637], [22.5673, 55.0591], [22.6274, 54.9707], [22.8247, 54.8713], [22.6845, 54.5629], [22.7662, 54.3568], [19.6044, 54.4592], [19.8589, 54.6338], [19.9441, 54.75], [19.9745, 54.9212], [20.1076, 54.9565], [20.3967, 54.9513], [20.5203, 54.9949], [20.8998, 55.2867], [20.9578, 55.2789]]], [[[33.5941, 46.0962], [33.6543, 46.1462], [33.66, 46.2196], [33.8067, 46.2083], [34.0267, 46.1067], [34.2242, 46.1011], [34.354, 46.0616], [34.4499, 45.9657], [34.6869, 45.977], [34.7941, 45.8923], [34.7997, 45.7908], [35.0017, 45.7334], [35.2602, 45.4469], [35.4575, 45.3163], [35.558, 45.3109], [35.8335, 45.4016], [36.0129, 45.3717], [36.1705, 45.4531], [36.2903, 45.4567], [36.575, 45.3936], [36.4508, 45.2323], [36.3934, 45.0654], [36.2299, 45.026], [35.8701, 45.0053], [35.6775, 45.102], [35.4726, 45.0985], [35.3578, 44.9784], [35.1548, 44.8963], [35.0877, 44.8026], [34.7169, 44.8071], [34.4699, 44.7217], [34.2817, 44.5384], [34.0744, 44.4238], [33.91, 44.3876], [33.6559, 44.4332], [33.4507, 44.5537], [33.6122, 44.9078], [33.5552, 45.0977], [33.3925, 45.1878], [33.2615, 45.1708], [33.1869, 45.1948], [32.9187, 45.3481], [32.7727, 45.359], [32.6113, 45.3281], [32.508, 45.4038], [33.1423, 45.7492], [33.2801, 45.7652], [33.6648, 45.9471], [33.6367, 46.0329], [33.5941, 46.0962]]]]}}, {"type": "Feature", "properties": {"name": "San Marino", "iso3": "SMR", "label": [12.4647, 43.9367]}, "geometry": {"type": "MultiPolygon", "coordinates": [[[[12.4853, 43.9014], [12.4264, 43.8941], [12.3969, 43.9346], [12.4411, 43.9824], [12.5037, 43.9897], [12.5146, 43.953], [12.4853, 43.9014]]]]}}, {"type": "Feature", "properties": {"name": "Serbia", "iso3": "SRB", "label": [20.7554, 44.2476]}, "geometry": {"type": "MultiPolygon", "coordinates": [[[[21.3601, 44.8267], [21.5231, 44.7901], [21.6361, 44.7104], [21.9093, 44.6661], [22.027, 44.6199], [22.0931, 44.5419], [22.201, 44.5607], [22.3507, 44.6761], [22.4977, 44.7062], [22.7209, 44.6055], [22.7344, 44.5699], [22.554, 44.5403], [22.5023, 44.4896], [22.5307, 44.378], [22.6479, 44.3165], [22.7051, 44.2378], [22.6266, 44.1941], [22.5975, 44.0753], [22.4208, 44.0074], [22.3696, 43.7813], [22.5546, 43.4545], [22.7676, 43.3541], [22.9769, 43.188], [22.9423, 43.0971], [22.7062, 42.8839], [22.4668, 42.8425], [22.4362, 42.6291], [22.5324, 42.4812], [22.4221, 42.3289], [22.344, 42.314], [22.2397, 42.3582], [22.0521, 42.3046], [21.9041, 42.3221], [21.5625, 42.2475], [21.5189, 42.3284], [21.6099, 42.3875], [21.7529, 42.6698], [21.3906, 42.7514], [21.403, 42.8315], [21.2371, 42.9132], [21.057, 43.0917], [20.8444, 43.1734], [20.8006, 43.2611], [20.6231, 43.1986], [20.6576, 43.0999], [20.624, 43.0342], [20.4751, 42.953], [20.4688, 42.8579], [20.3443, 42.8279], [20.3399, 42.8929], [20.2685, 42.9354], [19.944, 43.0816], [19.6145, 43.1734], [19.4146, 43.3428], [19.2188, 43.45], [19.1943, 43.5333], [19.2545, 43.5844], [19.3604, 43.5935], [19.4513, 43.5621], [19.4951, 43.6429], [19.4882, 43.7036], [19.245, 43.965], [19.3053, 43.9934], [19.5495, 43.9871], [19.5838, 44.0435], [19.3389, 44.2258], [19.1283, 44.3303], [19.1324, 44.4838], [19.2919, 44.6968], [19.3568, 44.8585], [19.2368, 44.9143], [19.0071, 44.8692], [18.9955, 44.904], [19.0853, 44.9268], [19.1, 44.9738], [19.0629, 45.1372], [19.1297, 45.1517], [19.1369, 45.1962], [19.303, 45.1673], [19.3881, 45.173], [19.4, 45.2125], [19.0047, 45.3995], [19.0076, 45.4658], [19.0643, 45.515], [18.9179, 45.6008], [18.9473, 45.6558], [18.8391, 45.8357], [18.8936, 45.8655], [18.9054, 45.9317], [19.0873, 46.0162], [19.1463, 45.987], [19.2781, 46.0029], [19.5308, 46.1552], [19.6135, 46.1692], [20.2102, 46.126], [20.3586, 45.9755], [20.5812, 45.8695], [20.7093, 45.7353], [20.775, 45.7498], [20.794, 45.4679], [21.0238, 45.3215], [21.4314, 45.1925], [21.4902, 45.1479], [21.4207, 45.033], [21.3529, 45.009], [21.5323, 44.9007], [21.3579, 44.8618], [21.3601, 44.8267]]]]}}, {"type": "Feature", "properties": {"name": "Slovakia", "iso3": "SVK", "label": [19.6206, 48.8382]}, "geometry": {"type": "MultiPolygon", "coordinates": [[[[22.5387, 49.0727], [22.2952, 48.6858], [22.1429, 48.5685], [22.1113, 48.3934], [21.7215, 48.3466], [21.4514, 48.5522], [21.0673, 48.5059], [20.8666, 48.5457], [20.49, 48.5269], [20.3338, 48.2956], [19.9504, 48.1466], [19.8986, 48.1313], [19.6254, 48.2231], [19.5643, 48.2128], [19.467, 48.1107], [18.9142, 48.0508], [18.7919, 48.0003], [18.7501, 47.9395], [18.778, 47.8529], [18.7242, 47.7872], [17.7619, 47.7702], [17.6353, 47.8099], [17.3173, 47.9909], [17.0859, 48.0396], [16.8654, 48.3869], [16.9853, 48.6769], [17.1356, 48.8411], [17.1885, 48.8609], [17.4826, 48.8278], [17.7585, 48.8881], [17.9133, 48.9987], [18.0859, 49.0651], [18.1609, 49.2574], [18.3648, 49.3362], [18.5965, 49.4915], [18.9382, 49.4983], [18.9684, 49.3962], [19.1494, 49.4], [19.2502, 49.5114], [19.4416, 49.5977], [19.6303, 49.4066], [19.7739, 49.3722], [19.7566, 49.2044], [19.8022, 49.1923], [19.9161, 49.2214], [20.0576, 49.1813], [20.1637, 49.3164], [20.363, 49.3853], [20.6161, 49.3917], [20.7995, 49.3287], [20.9473, 49.3171], [21.0794, 49.4183], [21.3505, 49.4288], [21.6396, 49.412], [21.8901, 49.3435], [22.0201, 49.2095], [22.473, 49.0813], [22.5387, 49.0727]]]]}}, {"type": "Feature", "properties": {"name": "Slovenia", "iso3": "SVN", "label": [14.8437, 46.1232]}, "geometry": {"type": "MultiPolygon", "coordinates": [[[[16.5162, 46.4999], [16.3212, 46.5346], [16.2367, 46.4838], [16.2274, 46.3729], [16.0665, 46.3713], [15.9333, 46.2776], [15.6359, 46.2007], [15.5926, 46.14], [15.6662, 46.0485], [15.6521, 45.8622], [15.2771, 45.7326], [15.3537, 45.6599], [15.2836, 45.5797], [15.3395, 45.467], [15.2421, 45.4414], [14.9546, 45.4999], [14.7931, 45.4782], [14.5688, 45.6572], [14.3699, 45.4814], [14.0855, 45.4778], [13.9928, 45.5094], [13.8787, 45.4284], [13.6152, 45.4768], [13.5779, 45.5169], [13.7198, 45.5876], [13.8747, 45.6148], [13.7217, 45.7613], [13.5834, 45.8124], [13.6006, 45.9798], [13.4877, 45.9871], [13.4864, 46.0396], [13.6325, 46.1771], [13.421, 46.2123], [13.3782, 46.2616], [13.3995, 46.3175], [13.6797, 46.4629], [13.7, 46.5203], [14.5498, 46.3997], [14.8933, 46.6059], [15.217, 46.643], [15.4393, 46.6296], [15.7669, 46.7113], [15.9576, 46.6776], [15.9769, 46.8014], [16.0931, 46.8633], [16.2836, 46.8573], [16.3813, 46.6387], [16.5057, 46.5221], [16.5162, 46.4999]]]]}}, {"type": "Feature", "properties": {"name": "Spain", "iso3": "ESP", "label": [-3.9642, 40.9151]}, "geometry": {"type": "MultiPolygon", "coordinates": [[[[1.5939, 38.6721], [1.4058, 38.671], [1.402, 38.7114], [1.4363, 38.7682], [1.4969, 38.7119], [1.5927, 38.7015], [1.5939, 38.6721]]], [[[3.1453, 39.7901], [3.2411, 39.7567], [3.3959, 39.7773], [3.4489, 39.7612], [3.4618, 39.6978], [3.2447, 39.3866], [3.0729, 39.3013], [2.7998, 39.3851], [2.7006, 39.5421], [2.6341, 39.5562], [2.4995, 39.4779], [2.37, 39.5721], [2.3713, 39.6131], [2.9048, 39.9083], [3.1976, 39.9611], [3.1587, 39.8366], [3.1453, 39.7901]]], [[[4.2937, 39.8418], [3.8672, 39.9587], [3.8534, 40.063], [4.0592, 40.0751], [4.2258, 40.0324], [4.3221, 39.8975], [4.2937, 39.8418]]], [[[1.4452, 38.9187], [1.409, 38.8573], [1.2233, 38.9039], [1.3486, 39.0808], [1.5645, 39.121], [1.6236, 39.0388], [1.4945, 38.9325], [1.4452, 38.9187]]], [[[-1.794, 43.4073], [-1.7128, 43.307], [-1.4107, 43.2401], [-1.4805, 43.0711], [-1.4288, 43.0368], [-1.3705, 43.0376], [-1.3, 43.101], [-1.2854, 43.0596], [-1.1754, 43.0211], [-0.9338, 42.9495], [-0.7626, 42.9398], [-0.5864, 42.799], [-0.2993, 42.8253], [-0.0412, 42.6891], [0.2014, 42.7193], [0.2555, 42.6929], [0.6316, 42.6896], [0.6969, 42.8451], [1.3494, 42.6907], [1.4283, 42.5959], [1.4488, 42.4375], [1.7061, 42.5033], [1.9279, 42.4263], [1.9865, 42.3585], [2.2004, 42.4209], [2.6517, 42.3405], [2.7019, 42.4085], [2.8914, 42.4561], [3.2114, 42.4312], [3.3067, 42.289], [3.1664, 42.2565], [3.1504, 42.1625], [3.2381, 42.0822], [3.248, 41.9442], [3.0049, 41.7674], [2.3109, 41.4665], [2.0826, 41.2874], [1.0329, 41.0621], [0.7146, 40.8229], [0.7961, 40.8038], [0.8911, 40.7224], [0.7206, 40.6305], [0.5961, 40.6145], [0.3637, 40.319], [-0.0751, 39.8759], [-0.327, 39.5199], [-0.329, 39.4171], [-0.2049, 39.0626], [-0.0341, 38.8912], [0.1549, 38.8247], [0.2016, 38.7592], [-0.0527, 38.5857], [-0.3812, 38.4356], [-0.5208, 38.3173], [-0.5507, 38.2031], [-0.6468, 38.1519], [-0.6832, 37.992], [-0.8146, 37.7699], [-0.8231, 37.7116], [-0.7216, 37.6311], [-0.7719, 37.5962], [-1.3275, 37.5611], [-1.641, 37.387], [-1.7976, 37.2329], [-1.9393, 36.9459], [-2.1115, 36.7767], [-2.1877, 36.7455], [-2.3056, 36.8198], [-2.4528, 36.8312], [-2.5957, 36.8065], [-2.7875, 36.7147], [-3.1492, 36.7585], [-3.4312, 36.7079], [-3.8278, 36.7561], [-4.3668, 36.7181], [-4.4349, 36.7002], [-4.6741, 36.5064], [-4.9353, 36.5021], [-5.1715, 36.4238], [-5.3297, 36.2357], [-5.3609, 36.1349], [-5.4436, 36.1506], [-5.4625, 36.0738], [-5.6255, 36.0259], [-5.9607, 36.1817], [-6.0407, 36.1884], [-6.2263, 36.4265], [-6.2689, 36.5967], [-6.3841, 36.637], [-6.4123, 36.7289], [-6.3283, 36.8481], [-6.2168, 36.9136], [-6.3209, 36.9085], [-6.3962, 36.8316], [-6.4924, 36.9546], [-6.8846, 37.1942], [-6.8638, 37.2789], [-6.9747, 37.1984], [-7.4062, 37.1794], [-7.5035, 37.5855], [-7.4439, 37.7283], [-7.2922, 37.9064], [-7.1854, 38.0063], [-7.0229, 38.0447], [-6.9576, 38.1879], [-7.1064, 38.181], [-7.343, 38.4574], [-7.2815, 38.7146], [-7.046, 38.907], [-6.9979, 39.0564], [-7.043, 39.1071], [-7.1724, 39.1352], [-7.3058, 39.3381], [-7.3354, 39.4651], [-7.4451, 39.5362], [-7.5357, 39.6616], [-7.1177, 39.6817], [-7.0367, 39.714], [-6.9754, 39.7984], [-6.8961, 40.0218], [-7.0326, 40.1679], [-6.8102, 40.3431], [-6.8521, 40.4433], [-6.8359, 40.7775], [-6.9285, 41.0091], [-6.5659, 41.3037], [-6.2894, 41.455], [-6.2217, 41.5604], [-6.3081, 41.6422], [-6.5422, 41.6725], [-6.5575, 41.8741], [-6.6183, 41.9424], [-7.0305, 41.9506], [-7.1471, 41.9812], [-7.2096, 41.8953], [-7.4036, 41.8337], [-7.6931, 41.8885], [-7.9208, 41.8836], [-8.1525, 41.812], [-8.2248, 41.8959], [-8.13, 42.0182], [-8.2131, 42.1337], [-8.2661, 42.1374], [-8.5896, 42.0527], [-8.8523, 41.9269], [-8.8872, 42.1053], [-8.6909, 42.2742], [-8.8158, 42.2853], [-8.73, 42.4117], [-8.8121, 42.4701], [-8.8115, 42.6403], [-9.0331, 42.5938], [-9.0351, 42.6624], [-8.9272, 42.7986], [-9.0416, 42.814], [-9.2352, 42.9769], [-9.1781, 43.174], [-8.8737, 43.3344], [-8.6656, 43.3166], [-8.3555, 43.3968], [-8.2489, 43.4394], [-8.2889, 43.5396], [-8.2567, 43.5799], [-8.0047, 43.6944], [-7.8527, 43.707], [-7.6981, 43.7646], [-7.5946, 43.7273], [-7.5036, 43.7399], [-7.262, 43.5946], [-7.061, 43.554], [-6.9007, 43.5856], [-6.0801, 43.5949], [-5.8467, 43.6451], [-5.6658, 43.5825], [-5.3157, 43.5532], [-4.523, 43.4157], [-4.3128, 43.4147], [-3.8894, 43.4994], [-3.774, 43.4779], [-3.6046, 43.5195], [-3.0456, 43.3716], [-2.875, 43.4544], [-2.6071, 43.4127], [-2.3371, 43.328], [-1.9913, 43.3451], [-1.8285, 43.4008], [-1.794, 43.4073]]], [[[-16.3345, 28.3799], [-16.4182, 28.1514], [-16.5428, 28.0321], [-16.658, 28.0072], [-16.7947, 28.1492], [-16.9053, 28.3396], [-16.8431, 28.3761], [-16.5174, 28.4127], [-16.319, 28.5582], [-16.1236, 28.576], [-16.1191, 28.5283], [-16.3345, 28.3799]]], [[[-13.716, 28.9112], [-13.784, 28.8455], [-13.8599, 28.8691], [-13.8236, 29.0133], [-13.6501, 29.119], [-13.5351, 29.1443], [-13.4636, 29.2372], [-13.4229, 29.1975], [-13.4779, 29.0066], [-13.5547, 28.9602], [-13.716, 28.9112]]], [[[-14.1968, 28.1693], [-14.3326, 28.056], [-14.4918, 28.1009], [-14.3556, 28.1297], [-14.232, 28.2158], [-14.0034, 28.7067], [-13.8863, 28.7447], [-13.8271, 28.6912], [-13.8276, 28.5852], [-13.928, 28.2535], [-14.1968, 28.1693]]], [[[-15.4006, 28.1474], [-15.3892, 27.8747], [-15.4368, 27.8107], [-15.5594, 27.747], [-15.7103, 27.7841], [-15.8073, 27.8875], [-15.8095, 27.9945], [-15.7209, 28.0642], [-15.6828, 28.1541], [-15.4528, 28.1369], [-15.4155, 28.1593], [-15.4006, 28.1474]]], [[[-17.1847, 28.022], [-17.2739, 28.0383], [-17.3249, 28.1177], [-17.2586, 28.2032], [-17.1296, 28.156], [-17.1011, 28.0834], [-17.1847, 28.022]]], [[[-17.8879, 27.8096], [-17.9848, 27.6464], [-18.1605, 27.7615], [-18.0434, 27.7681], [-17.9245, 27.8501], [-17.8879, 27.8096]]], [[[-17.8343, 28.4932], [-17.8594, 28.4857], [-18.0008, 28.7583], [-17.9288, 28.8446], [-17.7976, 28.8468], [-17.7445, 28.7866], [-17.758, 28.5691], [-17.8343, 28.4932]]]]}}, {"type": "Feature", "properties": {"name": "Sweden", "iso3": "SWE", "label": [17.4596, 62.5565]}, "geometry": {"type": "MultiPolygon", "coordinates": [[[[19.0765, 57.8359], [18.9937, 57.8121], [18.9451, 57.7416], [18.8139, 57.7062], [18.7909, 57.4831], [18.9079, 57.3983], [18.7849, 57.3611], [18.6999, 57.2427], [18.4773, 57.163], [18.3402, 56.9782], [18.1464, 56.9205], [18.2854, 57.0832], [18.1051, 57.2719], [18.152, 57.3391], [18.1365, 57.5566], [18.5374, 57.8306], [18.7219, 57.8637], [18.8052, 57.8332], [18.8411, 57.9002], [18.9564, 57.9], [19.0765, 57.8359]]], [[[16.5285, 56.2905], [16.4316, 56.2437], [16.4123, 56.569], [16.6304, 56.8769], [16.7277, 56.902], [17.0254, 57.3451], [17.1177, 57.3198], [17.0504, 57.2805], [17.0535, 57.208], [16.778, 56.8052], [16.5285, 56.2905]]], [[[11.3883, 59.0365], [11.4707, 58.9095], [11.5436, 58.893], [11.6428, 58.9261], [11.7981, 59.2899], [11.6808, 59.5923], [11.8343, 59.6972], [11.9321, 59.8637], [12.1692, 59.9129], [12.4861, 60.1068], [12.5887, 60.4507], [12.2941, 61.0027], [12.7061, 61.0599], [12.8808, 61.3523], [12.5961, 61.5413], [12.1554, 61.7208], [12.3035, 62.2856], [12.1146, 62.5919], [12.1086, 62.9195], [12.2182, 63.0006], [11.9999, 63.2917], [12.2121, 63.4922], [12.1752, 63.5959], [12.7928, 64], [13.2035, 64.0751], [13.9605, 64.014], [14.0633, 64.0955], [14.148, 64.2603], [14.0776, 64.464], [13.6503, 64.5815], [14.4797, 65.3015], [14.6346, 65.7933], [14.5433, 66.1293], [15.04, 66.1675], [15.4838, 66.306], [15.4229, 66.4898], [16.4035, 67.055], [16.4343, 67.1551], [16.1274, 67.4258], [16.1936, 67.5052], [16.4571, 67.5518], [16.5741, 67.6196], [16.7836, 67.895], [17.3246, 68.1038], [17.9167, 67.9649], [18.1767, 68.2006], [18.1626, 68.5284], [18.303, 68.5554], [19.0526, 68.4927], [19.9698, 68.3564], [20.24, 68.4775], [19.9688, 68.542], [20.24, 68.6731], [20.348, 68.8487], [20.3371, 68.8997], [20.1167, 69.0209], [20.6222, 69.0369], [20.8951, 68.9798], [20.9186, 68.9069], [21.9975, 68.5206], [22.8541, 68.3673], [23.0979, 68.2576], [23.1825, 68.1366], [23.3186, 68.1303], [23.6389, 67.9544], [23.5019, 67.8752], [23.5413, 67.6143], [23.4549, 67.4603], [23.7336, 67.4229], [23.7749, 67.3286], [23.6261, 67.2339], [23.6415, 67.1294], [23.9886, 66.8105], [23.8655, 66.5766], [23.7012, 66.4808], [23.7003, 66.2526], [23.7515, 66.1912], [23.9073, 66.1482], [24.1555, 65.8053], [23.8905, 65.7822], [23.6914, 65.8285], [23.2211, 65.7861], [23.1023, 65.7354], [22.7466, 65.8709], [22.5386, 65.7943], [22.401, 65.8621], [22.2876, 65.7506], [22.254, 65.5976], [22.0862, 65.6109], [22.1476, 65.5529], [21.9201, 65.5324], [21.95, 65.4704], [21.8796, 65.424], [21.5655, 65.4081], [21.5234, 65.3586], [21.6092, 65.2614], [21.4104, 65.3174], [21.5739, 65.1258], [21.1382, 64.8087], [21.5196, 64.4631], [21.465, 64.3796], [21.0185, 64.178], [20.7627, 63.8678], [20.2047, 63.6625], [19.9137, 63.6105], [19.7221, 63.4633], [19.5023, 63.509], [19.4946, 63.4244], [19.3543, 63.4775], [19.2363, 63.3474], [19.0344, 63.2377], [18.8167, 63.2575], [18.859, 63.2066], [18.6064, 63.1783], [18.5307, 63.0635], [18.3442, 63.0321], [18.3129, 62.9964], [18.5021, 62.9889], [18.4631, 62.8959], [18.248, 62.8491], [18.17, 62.7894], [18.0744, 62.7907], [18.0936, 62.836], [17.9511, 62.8339], [17.8796, 62.8732], [17.9744, 62.721], [17.903, 62.6595], [18.0373, 62.6005], [17.6464, 62.4509], [17.4103, 62.5084], [17.3733, 62.4265], [17.429, 62.3347], [17.6337, 62.233], [17.5102, 62.1663], [17.3745, 61.8663], [17.4654, 61.6845], [17.1964, 61.7246], [17.2156, 61.6563], [17.1308, 61.5757], [17.251, 60.7008], [17.3599, 60.6408], [17.5931, 60.6277], [17.6611, 60.5352], [17.9558, 60.5898], [18.1625, 60.4079], [18.5575, 60.2536], [18.5354, 60.1529], [18.787, 60.0795], [18.8527, 60.0259], [18.9904, 59.8278], [18.9705, 59.7572], [18.2765, 59.4376], [17.9643, 59.3594], [17.9798, 59.3291], [18.1326, 59.3162], [18.2705, 59.3671], [18.5603, 59.3945], [18.6176, 59.3271], [18.4143, 59.2903], [18.2854, 59.1094], [17.4567, 58.8584], [17.3477, 58.7805], [16.9781, 58.6542], [16.3158, 58.6636], [16.2143, 58.6367], [16.7885, 58.5853], [16.9238, 58.4926], [16.652, 58.4343], [16.7699, 58.2143], [16.7001, 58.1608], [16.6949, 57.9175], [16.597, 57.9129], [16.5554, 57.8123], [16.6522, 57.5007], [16.476, 57.2651], [16.5279, 57.0682], [16.3487, 56.7093], [16.1507, 56.5008], [15.9967, 56.2226], [15.8267, 56.125], [15.6266, 56.1856], [15.3266, 56.1508], [14.782, 56.1619], [14.714, 56.1341], [14.7548, 56.0332], [14.6556, 56.0199], [14.5586, 56.0486], [14.402, 55.9768], [14.215, 55.8326], [14.2029, 55.7291], [14.3417, 55.5277], [14.1737, 55.3966], [13.8063, 55.4286], [13.3214, 55.3464], [12.8858, 55.4114], [12.9739, 55.7481], [12.4712, 56.2905], [12.7063, 56.235], [12.8017, 56.2639], [12.6564, 56.4406], [12.8574, 56.4524], [12.9195, 56.5156], [12.8837, 56.6177], [12.7176, 56.6628], [12.5727, 56.8233], [12.4215, 56.9064], [12.1519, 57.227], [12.0532, 57.447], [11.9615, 57.4261], [11.8787, 57.6794], [11.735, 57.7177], [11.7032, 57.9732], [11.549, 58.0012], [11.4493, 58.1184], [11.4315, 58.34], [11.33, 58.3803], [11.2482, 58.3691], [11.1472, 58.9886], [11.1958, 59.0783], [11.2953, 59.0869], [11.3883, 59.0365]]], [[[19.1563, 57.9226], [19.1384, 57.8603], [19.0865, 57.865], [19.0393, 57.911], [19.1349, 57.9813], [19.3314, 57.9629], [19.1563, 57.9226]]], [[[18.4162, 59.0291], [18.3499, 59.0226], [18.3772, 59.069], [18.4855, 59.1046], [18.4162, 59.0291]]], [[[18.5954, 59.4704], [18.5703, 59.4373], [18.5724, 59.5258], [18.6984, 59.5346], [18.6238, 59.4922], [18.5954, 59.4704]]]]}}, {"type": "Feature", "properties": {"name": "Switzerland", "iso3": "CHE", "label": [8.313, 46.7416]}, "geometry": {"type": "MultiPolygon", "coordinates": [[[[9.524, 47.5242], [9.6259, 47.467], [9.4843, 47.1727], [9.4877, 47.0623], [9.8453, 47.0074], [9.8777, 46.9377], [10.1335, 46.8515], [10.3494, 46.9848], [10.4149, 46.9644], [10.4546, 46.8994], [10.3979, 46.665], [10.4307, 46.55], [10.2723, 46.5648], [10.1955, 46.6211], [10.087, 46.5999], [10.0383, 46.4832], [10.1283, 46.2382], [10.041, 46.2381], [9.9393, 46.3618], [9.6395, 46.2959], [9.5287, 46.3062], [9.4276, 46.4823], [9.3044, 46.4956], [9.2602, 46.4752], [9.2511, 46.2868], [9.003, 46.0149], [9.0467, 45.8756], [8.9537, 45.83], [8.778, 45.9962], [8.8186, 46.0771], [8.6417, 46.1108], [8.4584, 46.2459], [8.4226, 46.446], [8.3707, 46.4451], [8.0957, 46.271], [8.1252, 46.1609], [7.9932, 46.0159], [7.7879, 45.9218], [7.5386, 45.9782], [7.129, 45.8804], [7.0558, 45.9038], [6.7721, 46.1651], [6.8168, 46.2752], [6.7581, 46.4158], [6.4289, 46.4305], [6.2347, 46.3326], [6.2729, 46.2522], [6.1994, 46.1931], [6.0866, 46.147], [5.9715, 46.1512], [5.97, 46.2147], [6.0959, 46.2794], [6.1232, 46.3786], [6.0603, 46.4282], [6.1607, 46.611], [6.4102, 46.7554], [6.4562, 46.9483], [6.6669, 47.0265], [6.9521, 47.2672], [7.0006, 47.3395], [6.9004, 47.3942], [6.9684, 47.4532], [7.136, 47.4898], [7.2031, 47.4327], [7.3432, 47.4331], [7.6156, 47.5927], [7.9271, 47.5639], [8.1982, 47.6069], [8.454, 47.5962], [8.5671, 47.6519], [8.4518, 47.6518], [8.4034, 47.6878], [8.4357, 47.7313], [8.5727, 47.7756], [8.7283, 47.7], [8.8312, 47.7036], [8.8812, 47.6564], [9.1828, 47.6707], [9.35, 47.5989], [9.524, 47.5242]]]]}}, {"type": "Feature", "properties": {"name": "Ukraine", "iso3": "UKR", "label": [30.994, 48.7602]}, "geometry": {"type": "MultiPolygon", "coordinates": [[[[38.2144, 47.0915], [37.5434, 47.0746], [37.3398, 46.9169], [37.0476, 46.8762], [36.7948, 46.7144], [36.6887, 46.7641], [36.5588, 46.7627], [36.2795, 46.6586], [36.0249, 46.6668], [35.8271, 46.6243], [35.4002, 46.3814], [35.2044, 46.1692], [35.0146, 46.106], [35.2802, 46.2795], [35.292, 46.3707], [35.2304, 46.4406], [35.0641, 46.2672], [34.8496, 46.1899], [34.8573, 45.9874], [35.0017, 45.7334], [34.9464, 45.7287], [34.7997, 45.7908], [34.7941, 45.8923], [34.6869, 45.977], [34.4499, 45.9657], [34.354, 46.0616], [34.2242, 46.1011], [34.0267, 46.1067], [33.8067, 46.2083], [33.66, 46.2196], [33.6543, 46.1462], [33.5941, 46.0962], [33.4299, 46.0576], [33.2022, 46.1757], [32.4768, 46.0837], [32.0357, 46.261], [31.8313, 46.2817], [31.78, 46.3247], [31.9917, 46.3644], [32.0085, 46.43], [31.7137, 46.4718], [31.5549, 46.5543], [32.3613, 46.475], [32.578, 46.6156], [32.3541, 46.5648], [32.1272, 46.5972], [32.0443, 46.6425], [31.9449, 46.7844], [31.9396, 46.982], [31.8382, 47.1572], [31.7592, 47.2128], [31.9127, 46.9261], [31.8729, 46.6498], [31.7796, 46.6316], [31.5321, 46.6647], [31.5634, 46.7773], [31.4029, 46.6288], [31.1368, 46.6245], [30.7963, 46.552], [30.6567, 46.2665], [30.219, 45.8667], [29.8212, 45.7321], [29.6851, 45.7547], [29.6284, 45.7225], [29.6012, 45.6], [29.6703, 45.5407], [29.727, 45.3433], [29.7059, 45.2599], [29.5677, 45.3708], [29.4037, 45.4197], [29.2235, 45.4029], [28.8943, 45.2899], [28.7817, 45.3099], [28.7607, 45.2341], [28.4513, 45.2922], [28.3177, 45.3471], [28.2125, 45.4504], [28.3104, 45.4986], [28.499, 45.5177], [28.4916, 45.6658], [28.7293, 45.852], [28.7388, 45.9372], [28.9478, 46.05], [29.0063, 46.1765], [28.9306, 46.3623], [28.9584, 46.4585], [29.1862, 46.524], [29.2046, 46.3793], [29.3049, 46.4666], [29.6149, 46.3988], [29.7068, 46.4487], [29.8379, 46.3505], [30.0757, 46.3778], [30.1311, 46.4231], [29.9243, 46.5389], [29.9425, 46.7238], [29.8778, 46.8289], [29.572, 46.964], [29.5109, 47.128], [29.5392, 47.271], [29.3834, 47.328], [29.1349, 47.4897], [29.2111, 47.775], [29.1948, 47.8824], [29.1254, 47.9646], [28.9733, 47.933], [28.9231, 47.9511], [28.7738, 48.1196], [28.5305, 48.1503], [28.4631, 48.0905], [28.423, 48.1469], [28.3405, 48.1444], [28.3472, 48.213], [28.291, 48.2386], [28.0885, 48.257], [28.0385, 48.3213], [27.82, 48.4163], [27.5492, 48.4777], [27.4038, 48.4156], [27.3369, 48.4327], [27.2285, 48.3714], [26.8471, 48.3872], [26.6189, 48.2599], [26.3057, 48.2038], [26.1627, 47.9925], [25.4643, 47.9108], [25.1696, 47.8231], [25.0738, 47.7457], [24.8934, 47.7178], [24.5789, 47.9311], [24.4841, 47.9471], [24.1777, 47.9061], [23.669, 47.9923], [23.4082, 47.99], [23.1395, 48.0874], [23.0548, 48.0065], [22.8767, 47.9473], [22.8572, 48.0295], [22.7691, 48.1096], [22.5824, 48.134], [22.5201, 48.2054], [22.3502, 48.2561], [22.2537, 48.4074], [22.1318, 48.4053], [22.1429, 48.5685], [22.2952, 48.6858], [22.5387, 49.0727], [22.8098, 49.0208], [22.8397, 49.0389], [22.8471, 49.0812], [22.7057, 49.1712], [22.7324, 49.2952], [22.6494, 49.539], [22.7062, 49.6062], [23.0363, 49.8991], [23.7117, 50.3773], [23.9727, 50.4101], [24.0899, 50.5305], [24.0947, 50.617], [23.9784, 50.7856], [24.1058, 50.845], [24.0958, 50.8728], [23.9857, 50.9404], [23.8635, 51.1262], [23.6645, 51.3101], [23.6797, 51.3949], [23.6053, 51.5179], [23.6086, 51.6105], [23.7917, 51.6371], [23.9783, 51.5913], [24.2801, 51.7747], [24.3619, 51.8675], [25.2672, 51.9377], [25.9253, 51.9135], [26.7734, 51.7707], [27.142, 51.7521], [27.2963, 51.5974], [27.6014, 51.6016], [27.6897, 51.5724], [27.7, 51.478], [27.8586, 51.5924], [28.0107, 51.5598], [28.1838, 51.6079], [28.599, 51.5426], [28.6478, 51.4565], [28.7312, 51.4334], [28.8495, 51.5402], [29.1021, 51.6275], [29.3465, 51.3826], [29.5531, 51.4346], [30.1607, 51.4779], [30.309, 51.3996], [30.3334, 51.3255], [30.5445, 51.265], [30.6325, 51.3554], [30.533, 51.5963], [30.5839, 51.689], [30.7553, 51.8952], [30.9807, 52.0462], [31.0793, 52.077], [31.218, 52.0502], [31.346, 52.1054], [31.5737, 52.1081], [32.1223, 52.0506], [32.2828, 52.114], [32.363, 52.2721], [32.4354, 52.3072], [32.8064, 52.2526], [33.1484, 52.3404], [33.7353, 52.3448], [33.9221, 52.2515], [34.1131, 51.9796], [34.3979, 51.7804], [34.3793, 51.7165], [34.1211, 51.6791], [34.2009, 51.5538], [34.2299, 51.3632], [34.275, 51.3402], [34.2139, 51.2554], [34.491, 51.2371], [34.7123, 51.1722], [35.0641, 51.2034], [35.1581, 51.061], [35.3119, 51.0439], [35.3147, 50.9499], [35.4401, 50.7277], [35.3917, 50.6109], [35.4116, 50.5397], [35.5911, 50.3687], [35.6737, 50.346], [35.8902, 50.4371], [36.1164, 50.4085], [36.3061, 50.2805], [36.4998, 50.2805], [36.6194, 50.2092], [36.7591, 50.2918], [37.4229, 50.4115], [37.5823, 50.2918], [37.7042, 50.1091], [38.0469, 49.92], [38.1468, 49.9394], [38.1775, 50.0254], [38.2586, 50.0523], [38.4512, 49.9641], [38.6478, 49.9529], [38.9184, 49.8247], [39.1748, 49.856], [39.3029, 49.742], [39.4628, 49.728], [39.7806, 49.572], [40.0307, 49.5967], [40.0807, 49.5769], [40.0578, 49.4315], [40.1262, 49.3688], [40.1088, 49.2516], [39.8897, 49.0641], [39.6865, 49.0079], [39.7533, 48.9145], [39.9892, 48.8514], [40.0036, 48.8221], [39.9041, 48.7938], [39.7929, 48.8077], [39.7046, 48.7394], [39.6447, 48.5912], [39.8356, 48.5428], [39.8898, 48.3604], [39.8475, 48.3028], [39.9579, 48.2689], [39.7758, 47.9645], [39.7787, 47.8875], [39.7359, 47.8448], [38.8223, 47.837], [38.6406, 47.6659], [38.3688, 47.61], [38.2874, 47.5592], [38.2014, 47.3208], [38.2808, 47.259], [38.2059, 47.1356], [38.2144, 47.0915]]], [[[32.0122, 46.2039], [32.1501, 46.1547], [31.5639, 46.2578], [31.5088, 46.3731], [31.6385, 46.2726], [32.0122, 46.2039]]]]}}, {"type": "Feature", "properties": {"name": "United Kingdom", "iso3": "GBR", "label": [-3.2142, 54.2254]}, "geometry": {"type": "MultiPolygon", "coordinates": [[[[-2.6677, 51.623], [-2.9785, 51.5389], [-3.2931, 51.3904], [-3.5624, 51.4138], [-3.8908, 51.5917], [-4.2346, 51.5691], [-4.091, 51.6599], [-4.2762, 51.6825], [-4.3863, 51.7411], [-4.6008, 51.7376], [-4.9023, 51.6263], [-5.1248, 51.7059], [-5.2006, 51.8614], [-5.2623, 51.8802], [-5.0881, 51.9959], [-4.3832, 52.1973], [-4.1494, 52.3263], [-3.9803, 52.5417], [-4.0789, 52.6079], [-4.0393, 52.7041], [-4.1175, 52.82], [-4.1015, 52.9155], [-4.3564, 52.8974], [-4.6831, 52.8062], [-4.6383, 52.8911], [-4.4051, 53.0138], [-4.2686, 53.1445], [-4.111, 53.2189], [-3.7642, 53.3076], [-3.6459, 53.2979], [-3.3262, 53.3472], [-3.0976, 53.2603], [-3.1656, 53.3947], [-3.0647, 53.4269], [-2.9186, 53.3054], [-2.7495, 53.3102], [-2.9131, 53.3502], [-3.0646, 53.5128], [-3.0595, 53.5862], [-2.9251, 53.7328], [-3.0318, 53.7736], [-3.0454, 53.8438], [-3.0268, 53.9059], [-2.8999, 53.9607], [-2.8676, 54.1772], [-3.166, 54.1279], [-3.5694, 54.4676], [-3.592, 54.5644], [-3.4646, 54.7731], [-3.2679, 54.9066], [-3.0362, 54.9531], [-3.5504, 54.9474], [-3.9579, 54.781], [-4.133, 54.7792], [-4.2534, 54.8468], [-4.5175, 54.7584], [-4.8181, 54.8461], [-4.9112, 54.6895], [-5.1355, 54.8575], [-5.1727, 54.9859], [-5.1167, 55.0123], [-5.0559, 54.9881], [-4.6768, 55.5013], [-4.7242, 55.5983], [-4.8918, 55.6991], [-4.8717, 55.8739], [-4.8068, 55.9401], [-4.5841, 55.9387], [-4.8441, 56.0512], [-4.8003, 56.1583], [-4.9271, 56.0281], [-5.0928, 55.9873], [-5.2282, 55.8863], [-5.2229, 56.0658], [-4.997, 56.2334], [-5.4104, 55.9954], [-5.3858, 55.7701], [-5.5564, 55.3896], [-5.6465, 55.3269], [-5.7682, 55.3626], [-5.6813, 55.624], [-5.5045, 55.8024], [-5.6229, 55.8131], [-5.6096, 56.0553], [-5.535, 56.2508], [-5.3919, 56.5148], [-5.1884, 56.7581], [-5.6524, 56.532], [-5.8648, 56.5619], [-5.9689, 56.6899], [-6.1328, 56.718], [-6.0347, 56.7639], [-5.8776, 56.7796], [-5.7306, 56.8531], [-5.8614, 56.9027], [-5.7363, 56.9606], [-5.5913, 57.1023], [-5.5619, 57.2327], [-5.6563, 57.3341], [-5.7949, 57.3788], [-5.8181, 57.4361], [-5.7567, 57.4992], [-5.5818, 57.5468], [-5.6788, 57.5717], [-5.7424, 57.6437], [-5.6947, 57.7782], [-5.6083, 57.8813], [-5.349, 57.8781], [-5.2898, 57.9046], [-5.1572, 57.8813], [-5.4132, 58.0697], [-5.3383, 58.2387], [-5.0083, 58.2626], [-5.0806, 58.3452], [-5.076, 58.4893], [-5.0167, 58.5666], [-4.9247, 58.5884], [-4.8096, 58.5729], [-4.7154, 58.51], [-4.4919, 58.5685], [-4.4333, 58.5128], [-3.2591, 58.65], [-3.0531, 58.6348], [-3.1129, 58.4089], [-3.2124, 58.3212], [-3.99, 57.959], [-4.0356, 57.852], [-3.8571, 57.8186], [-4.0784, 57.6771], [-4.1345, 57.5777], [-3.2945, 57.7102], [-3.036, 57.6723], [-2.0741, 57.7024], [-1.8674, 57.6124], [-1.7807, 57.474], [-2.0203, 57.2589], [-2.2603, 56.8633], [-2.501, 56.6366], [-2.681, 56.5144], [-3.0474, 56.4494], [-3.31, 56.3635], [-2.8852, 56.3975], [-2.6527, 56.3183], [-2.6743, 56.2534], [-2.7676, 56.2021], [-2.9798, 56.1941], [-3.1782, 56.0801], [-3.3623, 56.0276], [-3.7891, 56.0952], [-3.6078, 56.016], [-3.0487, 55.952], [-2.8369, 56.0263], [-2.5993, 56.0273], [-2.1471, 55.903], [-1.6554, 55.5704], [-1.2324, 54.7037], [-0.6714, 54.5039], [-0.0844, 54.1181], [-0.2056, 54.0217], [0.1153, 53.6093], [-0.0737, 53.6437], [-0.27, 53.7368], [-0.6599, 53.724], [-0.2937, 53.6923], [0.1283, 53.4683], [0.271, 53.3355], [0.3558, 53.16], [0.0459, 52.9056], [0.2798, 52.8087], [0.3819, 52.8252], [0.5588, 52.9669], [1.0556, 52.959], [1.3821, 52.8935], [1.6567, 52.7537], [1.7161, 52.6772], [1.7466, 52.469], [1.559, 52.0869], [1.3168, 51.9569], [1.2324, 51.9712], [1.2744, 51.8454], [1.1885, 51.8034], [0.9551, 51.8078], [0.7522, 51.7296], [0.898, 51.6894], [0.8909, 51.5714], [0.4245, 51.4656], [0.5283, 51.4845], [0.6865, 51.3866], [0.8894, 51.3595], [1.4149, 51.3633], [1.3976, 51.182], [1.0444, 51.0473], [0.9602, 50.9259], [0.7724, 50.934], [0.2051, 50.763], [-0.2039, 50.8144], [-0.7853, 50.7654], [-1.4165, 50.8969], [-1.3345, 50.8208], [-1.5167, 50.7475], [-2.0311, 50.7254], [-1.9621, 50.6278], [-2.0358, 50.6031], [-2.3501, 50.6374], [-2.4334, 50.5992], [-2.777, 50.7056], [-2.9994, 50.7166], [-3.4046, 50.6324], [-3.5844, 50.3218], [-3.6798, 50.2399], [-3.7934, 50.2292], [-4.1946, 50.3933], [-4.728, 50.2905], [-5.0095, 50.1607], [-5.1185, 50.0383], [-5.2252, 50.0214], [-5.434, 50.1044], [-5.6221, 50.0507], [-5.6562, 50.1319], [-5.5707, 50.197], [-5.3423, 50.2461], [-5.0044, 50.4953], [-4.8936, 50.5337], [-4.5829, 50.7764], [-4.5231, 50.9774], [-4.2965, 51.0271], [-4.1882, 51.1885], [-3.8423, 51.2309], [-3.136, 51.205], [-2.4331, 51.7407], [-2.5394, 51.6952], [-2.6677, 51.623]]], [[[-4.1968, 53.3214], [-4.0494, 53.3058], [-4.373, 53.1342], [-4.472, 53.1764], [-4.5532, 53.2604], [-4.5679, 53.3865], [-4.3151, 53.4172], [-4.1968, 53.3214]]], [[[-2.5489, 59.2313], [-2.6621, 59.2302], [-2.6036, 59.2893], [-2.407, 59.2976], [-2.4298, 59.271], [-2.5489, 59.2313]]], [[[-1.0425, 60.5139], [-1.1655, 60.6039], [-1.0933, 60.7202], [-1.0056, 60.7165], [-0.9917, 60.686], [-1.049, 60.6469], [-1.0342, 60.5302], [-1.0425, 60.5139]]], [[[-1.3081, 60.5375], [-1.2874, 60.467], [-1.2357, 60.4853], [-1.1578, 60.4177], [-1.0524, 60.4445], [-1.1993, 60.0066], [-1.2995, 59.8787], [-1.3559, 59.9111], [-1.2909, 60.1535], [-1.3228, 60.1884], [-1.4815, 60.1734], [-1.4991, 60.2218], [-1.6414, 60.2368], [-1.6638, 60.2825], [-1.3746, 60.3329], [-1.4496, 60.4686], [-1.5718, 60.4944], [-1.4142, 60.5987], [-1.3017, 60.6077], [-1.3081, 60.5375]]], [[[-0.7743, 60.812], [-0.8255, 60.6839], [-0.9091, 60.687], [-0.9275, 60.7972], [-0.8018, 60.8312], [-0.7743, 60.812]]], [[[-3.1649, 58.7942], [-3.2788, 58.7819], [-3.3947, 58.9096], [-3.2719, 58.9053], [-3.1585, 58.8012], [-3.1649, 58.7942]]], [[[-2.9294, 58.7416], [-3.0354, 58.8227], [-2.8964, 58.8276], [-2.9131, 58.7996], [-2.9294, 58.7416]]], [[[-3.0574, 59.0296], [-3.0707, 59.005], [-2.8179, 58.9819], [-2.7625, 58.9558], [-2.793, 58.9069], [-2.8638, 58.8905], [-2.9948, 58.9394], [-3.1666, 58.9191], [-3.2421, 58.9997], [-3.3043, 58.9674], [-3.3471, 58.9867], [-3.3104, 59.1308], [-3.1565, 59.1363], [-3.02, 59.0577], [-3.0574, 59.0296]]], [[[-2.7294, 59.1868], [-2.8152, 59.1619], [-2.8614, 59.2468], [-3.0135, 59.2915], [-3.0422, 59.3338], [-2.9755, 59.3471], [-2.7199, 59.2195], [-2.7294, 59.1868]]], [[[-6.6076, 56.585], [-6.6686, 56.5936], [-6.5061, 56.6724], [-6.5301, 56.6266], [-6.6076, 56.585]]], [[[-5.1054, 55.4488], [-5.3315, 55.4811], [-5.3927, 55.6184], [-5.3181, 55.7092], [-5.1854, 55.691], [-5.0947, 55.4943], [-5.1054, 55.4488]]], [[[-5.7779, 56.3443], [-6.3134, 56.2937], [-6.2985, 56.3392], [-6.1849, 56.3569], [-6.1389, 56.4906], [-6.3106, 56.5521], [-6.3063, 56.5988], [-6.1027, 56.6457], [-5.9467, 56.5345], [-5.7608, 56.4907], [-5.7779, 56.3443]]], [[[-6.1289, 55.9306], [-6.0553, 55.6953], [-6.0884, 55.6575], [-6.3051, 55.6069], [-6.2864, 55.7725], [-6.4957, 55.7116], [-6.4132, 55.8546], [-6.3113, 55.8565], [-6.2157, 55.9046], [-6.1289, 55.9306]]], [[[-5.9701, 55.8146], [-6.0416, 55.8068], [-6.072, 55.8931], [-5.9118, 55.9748], [-5.9703, 55.9922], [-5.9391, 56.0453], [-5.7251, 56.1186], [-5.7972, 56.0056], [-5.9701, 55.8146]]], [[[-6.1987, 58.3633], [-6.3258, 58.1889], [-6.5546, 58.0929], [-6.4034, 58.0759], [-6.4252, 58.0213], [-6.9831, 57.75], [-7.0834, 57.8138], [-6.8568, 57.9235], [-7.0571, 58.0032], [-6.9853, 58.0505], [-7.0769, 58.079], [-7.0853, 58.1822], [-7.0121, 58.2287], [-6.8862, 58.1826], [-6.7265, 58.1894], [-6.7877, 58.2839], [-6.7423, 58.3216], [-6.2375, 58.5028], [-6.1942, 58.4351], [-6.1987, 58.3633]]], [[[-6.2791, 56.9647], [-6.3462, 56.9543], [-6.4326, 57.0179], [-6.3224, 57.0505], [-6.2605, 56.9853], [-6.2791, 56.9647]]], [[[-6.1447, 57.505], [-6.1355, 57.3143], [-6.0676, 57.2835], [-5.6725, 57.2527], [-5.6962, 57.1984], [-5.9491, 57.0452], [-6.0147, 57.052], [-6.0344, 57.2012], [-6.3227, 57.2025], [-6.4424, 57.3275], [-6.6754, 57.3629], [-6.7611, 57.4424], [-6.7042, 57.4958], [-6.583, 57.5071], [-6.6168, 57.5627], [-6.3785, 57.6033], [-6.3577, 57.6668], [-6.2469, 57.6512], [-6.1661, 57.5853], [-6.1447, 57.505]]], [[[-7.2056, 57.683], [-7.0928, 57.6267], [-7.1826, 57.5333], [-7.3206, 57.5337], [-7.5147, 57.602], [-7.4703, 57.6525], [-7.2712, 57.6575], [-7.2056, 57.683]]], [[[-7.2499, 57.1153], [-7.3815, 57.1307], [-7.4105, 57.3811], [-7.2671, 57.3718], [-7.2476, 57.1264], [-7.2499, 57.1153]]], [[[-7.4169, 56.9654], [-7.5374, 56.9597], [-7.5229, 57.0068], [-7.4555, 57.0189], [-7.3989, 56.9834], [-7.4169, 56.9654]]], [[[-6.218, 54.0887], [-6.6498, 54.0586], [-6.6469, 54.1634], [-6.8026, 54.2144], [-6.8772, 54.3291], [-7.0077, 54.4067], [-7.2026, 54.3018], [-7.1555, 54.2395], [-7.3245, 54.1334], [-7.6065, 54.1438], [-7.8549, 54.2153], [-7.8845, 54.2838], [-8.1448, 54.4535], [-7.7544, 54.5949], [-7.9106, 54.6983], [-7.7375, 54.7104], [-7.5504, 54.768], [-7.3769, 55.0277], [-7.2187, 55.092], [-7.1006, 55.0483], [-6.9472, 55.1825], [-6.475, 55.241], [-6.1292, 55.2174], [-5.8692, 54.9162], [-5.7168, 54.8175], [-5.7107, 54.7571], [-5.8791, 54.6844], [-5.8786, 54.6413], [-5.7386, 54.673], [-5.5825, 54.6634], [-5.4704, 54.5002], [-5.4839, 54.4417], [-5.6711, 54.5498], [-5.656, 54.3817], [-5.5578, 54.371], [-5.6068, 54.2726], [-5.8262, 54.2358], [-5.9377, 54.0891], [-6.019, 54.0513], [-6.1195, 54.0589], [-6.218, 54.0887]]], [[[-1.0656, 50.6902], [-1.2515, 50.5888], [-1.5634, 50.6661], [-1.3128, 50.7735], [-1.1442, 50.7347], [-1.0656, 50.6902]]]]}}, {"type": "Feature", "properties": {"name": "Vatican", "iso3": "VAT", "label": [12.4342, 41.9011]}, "geometry": {"type": "MultiPolygon", "coordinates": [[[[12.4392, 41.8984], [12.4306, 41.8976], [12.4275, 41.9007], [12.4306, 41.9055], [12.4384, 41.9062], [12.4392, 41.8984]]]]}}, {"type": "Feature", "properties": {"name": "\u00c5land", "iso3": "ALA", "label": [19.9541, 60.2668]}, "geometry": {"type": "MultiPolygon", "coordinates": [[[[19.9896, 60.3512], [20.0874, 60.3534], [20.2589, 60.2613], [20.1947, 60.1936], [20.0426, 60.1807], [20.034, 60.0936], [19.7998, 60.0817], [19.746, 60.099], [19.6869, 60.2676], [19.779, 60.2855], [19.7853, 60.2134], [19.8477, 60.2206], [19.8716, 60.3016], [19.7878, 60.3541], [19.8883, 60.4058], [19.9445, 60.3575], [19.9896, 60.3512]]], [[[19.6623, 60.1872], [19.5799, 60.1351], [19.5365, 60.145], [19.5514, 60.2438], [19.6288, 60.2461], [19.6623, 60.1872]]], [[[20.6113, 60.0407], [20.5218, 60.0117], [20.3979, 60.0407], [20.5691, 60.0696], [20.6113, 60.0407]]]]}}]}