{"type": "FeatureCollection", "features": [{"type": "Feature", "properties": {"name": "Anguilla", "iso3": "AIA", "label": [-63.0536, 18.225]}, "geometry": {"type": "MultiPolygon", "coordinates": [[[[-63.0012, 18.2218], [-63.16, 18.1714], [-63.026, 18.2697], [-62.9796, 18.2648], [-63.0012, 18.2218]]]]}}, {"type": "Feature", "properties": {"name": "Antigua and Barb.", "iso3": "ATG", "label": [-61.7617, 17.073]}, "geometry": {"type": "MultiPolygon", "coordinates": [[[[-61.7161, 17.037], [-61.7481, 16.9972], [-61.8597, 17.0133], [-61.8871, 17.0981], [-61.8173, 17.1689], [-61.686, 17.0984], [-61.695, 17.0489], [-61.7161, 17.037]]], [[[-61.7471, 17.575], [-61.762, 17.5487], [-61.8438, 17.5961], [-61.8662, 17.7043], [-61.7496, 17.6613], [-61.7471, 17.575]]]]}}, {"type": "Feature", "properties": {"name": "Aruba", "iso3": "ABW", "label": [-69.9677, 12.5072]}, "geometry": {"type": "MultiPolygon", "coordinates": [[[[-69.8991, 12.452], [-69.8957, 12.423], [-69.9422, 12.4385], [-70.0661, 12.547], [-70.0351, 12.6141], [-69.9118, 12.4805], [-69.8991, 12.452]]]]}}, {"type": "Feature", "properties": {"name": "Bahamas", "iso3": "BHS", "label": [-78.0735, 24.6796]}, "geometry": {"type": "MultiPolygon", "coordinates": [[[[-77.6577, 24.2495], [-77.7553, 24.1635], [-77.6833, 24.1185], [-77.6154, 24.2164], [-77.5615, 24.1368], [-77.5187, 23.8694], [-77.5737, 23.7392], [-77.7713, 23.7525], [-77.7758, 23.8624], [-77.8522, 24.0404], [-77.9999, 24.2198], [-77.95, 24.2531], [-77.8836, 24.242], [-77.7015, 24.2875], [-77.6577, 24.2495]]], [[[-77.2256, 25.9042], [-77.4032, 26.0247], [-77.2468, 26.1563], [-77.2061, 26.489], [-77.2386, 26.5611], [-77.3299, 26.6184], [-77.5106, 26.846], [-77.9437, 26.9036], [-77.8625, 26.9401], [-77.5339, 26.9034], [-77.2659, 26.6888], [-77.2572, 26.6388], [-77.0664, 26.5302], [-77.0383, 26.3334], [-77.1673, 26.2403], [-77.191, 25.9555], [-77.2256, 25.9042]]], [[[-73.0269, 21.1924], [-73.1646, 20.9792], [-73.661, 20.9374], [-73.6812, 20.9756], [-73.6804, 21.1033], [-73.5851, 21.1259], [-73.5231, 21.1908], [-73.4245, 21.2018], [-73.2354, 21.1545], [-73.1373, 21.2048], [-73.0585, 21.3134], [-73.0117, 21.2995], [-73.0269, 21.1924]]], [[[-77.7438, 24.7074], [-77.7452, 24.4635], [-78.0449, 24.2875], [-78.1357, 24.4124], [-78.1458, 24.4935], [-78.1916, 24.4661], [-78.2576, 24.4828], [-78.3665, 24.5442], [-78.4353, 24.6276], [-78.3389, 24.642], [-78.319, 24.5902], [-78.2427, 24.6538], [-78.2988, 24.7539], [-78.1841, 24.9171], [-78.1593, 25.0224], [-78.2114, 25.1913], [-78.1628, 25.2023], [-77.9753, 25.0848], [-77.9734, 25.0048], [-77.8401, 24.7944], [-77.7438, 24.7074]]], [[[-78.4929, 26.7291], [-78.3717, 26.6979], [-77.9439, 26.7442], [-77.9225, 26.6911], [-77.9261, 26.6634], [-78.2339, 26.6374], [-78.7437, 26.5007], [-78.9856, 26.6895], [-78.798, 26.5824], [-78.7125, 26.599], [-78.6333, 26.6592], [-78.5971, 26.7979], [-78.4929, 26.7291]]], [[[-77.3476, 25.0139], [-77.4605, 24.9931], [-77.5619, 25.03], [-77.4513, 25.0807], [-77.3291, 25.083], [-77.2691, 25.0438], [-77.3476, 25.0139]]], [[[-74.0575, 22.7235], [-74.0348, 22.7056], [-74.0986, 22.6654], [-74.2746, 22.7117], [-74.307, 22.8396], [-74.1754, 22.7599], [-74.0575, 22.7235]]], [[[-74.4294, 24.0681], [-74.5087, 23.9597], [-74.5509, 23.9689], [-74.5269, 24.1051], [-74.4505, 24.1255], [-74.4294, 24.0681]]], [[[-74.2067, 22.2138], [-74.2769, 22.1837], [-74.2613, 22.2355], [-73.9064, 22.5274], [-73.9764, 22.6351], [-73.9542, 22.7155], [-73.85, 22.7311], [-73.8775, 22.6808], [-73.8365, 22.5384], [-73.9746, 22.3612], [-74.0929, 22.3062], [-74.2067, 22.2138]]], [[[-76.6488, 25.4874], [-76.4842, 25.3746], [-76.3438, 25.332], [-76.1266, 25.1405], [-76.1695, 24.6494], [-76.32, 24.8177], [-76.2138, 24.8225], [-76.2043, 24.9362], [-76.1525, 25.026], [-76.1604, 25.1193], [-76.3693, 25.3126], [-76.4999, 25.3416], [-76.6207, 25.4316], [-76.7807, 25.4269], [-76.7108, 25.5649], [-76.6488, 25.4874]]], [[[-75.6646, 23.4501], [-75.781, 23.4707], [-75.956, 23.5923], [-76.0371, 23.6028], [-76.0104, 23.6714], [-75.7542, 23.49], [-75.6646, 23.4501]]], [[[-74.8405, 22.8943], [-74.8469, 22.8687], [-74.9733, 23.0686], [-75.2233, 23.1653], [-75.1411, 23.2046], [-75.1306, 23.2679], [-75.3098, 23.5898], [-75.316, 23.6684], [-75.1088, 23.3328], [-75.0642, 23.1502], [-74.9371, 23.0881], [-74.8456, 22.9999], [-74.8405, 22.8943]]], [[[-75.3084, 24.2], [-75.3018, 24.1492], [-75.5032, 24.1391], [-75.4124, 24.2209], [-75.4089, 24.2658], [-75.4939, 24.3304], [-75.661, 24.5898], [-75.744, 24.6547], [-75.7267, 24.6894], [-75.6535, 24.6809], [-75.5182, 24.4273], [-75.3084, 24.2]]], [[[-73.041, 22.4291], [-72.8308, 22.3856], [-72.7473, 22.3274], [-72.7839, 22.2906], [-72.8892, 22.3603], [-73.1619, 22.3807], [-73.1274, 22.4553], [-73.041, 22.4291]]], [[[-72.9161, 21.5067], [-73.0493, 21.4576], [-73.0627, 21.5153], [-72.9948, 21.5616], [-72.9161, 21.5067]]]]}}, {"type": "Feature", "properties": {"name": "Barbados", "iso3": "BRB", "label": [-59.5463, 13.161]}, "geometry": {"type": "MultiPolygon", "coordinates": [[[[-59.4933, 13.082], [-59.5219, 13.0622], [-59.6113, 13.1021], [-59.6428, 13.1503], [-59.6467, 13.3031], [-59.5916, 13.3177], [-59.4276, 13.1528], [-59.4933, 13.082]]]]}}, {"type": "Feature", "properties": {"name": "Belize", "iso3": "BLZ", "label": [-88.6852, 17.3572]}, "geometry": {"type": "MultiPolygon", "coordinates": [[[[-89.1615, 17.8148], [-89.1335, 17.9708], [-89.0504, 17.9997], [-88.8978, 17.9146], [-88.8063, 17.9655], [-88.5862, 18.2905], [-88.523, 18.4459], [-88.4613, 18.4768], [-88.2957, 18.4724], [-88.3493, 18.3588], [-88.1303, 18.3507], [-88.0853, 18.2261], [-88.0972, 18.1216], [-88.2717, 17.6099], [-88.2035, 17.5166], [-88.2888, 17.3127], [-88.2618, 16.963], [-88.3134, 16.6328], [-88.5623, 16.2904], [-88.6952, 16.2477], [-88.8791, 16.0166], [-88.9117, 15.956], [-88.894, 15.8906], [-89.2375, 15.8944], [-89.1711, 17.5723], [-89.1615, 17.8148]]], [[[-87.9506, 17.925], [-87.9981, 17.9063], [-87.8983, 18.1549], [-87.8485, 18.1404], [-87.9506, 17.925]]], [[[-87.8529, 17.4229], [-87.93, 17.283], [-87.9028, 17.4265], [-87.8264, 17.5463], [-87.7886, 17.5242], [-87.7981, 17.4796], [-87.8529, 17.4229]]]]}}, {"type": "Feature", "properties": {"name": "Bermuda", "iso3": "BMU", "label": [-64.7653, 32.3074]}, "geometry": {"type": "MultiPolygon", "coordinates": [[[[-64.7303, 32.2935], [-64.8201, 32.2596], [-64.8628, 32.2739], [-64.6683, 32.3819], [-64.7303, 32.2935]]]]}}, {"type": "Feature", "properties": {"name": "British Virgin Is.", "iso3": "VGB", "label": [-64.6171, 18.4205]}, "geometry": {"type": "MultiPolygon", "coordinates": [[[[-64.3952, 18.4646], [-64.438, 18.459], [-64.4261, 18.5131], [-64.3247, 18.5175], [-64.3952, 18.4646]]], [[[-64.5937, 18.4028], [-64.6951, 18.4117], [-64.651, 18.4425], [-64.5452, 18.4381], [-64.5937, 18.4028]]], [[[-64.2879, 18.7406], [-64.2736, 18.7071], [-64.4114, 18.7512], [-64.3231, 18.7527], [-64.2879, 18.7406]]]]}}, {"type": "Feature", "properties": {"name": "Canada", "iso3": "CAN", "label": [-94.4801, 60.3044]}, "geometry": {"type": "MultiPolygon", "coordinates": [[[[-132.6555, 54.1275], [-132.5641, 54.0687], [-132.3034, 54.0989], [-132.1661, 53.9552], [-132.1751, 53.8465], [-132.5649, 53.6876], [-132.5347, 53.6517], [-132.187, 53.6848], [-132.114, 53.8602], [-132.1344, 54.0343], [-131.9408, 54.042], [-131.6676, 54.1414], [-131.7025, 53.9864], [-131.8892, 53.714], [-131.9574, 53.3087], [-132.0113, 53.2652], [-132.3473, 53.1892], [-132.5205, 53.194], [-132.7475, 53.3105], [-132.6926, 53.3679], [-132.425, 53.337], [-132.845, 53.5077], [-133.0522, 53.7781], [-133.0977, 53.9203], [-133.0639, 54.144], [-132.8931, 54.1408], [-132.6555, 54.1275]]], [[[-131.7537, 53.1956], [-131.6523, 53.103], [-131.6347, 52.9222], [-131.7953, 52.8851], [-131.8797, 52.9146], [-131.9718, 52.8798], [-131.7273, 52.7564], [-131.4552, 52.7017], [-131.5906, 52.5782], [-131.43, 52.4221], [-131.2597, 52.4159], [-131.3199, 52.3031], [-131.1426, 52.2911], [-131.1162, 52.2191], [-131.2215, 52.1536], [-131.4219, 52.238], [-131.5621, 52.4], [-132.1651, 52.7833], [-132.2581, 52.9339], [-132.1449, 52.9575], [-132.1438, 52.9993], [-132.4687, 53.0719], [-132.5468, 53.1375], [-132.1539, 53.1605], [-131.8535, 53.2297], [-131.7537, 53.1956]]], [[[-127.1973, 50.6404], [-126.7009, 50.5155], [-125.4821, 50.3168], [-124.9347, 49.7316], [-124.9307, 49.6432], [-124.8306, 49.5301], [-124.6429, 49.4287], [-123.9958, 49.224], [-123.8545, 49.1192], [-123.497, 48.5821], [-123.4431, 48.6905], [-123.3899, 48.6702], [-123.2838, 48.4552], [-123.3106, 48.411], [-123.4459, 48.4272], [-123.5731, 48.3228], [-124.1152, 48.4364], [-124.8683, 48.6536], [-125.1207, 48.7608], [-125.1403, 48.8026], [-124.8497, 49.0283], [-124.8126, 49.2126], [-124.9273, 49.0142], [-125.3627, 48.9982], [-125.4895, 48.9338], [-125.8285, 49.0918], [-125.6442, 49.1858], [-125.728, 49.1999], [-125.8354, 49.2767], [-125.9517, 49.248], [-125.9838, 49.2879], [-125.9354, 49.4015], [-126.0203, 49.368], [-126.0999, 49.4213], [-126.2436, 49.4427], [-126.3045, 49.382], [-126.4186, 49.449], [-126.4999, 49.4], [-126.5485, 49.4189], [-126.5419, 49.5905], [-126.1341, 49.6723], [-126.3476, 49.6608], [-126.5252, 49.7196], [-126.6831, 49.8765], [-126.9033, 49.9441], [-126.9771, 49.8828], [-127.1143, 49.8797], [-127.1959, 49.9492], [-127.1796, 50.0731], [-127.2498, 50.138], [-127.3494, 50.052], [-127.4671, 50.1634], [-127.8639, 50.1277], [-127.8392, 50.2932], [-127.9629, 50.346], [-127.9059, 50.4452], [-127.6414, 50.4791], [-127.4865, 50.4046], [-127.529, 50.5368], [-127.4659, 50.5831], [-127.7515, 50.6074], [-127.7312, 50.5357], [-127.8647, 50.4989], [-128.0583, 50.4985], [-128.2674, 50.6093], [-128.346, 50.7442], [-128.2416, 50.8282], [-128.1013, 50.8578], [-127.9181, 50.8605], [-127.713, 50.8208], [-127.1973, 50.6404]]], [[[-130.0251, 55.8882], [-130.0229, 56.0145], [-130.0979, 56.1093], [-130.2147, 56.0828], [-130.4131, 56.1225], [-130.4771, 56.2306], [-130.6491, 56.2637], [-130.7417, 56.3408], [-131.0829, 56.4048], [-131.5751, 56.5988], [-131.8243, 56.59], [-131.8662, 56.7928], [-132.1043, 56.8568], [-132.0315, 57.0266], [-132.338, 57.0794], [-132.2322, 57.1985], [-133.4226, 58.3371], [-133.4011, 58.4109], [-133.8208, 58.705], [-134.297, 58.8985], [-134.4408, 59.0854], [-134.9437, 59.2883], [-135.0713, 59.4415], [-135.051, 59.5787], [-135.4759, 59.7933], [-135.9347, 59.6626], [-136.3218, 59.6048], [-136.2471, 59.5329], [-136.3479, 59.4561], [-136.4664, 59.4591], [-136.4667, 59.2799], [-136.5788, 59.1522], [-136.8133, 59.15], [-137.4386, 58.9031], [-137.5209, 58.9154], [-137.4842, 58.9912], [-137.5933, 59.2263], [-138.6323, 59.7783], [-138.7055, 59.9013], [-139.0435, 59.9933], [-139.1852, 60.0836], [-139.0792, 60.3437], [-139.6763, 60.3283], [-139.9733, 60.1832], [-140.4528, 60.2997], [-140.5254, 60.2184], [-141.0021, 60.3002], [-141.0021, 69.6508], [-140.4051, 69.6025], [-139.9766, 69.6217], [-139.1815, 69.5155], [-138.6899, 69.3168], [-137.8694, 69.0928], [-136.7173, 68.8892], [-136.1224, 68.8822], [-135.2588, 68.6843], [-135.4346, 68.842], [-135.8947, 68.9267], [-135.9248, 68.9926], [-135.5755, 69.027], [-135.9102, 69.1115], [-135.6915, 69.3112], [-135.6149, 69.291], [-135.4996, 69.3372], [-135.2928, 69.3079], [-135.2298, 69.4252], [-135.1408, 69.4678], [-134.4568, 69.4776], [-134.4954, 69.5719], [-134.4089, 69.6818], [-134.242, 69.6688], [-134.0775, 69.5579], [-133.8798, 69.5077], [-134.1743, 69.2528], [-133.694, 69.3684], [-133.1631, 69.4339], [-132.9153, 69.6296], [-132.4039, 69.6587], [-132.5684, 69.6981], [-132.4885, 69.7381], [-132.334, 69.7518], [-132.1634, 69.705], [-131.4409, 69.9179], [-131.1364, 69.9069], [-130.9262, 70.0516], [-130.6655, 70.1271], [-130.4984, 70.1432], [-130.175, 70.0859], [-129.945, 70.0909], [-129.7301, 70.1921], [-129.623, 70.1676], [-129.5382, 70.0739], [-129.6483, 69.9978], [-130.8321, 69.6515], [-131.9378, 69.5347], [-132.3308, 69.308], [-132.6867, 69.2599], [-133.379, 68.8867], [-133.4183, 68.8443], [-133.3734, 68.7885], [-133.1968, 68.7398], [-133.138, 68.7466], [-133.3195, 68.8197], [-133.304, 68.8474], [-132.706, 68.8149], [-132.5776, 68.8478], [-132.5422, 68.8899], [-132.7391, 68.9225], [-132.7701, 69.0122], [-132.7189, 69.0792], [-131.9196, 69.2905], [-131.7869, 69.3713], [-131.7884, 69.432], [-131.5629, 69.4614], [-131.3429, 69.4354], [-131.3247, 69.3612], [-131.1617, 69.455], [-131.0634, 69.4507], [-130.9863, 69.3629], [-130.9707, 69.2091], [-130.516, 69.5697], [-130.1176, 69.7201], [-129.1091, 69.8819], [-128.8989, 69.9662], [-128.9386, 69.875], [-129.1383, 69.8325], [-129.1579, 69.8001], [-129.0543, 69.7011], [-128.853, 69.751], [-128.3867, 69.9602], [-128.2786, 70.1081], [-127.6838, 70.2604], [-127.974, 70.2929], [-128.0437, 70.3288], [-127.9889, 70.3631], [-128.1701, 70.4185], [-128.1273, 70.5238], [-127.991, 70.5738], [-127.7528, 70.5171], [-127.226, 70.2961], [-126.9268, 70.0617], [-126.6849, 69.7771], [-126.2504, 69.5453], [-125.9074, 69.4186], [-125.525, 69.3516], [-125.3868, 69.3492], [-125.1719, 69.428], [-125.1668, 69.4798], [-125.3569, 69.626], [-125.2194, 69.7324], [-125.2012, 69.8288], [-125.0796, 69.8178], [-124.7679, 69.99], [-124.9904, 70.0266], [-124.555, 70.1512], [-124.4445, 70.1106], [-124.4719, 69.9185], [-124.4069, 69.7674], [-124.1246, 69.69], [-124.4813, 69.4251], [-124.3381, 69.3648], [-123.5284, 69.3894], [-123.2137, 69.5415], [-123.0258, 69.81], [-122.0701, 69.8162], [-121.5311, 69.7758], [-120.9625, 69.6604], [-120.14, 69.3806], [-118.8687, 69.2572], [-118.0952, 69.0429], [-117.227, 68.9134], [-116.0595, 68.837], [-116.2434, 68.9741], [-115.9361, 68.9581], [-115.8063, 68.9866], [-114.9938, 68.85], [-114.4139, 68.6596], [-114.092, 68.4354], [-113.9644, 68.3991], [-114.0959, 68.2668], [-114.7653, 68.2702], [-114.8522, 68.1953], [-115.1271, 68.132], [-115.1868, 68.0842], [-115.1671, 68.0186], [-115.4345, 67.9023], [-115.1332, 67.8192], [-113.8932, 67.7069], [-112.503, 67.6819], [-112.2367, 67.7311], [-111.5757, 67.7568], [-111.1922, 67.8226], [-110.99, 67.7908], [-110.372, 67.9542], [-110.0739, 67.9929], [-109.6304, 67.7327], [-109.2243, 67.7298], [-109.038, 67.6912], [-108.9499, 67.4939], [-108.852, 67.422], [-108.7151, 67.5828], [-108.6133, 67.598], [-108.347, 67.4034], [-107.9887, 67.2564], [-107.9092, 67.1625], [-107.9913, 67.0952], [-108.2208, 67.0506], [-108.496, 67.0923], [-107.4803, 66.4918], [-107.2595, 66.3985], [-107.7104, 66.74], [-107.746, 66.9615], [-107.6262, 67.0031], [-107.4992, 66.9362], [-107.4021, 66.948], [-107.1565, 66.8817], [-107.3479, 67.0548], [-107.2832, 67.1033], [-107.5675, 67.273], [-107.6499, 67.5113], [-107.9541, 67.7], [-107.9584, 67.8186], [-107.7631, 67.9068], [-107.7286, 67.9588], [-107.7983, 68.0369], [-106.9226, 68.1142], [-106.6684, 68.216], [-106.4243, 68.2006], [-106.4044, 68.3193], [-106.2712, 68.3832], [-105.9331, 68.4431], [-105.7812, 68.5266], [-105.7502, 68.5923], [-105.9322, 68.6365], [-106.4581, 68.5165], [-106.6085, 68.3574], [-106.8537, 68.3868], [-107.1462, 68.3042], [-107.2981, 68.2964], [-107.6193, 68.3311], [-107.7415, 68.2857], [-107.6776, 68.2029], [-107.7342, 68.1737], [-108.261, 68.1499], [-108.7181, 68.2975], [-108.3135, 68.6108], [-107.4359, 68.6889], [-106.1645, 68.9199], [-105.6856, 68.8282], [-105.5398, 68.7187], [-105.3774, 68.4138], [-105.1013, 68.298], [-104.9598, 68.3105], [-104.912, 68.2505], [-104.6532, 68.2301], [-104.6611, 68.1488], [-104.4868, 68.0632], [-104.1936, 68.0312], [-103.9016, 68.0411], [-103.4741, 68.115], [-102.8416, 67.8527], [-102.3204, 67.7356], [-101.8836, 67.7453], [-101.555, 67.6932], [-100.4561, 67.8395], [-99.7729, 67.8148], [-99.1469, 67.7236], [-98.9205, 67.7258], [-98.4121, 67.8072], [-98.7036, 67.9657], [-98.7201, 68.042], [-98.6315, 68.0726], [-97.9308, 67.7108], [-97.4549, 67.617], [-97.1554, 67.7264], [-97.1398, 67.7962], [-97.2065, 67.8551], [-97.5466, 67.9607], [-97.7391, 67.9782], [-98.1105, 67.903], [-98.1925, 67.923], [-98.5003, 68.1177], [-98.3809, 68.1325], [-98.6505, 68.3635], [-98.4686, 68.3821], [-98.2186, 68.3174], [-97.7942, 68.3876], [-97.911, 68.4495], [-97.9251, 68.5237], [-97.8286, 68.5328], [-97.548, 68.475], [-97.4104, 68.4965], [-97.2659, 68.4529], [-96.9767, 68.2554], [-96.6282, 68.2503], [-96.4307, 68.3106], [-96.7221, 68.0388], [-96.5313, 68.0631], [-96.4394, 68.1509], [-95.9703, 68.2491], [-96.1988, 67.7178], [-96.3691, 67.5098], [-96.185, 67.3756], [-96.1415, 67.2718], [-95.7199, 67.3168], [-95.7777, 67.1846], [-95.557, 67.2153], [-95.4159, 67.1556], [-95.4189, 67.0132], [-95.5022, 66.9799], [-95.7687, 66.9667], [-96.0195, 67.0187], [-96.2156, 66.9977], [-96.3504, 67.07], [-96.4226, 67.0518], [-95.8853, 66.7414], [-95.7875, 66.6168], [-95.7432, 66.6904], [-96.0161, 66.8705], [-96.0369, 66.9375], [-95.625, 66.9163], [-95.3997, 66.9495], [-95.2587, 67.2625], [-95.4634, 67.6102], [-95.6505, 67.7375], [-95.4607, 68.0214], [-95.1259, 68.0833], [-94.861, 68.0417], [-94.7444, 68.0709], [-93.9277, 68.4738], [-93.4489, 68.6189], [-93.6439, 68.6331], [-93.6814, 68.8873], [-93.8524, 69.0003], [-94.0649, 68.7848], [-94.4783, 68.7428], [-94.6004, 68.8032], [-94.5625, 68.9117], [-94.0836, 69.1231], [-94.2554, 69.1515], [-94.2547, 69.3138], [-93.6195, 69.417], [-93.8205, 69.2526], [-93.7485, 69.2261], [-93.431, 69.375], [-93.5371, 69.3823], [-93.5323, 69.4809], [-93.6498, 69.519], [-94.0153, 69.4467], [-94.2708, 69.4551], [-94.6338, 69.6497], [-94.7127, 69.6494], [-94.8225, 69.5778], [-95.5876, 69.7557], [-95.9649, 69.8028], [-96.4924, 70.1249], [-96.5514, 70.2103], [-96.5456, 70.3272], [-96.2977, 70.5114], [-96.1228, 70.5612], [-95.8786, 70.549], [-95.9882, 70.6168], [-95.8863, 70.6943], [-96.258, 70.6423], [-96.5489, 70.8087], [-96.4704, 71.0697], [-96.5248, 71.1271], [-96.4208, 71.1765], [-96.4466, 71.2399], [-96.062, 71.4139], [-95.7254, 71.3282], [-95.5643, 71.3368], [-95.4062, 71.4917], [-95.8304, 71.5261], [-95.8377, 71.5982], [-95.2012, 71.9037], [-94.6111, 71.9869], [-94.4911, 71.9155], [-94.4788, 71.8486], [-94.3084, 71.7649], [-93.8102, 71.7663], [-93.7463, 71.7428], [-93.7628, 71.638], [-93.2563, 71.4608], [-93.0313, 71.3357], [-92.8827, 71.0693], [-92.9042, 70.9161], [-92.9814, 70.8522], [-92.3558, 70.6343], [-92.0491, 70.3896], [-92.0474, 70.3033], [-91.9835, 70.2855], [-91.8204, 70.3417], [-91.7608, 70.3263], [-91.5641, 70.1783], [-91.6161, 70.1479], [-91.8586, 70.1327], [-92.3205, 70.2354], [-92.5119, 70.1039], [-92.127, 70.0845], [-91.9767, 70.0387], [-92.8878, 69.6682], [-92.3117, 69.6729], [-92.2308, 69.6534], [-92.2091, 69.6033], [-91.912, 69.5312], [-91.7241, 69.5456], [-91.3842, 69.6495], [-91.2018, 69.6448], [-91.1703, 69.6203], [-91.4399, 69.5257], [-90.6667, 69.5155], [-90.4156, 69.457], [-90.684, 69.4277], [-90.8923, 69.2673], [-91.005, 69.2771], [-91.0578, 69.3184], [-91.2372, 69.2855], [-90.7448, 69.1059], [-90.479, 68.8812], [-90.539, 68.8196], [-90.5102, 68.6889], [-90.5736, 68.4747], [-90.2478, 68.2674], [-90.1744, 68.2702], [-89.8977, 68.4908], [-89.8842, 68.6256], [-89.6666, 69.0146], [-89.2795, 69.2555], [-89.0567, 69.2661], [-88.0414, 68.8117], [-87.8277, 68.4481], [-87.8279, 68.3], [-87.8927, 68.2481], [-87.991, 68.242], [-88.1111, 68.2512], [-88.2353, 68.3391], [-88.347, 68.2883], [-88.3138, 67.9503], [-88.1959, 67.7658], [-87.4991, 67.3553], [-87.3594, 67.1772], [-87.2663, 67.1838], [-86.9239, 67.3563], [-86.5608, 67.4821], [-86.398, 67.8001], [-85.9526, 68.0725], [-85.7311, 68.445], [-85.6898, 68.6709], [-85.4911, 68.774], [-85.2751, 68.7414], [-84.8676, 68.7733], [-85.1066, 68.844], [-85.0834, 68.9079], [-84.9161, 68.9623], [-84.8622, 69.074], [-85.1135, 69.1659], [-85.2755, 69.1723], [-85.3868, 69.2319], [-85.416, 69.5478], [-85.5024, 69.6515], [-85.4461, 69.7778], [-85.5074, 69.8453], [-85.0198, 69.8048], [-84.6451, 69.8497], [-84.3188, 69.8437], [-83.6653, 69.6997], [-82.6184, 69.6911], [-82.3742, 69.6418], [-82.4957, 69.5322], [-82.7548, 69.4944], [-82.3099, 69.41], [-82.2082, 69.297], [-82.2275, 69.2489], [-81.9518, 69.2761], [-81.3778, 69.1856], [-81.3287, 69.1199], [-81.9579, 68.8836], [-81.3809, 68.85], [-81.2525, 68.7432], [-81.2815, 68.6572], [-81.5269, 68.556], [-81.9148, 68.4588], [-82.2102, 68.5062], [-82.4987, 68.4786], [-82.5527, 68.4465], [-82.2224, 68.1453], [-82.0125, 68.1939], [-82.1021, 68.0189], [-82.0625, 67.9282], [-81.4123, 67.5954], [-81.2943, 67.4974], [-81.3011, 67.357], [-81.4676, 67.0699], [-81.6301, 67.002], [-81.9255, 66.9747], [-82.2605, 66.7391], [-82.6415, 66.5875], [-82.9489, 66.5508], [-83.4064, 66.3712], [-83.5903, 66.3878], [-83.6511, 66.4846], [-83.998, 66.7285], [-84.208, 66.7363], [-84.3244, 66.7818], [-84.3611, 66.8226], [-84.2726, 66.8392], [-84.5385, 66.9728], [-84.8458, 67.0287], [-85.1137, 66.9069], [-85.0183, 66.8721], [-84.8574, 66.9407], [-84.7377, 66.9336], [-84.223, 66.6825], [-83.8258, 66.29], [-83.7976, 66.2385], [-83.869, 66.2136], [-84.2931, 66.2918], [-84.4784, 66.1793], [-84.6281, 66.2077], [-85.0962, 66.3253], [-85.4422, 66.5374], [-85.6039, 66.5683], [-86.0632, 66.5204], [-86.7082, 66.523], [-86.6886, 66.4575], [-86.747, 66.4171], [-86.6851, 66.3604], [-86.1131, 66.2253], [-86.0008, 66.1868], [-85.9587, 66.119], [-86.0429, 66.0226], [-87.0811, 65.4408], [-87.2915, 65.3548], [-87.4529, 65.339], [-87.97, 65.3489], [-88.6725, 65.6116], [-88.7439, 65.6788], [-89.0877, 65.739], [-89.7494, 65.936], [-89.944, 65.9336], [-89.8478, 65.8723], [-89.8897, 65.8686], [-90.3163, 65.9264], [-91.4115, 65.9594], [-91.0411, 65.8298], [-91.0649, 65.8999], [-90.9834, 65.9192], [-89.9241, 65.7803], [-88.974, 65.3483], [-88.1978, 65.2799], [-87.3919, 65.2605], [-87.0275, 65.1981], [-87.0285, 65.0636], [-87.2805, 64.8262], [-87.885, 64.4004], [-87.9976, 64.2439], [-88.1056, 64.1833], [-88.653, 64.0094], [-88.8177, 63.9922], [-89.0596, 64.0344], [-89.2006, 64.1138], [-89.1315, 63.9685], [-89.4035, 64.04], [-89.5009, 64.0145], [-89.6158, 64.0306], [-89.7638, 64.0995], [-89.8113, 64.1806], [-90.0417, 64.1409], [-90.08, 64.1277], [-89.9536, 64.0806], [-89.8557, 63.957], [-90.1682, 63.9788], [-90.0134, 63.8043], [-90.1547, 63.6896], [-90.3688, 63.6244], [-90.5964, 63.6613], [-90.8119, 63.5809], [-91.1081, 63.6178], [-91.5388, 63.7256], [-91.926, 63.7571], [-91.9289, 63.8125], [-91.9822, 63.8224], [-92.0949, 63.7844], [-92.3384, 63.7876], [-93.4297, 64.0288], [-93.6963, 64.1472], [-93.5967, 64.0406], [-93.6642, 63.9414], [-93.5598, 63.8653], [-93.2702, 63.8409], [-93.3803, 63.9], [-93.3785, 63.9485], [-92.1569, 63.6917], [-92.4651, 63.5551], [-92.2896, 63.563], [-91.8418, 63.6976], [-91.3301, 63.5068], [-90.9701, 63.4428], [-90.7113, 63.3041], [-90.6986, 63.0639], [-90.7779, 62.9716], [-91.1149, 62.9216], [-91.449, 62.8041], [-92.0342, 62.8634], [-92.3613, 62.8194], [-92.3052, 62.7117], [-91.9559, 62.6448], [-91.9358, 62.5924], [-92.0079, 62.5405], [-92.2695, 62.587], [-92.5514, 62.5467], [-92.595, 62.4701], [-92.768, 62.38], [-92.528, 62.1684], [-92.8658, 62.3062], [-93.2054, 62.3649], [-92.9878, 62.2859], [-92.9055, 62.2151], [-93.0659, 62.1498], [-93.0163, 62.0927], [-93.0734, 62.0605], [-93.3498, 62.0298], [-93.2734, 61.9611], [-93.3331, 61.9329], [-93.5818, 61.942], [-93.4942, 61.8469], [-93.312, 61.7673], [-93.9127, 61.4814], [-93.8888, 61.344], [-93.942, 61.308], [-94.0834, 61.3037], [-94.0678, 61.1389], [-94.5094, 60.6045], [-94.5689, 60.542], [-94.7617, 60.4982], [-94.6468, 60.4164], [-94.7858, 59.9533], [-94.7883, 59.2679], [-94.8703, 59.088], [-94.9573, 59.0688], [-94.7762, 59.0206], [-94.6734, 58.8701], [-94.5792, 58.8685], [-94.4192, 58.7455], [-94.2871, 58.716], [-94.3322, 58.2974], [-94.1232, 58.7367], [-93.78, 58.7726], [-93.2781, 58.7564], [-93.1788, 58.7256], [-93.1002, 58.4898], [-92.4328, 57.3203], [-92.6141, 57.039], [-92.7981, 56.922], [-92.4563, 57.0367], [-92.3034, 57.0459], [-92.3557, 56.9706], [-91.1113, 57.2412], [-90.8975, 57.2569], [-90.5922, 57.2245], [-89.7908, 56.9813], [-88.8265, 56.8143], [-88.4471, 56.6087], [-88.0751, 56.4673], [-87.4824, 56.0213], [-86.9194, 55.9146], [-85.6767, 55.6011], [-85.218, 55.349], [-85.3653, 55.0793], [-85.2136, 55.2244], [-85.0609, 55.2856], [-84.518, 55.2589], [-83.9106, 55.3146], [-83.2144, 55.2146], [-82.9863, 55.2314], [-82.8678, 55.1607], [-82.5774, 55.1487], [-82.3933, 55.0678], [-82.2194, 54.8135], [-82.4242, 54.2446], [-82.2399, 54.0448], [-82.1415, 53.8176], [-82.1906, 53.6109], [-82.1592, 53.2642], [-82.2916, 53.0307], [-82.2604, 52.9611], [-82.02, 52.8116], [-81.5994, 52.4326], [-81.6115, 52.3241], [-81.8279, 52.2242], [-81.5495, 52.2368], [-81.4662, 52.2045], [-81.2851, 52.0892], [-80.9685, 51.9722], [-80.658, 51.7584], [-80.4433, 51.3886], [-80.8512, 51.125], [-80.4783, 51.3073], [-80.368, 51.3299], [-80.1036, 51.2829], [-79.8362, 51.1733], [-79.3479, 50.7626], [-79.4526, 50.9173], [-79.7145, 51.1176], [-79.6888, 51.3466], [-79.4976, 51.5699], [-79.297, 51.6228], [-79.2643, 51.552], [-79.0405, 51.4638], [-78.9032, 51.2003], [-78.858, 51.3839], [-78.7313, 51.4975], [-78.9816, 51.7746], [-78.8282, 51.963], [-78.4481, 52.2614], [-78.5261, 52.3107], [-78.5571, 52.4919], [-78.7441, 52.6554], [-78.7217, 52.8564], [-78.8982, 53.0434], [-79.1003, 53.6566], [-79.0403, 53.818], [-78.9457, 53.8316], [-79.0751, 53.9324], [-78.996, 54.0025], [-79.2418, 54.0989], [-79.1467, 54.1692], [-79.3562, 54.2634], [-79.5979, 54.6017], [-79.7124, 54.6718], [-78.475, 55.011], [-77.7753, 55.2913], [-77.1651, 55.6635], [-76.7618, 55.9964], [-76.6041, 56.1996], [-76.5298, 56.5], [-76.5729, 57.1812], [-76.8909, 57.7581], [-77.1568, 58.0189], [-77.5524, 58.2396], [-78.0136, 58.3992], [-78.5059, 58.6491], [-78.4305, 58.9018], [-78.0677, 59.2002], [-77.7607, 59.38], [-77.859, 59.4758], [-77.7335, 59.581], [-77.7262, 59.6759], [-77.5904, 59.6805], [-77.3967, 59.5692], [-77.3491, 59.579], [-77.4853, 59.6846], [-77.3316, 59.7966], [-77.3729, 59.9251], [-77.2892, 60.022], [-77.5859, 60.0882], [-77.4529, 60.1458], [-77.6814, 60.4271], [-77.5036, 60.5427], [-77.715, 60.5778], [-77.7908, 60.6398], [-77.603, 60.8252], [-77.8715, 60.7858], [-78.1813, 60.8191], [-77.765, 61.1575], [-77.7362, 61.4374], [-77.5144, 61.5563], [-77.8899, 61.7287], [-78.0214, 61.8321], [-78.1372, 62.1074], [-78.1334, 62.2823], [-78.0681, 62.3554], [-77.8999, 62.4266], [-77.604, 62.5314], [-77.3724, 62.5725], [-76.8794, 62.5254], [-75.8169, 62.3159], [-75.6755, 62.2495], [-75.7898, 62.1796], [-75.3412, 62.3121], [-75.0228, 62.2645], [-74.6326, 62.1157], [-74.6899, 62.1834], [-74.6458, 62.2111], [-73.7051, 62.4731], [-72.8818, 62.1254], [-72.687, 62.1246], [-72.6321, 62.0272], [-72.7716, 61.8404], [-72.5056, 61.9227], [-72.2261, 61.8316], [-72.04, 61.6803], [-72.2471, 61.6021], [-72.2159, 61.5873], [-72.0231, 61.612], [-71.8661, 61.6885], [-71.6383, 61.6172], [-71.6194, 61.5729], [-71.7558, 61.5268], [-71.8544, 61.4398], [-71.6453, 61.4131], [-71.7435, 61.3373], [-71.4227, 61.1589], [-71.1751, 61.1465], [-70.7232, 61.0552], [-70.2793, 61.0687], [-70.158, 61.0207], [-70.0953, 60.8803], [-69.9924, 60.8565], [-69.7084, 60.9146], [-69.6236, 61.0495], [-69.557, 61.0597], [-69.4719, 61.0109], [-69.4047, 60.8468], [-69.6405, 60.6898], [-69.7513, 60.4875], [-69.7406, 60.3323], [-69.6288, 60.1986], [-69.6737, 60.0759], [-69.7957, 60.0297], [-69.9628, 60.0178], [-70.6548, 60.0262], [-70.6197, 59.9843], [-69.8057, 59.9449], [-69.7339, 59.918], [-69.6302, 59.8218], [-69.5794, 59.6751], [-69.6924, 59.4884], [-69.6819, 59.3417], [-69.4, 59.3378], [-69.344, 59.3031], [-69.4505, 59.18], [-69.4141, 59.0869], [-69.5316, 58.8692], [-69.6484, 58.8208], [-69.7842, 58.9557], [-69.8676, 58.8562], [-70.16, 58.7894], [-70.1543, 58.7606], [-69.7899, 58.6893], [-69.2711, 58.8839], [-68.6982, 58.9045], [-68.4749, 58.8235], [-68.3812, 58.7435], [-68.2294, 58.4846], [-68.3565, 58.1632], [-68.4682, 58.0763], [-68.9453, 57.9688], [-69.0408, 57.9025], [-68.4136, 58.0518], [-68.1755, 58.4026], [-68.111, 58.4733], [-68.021, 58.4853], [-67.8883, 58.2958], [-68.0639, 58.139], [-67.8559, 58.2726], [-67.756, 58.4046], [-67.6783, 57.9911], [-67.5696, 58.2135], [-67.0194, 58.4329], [-66.7222, 58.491], [-66.3624, 58.7912], [-66.2374, 58.7723], [-66.0909, 58.659], [-66.0024, 58.4312], [-65.9229, 58.572], [-66.0431, 58.8207], [-65.8548, 58.8466], [-65.9207, 58.9146], [-65.8414, 58.9771], [-65.7036, 58.9706], [-65.721, 59.0238], [-65.544, 59.0119], [-65.3835, 59.0602], [-65.6063, 59.1107], [-65.7, 59.2133], [-65.6071, 59.2131], [-65.5128, 59.3504], [-65.4117, 59.315], [-65.4751, 59.4703], [-65.3497, 59.4788], [-65.0382, 59.3879], [-65.4074, 59.5394], [-65.4865, 59.6487], [-65.4334, 59.7765], [-65.2888, 59.8181], [-65.0545, 59.7528], [-65.0282, 59.7707], [-65.1592, 59.8301], [-65.1717, 59.908], [-64.9313, 60.252], [-64.8173, 60.3311], [-64.7059, 60.3361], [-64.4994, 60.2683], [-64.4196, 60.1714], [-64.5277, 60.0945], [-64.7685, 60.0121], [-64.2835, 60.0641], [-64.1829, 59.9729], [-64.2263, 59.7412], [-64.0561, 59.8226], [-63.9288, 59.6449], [-63.7502, 59.5126], [-63.9707, 59.4091], [-63.9455, 59.3802], [-63.7809, 59.3493], [-63.7759, 59.2771], [-63.6375, 59.3415], [-63.5399, 59.3329], [-63.4151, 59.1944], [-63.5062, 59.1152], [-63.6455, 59.0789], [-63.9711, 59.0538], [-63.941, 59.0274], [-63.7937, 59.027], [-63.399, 59.0796], [-63.2484, 59.0683], [-63.3099, 59.0265], [-63.2164, 58.928], [-63.2821, 58.8674], [-63.0503, 58.8782], [-62.8739, 58.6725], [-63.1023, 58.5458], [-63.3899, 58.4525], [-63.5371, 58.3299], [-63.21, 58.4669], [-63.1195, 58.4417], [-63.1321, 58.4108], [-62.7373, 58.4922], [-62.5938, 58.474], [-62.8121, 58.2004], [-63.0628, 58.1271], [-63.2615, 58.0147], [-63.22, 58.0021], [-62.8175, 58.1292], [-62.4862, 58.1541], [-62.3057, 57.9723], [-62.1174, 57.9641], [-61.9586, 57.9118], [-61.8991, 57.8613], [-61.9949, 57.7694], [-61.9312, 57.6686], [-61.968, 57.6119], [-62.3386, 57.4845], [-62.4956, 57.4892], [-62.3965, 57.4482], [-62.0881, 57.4528], [-61.9211, 57.4208], [-61.8498, 57.3704], [-61.9774, 57.2479], [-61.8608, 57.1976], [-61.6285, 57.1832], [-61.3337, 57.0106], [-61.3716, 56.6808], [-61.5317, 56.6546], [-62.0625, 56.6991], [-62.3661, 56.767], [-62.2958, 56.8328], [-62.4973, 56.8017], [-62.3955, 56.73], [-61.7377, 56.526], [-62.0097, 56.4539], [-61.9404, 56.4236], [-61.4253, 56.3606], [-61.7071, 56.2887], [-61.7131, 56.231], [-61.3647, 56.216], [-61.3011, 56.0472], [-61.4489, 56.0224], [-61.4495, 55.9957], [-61.1879, 55.9554], [-61.0894, 55.8664], [-60.9958, 55.8624], [-60.8318, 55.9579], [-60.7433, 55.9415], [-60.5621, 55.727], [-60.4758, 55.8051], [-60.341, 55.7847], [-60.4083, 55.6496], [-60.1924, 55.4809], [-60.3609, 55.3663], [-60.4501, 55.2], [-60.6171, 55.0602], [-60.2125, 55.2364], [-59.9303, 55.2594], [-59.7588, 55.3096], [-59.6891, 55.1963], [-59.4379, 55.1759], [-59.8378, 54.814], [-59.2596, 55.2], [-58.9971, 55.1495], [-58.7802, 54.8384], [-58.3981, 54.7741], [-58.2229, 54.8127], [-58.1953, 54.8659], [-57.9625, 54.8757], [-57.9293, 54.7731], [-57.8269, 54.7187], [-57.6266, 54.6503], [-57.483, 54.6403], [-57.4045, 54.5909], [-57.5632, 54.4404], [-57.6993, 54.3866], [-58.1514, 54.3504], [-58.2197, 54.2865], [-58.4352, 54.2281], [-58.6332, 54.0496], [-58.9202, 54.0331], [-59.0388, 53.9636], [-59.4965, 53.8342], [-59.823, 53.8344], [-60.0565, 53.7334], [-60.1449, 53.5961], [-60.3954, 53.6533], [-60.3695, 53.6075], [-60.1003, 53.487], [-60.2903, 53.3915], [-60.2512, 53.3436], [-60.3295, 53.2661], [-60.1483, 53.3065], [-59.8291, 53.5045], [-59.6211, 53.5368], [-59.3223, 53.6437], [-58.9196, 53.8753], [-58.6521, 53.9779], [-58.3267, 54.0518], [-57.936, 54.0912], [-58.0648, 54.1268], [-58.3175, 54.1145], [-58.3608, 54.1545], [-58.31, 54.2017], [-58.1921, 54.2282], [-57.4161, 54.1627], [-57.135, 53.7918], [-57.5241, 53.6114], [-57.3861, 53.5605], [-57.3317, 53.4691], [-56.8409, 53.7395], [-56.5243, 53.7665], [-56.465, 53.765], [-56.354, 53.6245], [-56.1102, 53.5876], [-55.9661, 53.4711], [-55.7979, 53.212], [-55.8923, 53.0004], [-55.8299, 52.8784], [-55.8725, 52.7357], [-55.8028, 52.6432], [-56.2924, 52.5738], [-56.3249, 52.5445], [-56.0526, 52.5374], [-55.7465, 52.4746], [-55.706, 52.4283], [-55.7771, 52.3643], [-56.0117, 52.3945], [-55.6911, 52.2416], [-55.6728, 52.1901], [-56.0175, 51.9293], [-56.976, 51.4577], [-57.4617, 51.4691], [-57.7696, 51.4259], [-58.0894, 51.311], [-58.5104, 51.2951], [-59.1654, 50.7799], [-59.6119, 50.4921], [-59.8153, 50.4183], [-59.8863, 50.3164], [-60.0802, 50.2546], [-60.6082, 50.2211], [-60.8072, 50.2498], [-60.9563, 50.2054], [-61.2897, 50.202], [-61.7249, 50.1041], [-61.9195, 50.2329], [-62.7154, 50.3017], [-63.1356, 50.2938], [-63.2386, 50.2426], [-63.5867, 50.2582], [-63.854, 50.3144], [-64.1704, 50.2694], [-64.5089, 50.3089], [-64.8679, 50.2755], [-65.2686, 50.32], [-65.7625, 50.2593], [-65.9554, 50.2941], [-66.1255, 50.201], [-66.4955, 50.2119], [-66.9412, 49.9937], [-67.372, 49.3484], [-68.0563, 49.2568], [-68.2819, 49.1972], [-68.2206, 49.1497], [-68.5438, 49.0562], [-68.669, 48.9395], [-68.9291, 48.829], [-69.375, 48.3864], [-69.6739, 48.1992], [-69.8517, 48.2074], [-70.3837, 48.3665], [-71.0183, 48.4556], [-70.8388, 48.3674], [-70.5006, 48.3543], [-69.9712, 48.2058], [-69.775, 48.0981], [-69.9944, 47.7399], [-70.448, 47.4234], [-70.7059, 47.1398], [-71.1156, 46.925], [-71.2678, 46.7959], [-71.7573, 46.6736], [-71.8796, 46.6868], [-72.2046, 46.5589], [-72.2566, 46.4851], [-72.6801, 46.2873], [-72.981, 46.2097], [-73.0219, 46.1203], [-73.1454, 46.0663], [-73.4766, 45.7382], [-73.7119, 45.7112], [-74.0378, 45.5019], [-74.3151, 45.5311], [-73.9996, 45.4333], [-73.9738, 45.3451], [-74.3583, 45.2064], [-74.7089, 45.0039], [-74.9961, 44.9701], [-75.4013, 44.7723], [-75.8759, 44.417], [-76.1512, 44.304], [-76.4646, 44.0576], [-76.82, 43.6288], [-78.4583, 43.6315], [-78.7204, 43.625], [-78.8456, 43.5834], [-79.1719, 43.4666], [-79.0592, 43.2781], [-79.0262, 43.0173], [-78.9151, 42.9091], [-79.0367, 42.8023], [-80.2476, 42.366], [-81.2776, 42.2092], [-82.4391, 41.6749], [-82.69, 41.6752], [-83.03, 41.833], [-83.1419, 41.9759], [-83.1497, 42.1419], [-83.0731, 42.3003], [-82.8678, 42.3852], [-82.5453, 42.6247], [-82.4082, 43.0727], [-82.1378, 43.5709], [-82.5511, 45.3474], [-83.5927, 45.8171], [-83.4695, 45.9947], [-83.616, 46.1168], [-83.9778, 46.0849], [-84.0884, 46.2265], [-84.1495, 46.5428], [-84.4017, 46.5156], [-84.5618, 46.4574], [-84.7794, 46.6373], [-84.876, 46.8999], [-88.3782, 48.3031], [-88.6118, 48.264], [-89.2732, 48.02], [-89.4557, 47.9962], [-89.901, 47.9955], [-89.9937, 48.0153], [-90.0918, 48.1181], [-90.7444, 48.1046], [-90.8403, 48.2005], [-90.9161, 48.2091], [-91.0435, 48.1937], [-91.3872, 48.0585], [-91.5183, 48.0583], [-91.8584, 48.1976], [-92.0052, 48.3019], [-92.1718, 48.3384], [-92.2987, 48.3289], [-92.3484, 48.2766], [-92.4146, 48.2766], [-92.5006, 48.4354], [-92.9962, 48.6118], [-93.3779, 48.6166], [-93.4636, 48.5613], [-93.7077, 48.5254], [-93.8036, 48.5489], [-93.8516, 48.6073], [-94.0552, 48.659], [-94.6209, 48.7426], [-94.8035, 49.0029], [-94.8543, 49.3046], [-94.9394, 49.3494], [-95.1553, 49.3697], [-95.1621, 48.9917], [-122.7888, 48.993], [-122.9242, 49.0747], [-123.0023, 49.0609], [-123.0773, 48.9802], [-123.0795, 49.1306], [-123.1819, 49.1295], [-123.2294, 49.2605], [-122.9477, 49.2933], [-122.8791, 49.3989], [-123.0155, 49.3222], [-123.2768, 49.3439], [-123.1875, 49.6803], [-123.325, 49.5777], [-123.3356, 49.4592], [-123.437, 49.4513], [-123.5306, 49.3973], [-123.8918, 49.4947], [-124.0286, 49.6029], [-124.0538, 49.6617], [-123.9926, 49.7362], [-123.9228, 49.7175], [-123.8172, 49.5866], [-123.5825, 49.6812], [-123.7627, 49.6585], [-123.8744, 49.7368], [-123.9042, 49.9812], [-123.7847, 50.088], [-123.8254, 50.1442], [-123.9459, 50.1839], [-123.8657, 50.0721], [-123.9574, 49.9928], [-123.9849, 49.8756], [-124.1416, 49.7927], [-124.2812, 49.7721], [-124.4833, 49.8082], [-124.7824, 50.0201], [-125.0567, 50.4187], [-124.8626, 50.6373], [-124.8599, 50.8724], [-125.0588, 50.5139], [-125.2099, 50.4763], [-125.4763, 50.4972], [-125.5394, 50.649], [-125.6413, 50.4662], [-125.7724, 50.5082], [-126.0943, 50.4976], [-126.4045, 50.5299], [-126.4475, 50.5877], [-125.8976, 50.6844], [-125.9041, 50.7049], [-126.5144, 50.6794], [-126.3746, 50.8374], [-126.5218, 50.8661], [-126.5173, 51.0568], [-126.6318, 50.9151], [-127.0576, 50.8675], [-127.3569, 50.9456], [-127.7081, 51.1512], [-127.6892, 51.3435], [-127.4197, 51.6081], [-127.2807, 51.6541], [-126.6915, 51.7034], [-127.3387, 51.7074], [-127.4427, 51.679], [-127.6449, 51.4785], [-127.7141, 51.4902], [-127.8189, 51.6039], [-127.8691, 51.7752], [-127.7276, 51.9932], [-127.8588, 51.9903], [-127.7954, 52.191], [-127.4379, 52.3562], [-127.2422, 52.3951], [-127.1757, 52.3148], [-127.008, 52.2907], [-126.714, 52.0607], [-126.9382, 52.3086], [-127.1271, 52.3709], [-127.194, 52.4577], [-127.1871, 52.5377], [-126.9513, 52.7212], [-127.0193, 52.8425], [-127.0662, 52.6527], [-127.5192, 52.3593], [-127.7134, 52.3185], [-127.8343, 52.251], [-128.1022, 51.7884], [-128.1936, 51.9983], [-128.3576, 52.1589], [-128.0375, 52.3182], [-128.0516, 52.4533], [-127.9402, 52.5452], [-128.0382, 52.5312], [-128.2715, 52.363], [-128.0533, 52.9107], [-128.365, 52.8258], [-128.452, 52.8766], [-128.5247, 53.1407], [-128.6523, 53.2438], [-129.0809, 53.3673], [-129.1716, 53.5336], [-129.1145, 53.6411], [-129.0214, 53.6921], [-128.8546, 53.7045], [-128.9056, 53.5593], [-128.5421, 53.4207], [-128.4786, 53.4103], [-128.3581, 53.4598], [-128.1327, 53.4178], [-127.9278, 53.2747], [-127.95, 53.3298], [-128.2072, 53.4832], [-128.5118, 53.4766], [-128.6755, 53.5546], [-128.7637, 53.7469], [-128.7147, 53.81], [-128.5321, 53.8581], [-128.7048, 53.9186], [-128.8902, 53.8298], [-128.9594, 53.8415], [-129.2081, 53.6416], [-129.2579, 53.418], [-129.4624, 53.3466], [-129.5637, 53.2515], [-129.8218, 53.4127], [-129.9119, 53.5514], [-130.0744, 53.5756], [-130.3353, 53.7239], [-130.0859, 53.9758], [-130.0433, 54.1335], [-129.7908, 54.1658], [-129.626, 54.2303], [-129.8984, 54.2264], [-130.0842, 54.1814], [-130.2903, 54.2704], [-130.4303, 54.421], [-130.3505, 54.6553], [-130.2189, 54.7303], [-129.8901, 55.1646], [-129.5606, 55.4625], [-129.7013, 55.4386], [-129.7952, 55.5596], [-129.8377, 55.3191], [-130.0485, 55.0573], [-130.0918, 55.1078], [-129.9852, 55.3588], [-130.0947, 55.6948], [-130.0203, 55.8808], [-130.0251, 55.8882]]], [[[-109.816, 78.6504], [-109.5041, 78.5825], [-109.3622, 78.4929], [-109.4845, 78.3164], [-110.4184, 78.295], [-110.7551, 78.3107], [-111.1692, 78.3863], [-111.5175, 78.2747], [-111.7597, 78.283], [-112.1312, 78.3661], [-113.223, 78.2979], [-113.2817, 78.3528], [-112.8559, 78.4668], [-111.7088, 78.5747], [-110.8776, 78.7351], [-110.4078, 78.7566], [-109.9409, 78.6785], [-109.816, 78.6504]]], [[[-110.4581, 78.1032], [-109.6223, 78.0748], [-109.7718, 77.9574], [-110.8656, 77.8341], [-110.7194, 77.7814], [-110.1527, 77.7629], [-110.1985, 77.5245], [-110.894, 77.426], [-111.2262, 77.4285], [-112.1765, 77.3438], [-113.1644, 77.5303], [-113.2152, 77.9035], [-112.3046, 78.0068], [-110.7273, 78.0966], [-110.4581, 78.1032]]], [[[-115.5513, 77.3633], [-115.5066, 77.2921], [-116.3292, 77.1371], [-115.8101, 76.9391], [-115.9129, 76.9084], [-116.2527, 76.9014], [-115.9463, 76.7113], [-116.2205, 76.6111], [-116.9992, 76.5316], [-117.0445, 76.3731], [-117.2336, 76.2815], [-117.4924, 76.2727], [-117.993, 76.4058], [-117.7805, 76.7843], [-117.8808, 76.8051], [-118.3006, 76.7367], [-118.4682, 76.5474], [-118.7914, 76.513], [-118.6434, 76.3347], [-119.0807, 76.1241], [-119.5804, 76.3265], [-119.7396, 76.1177], [-119.5261, 75.9972], [-119.9129, 75.8588], [-120.4089, 75.8256], [-120.8484, 76.1827], [-121.0193, 76.0203], [-121.2135, 75.9837], [-121.9082, 76.0348], [-122.4005, 75.9442], [-122.5331, 75.9509], [-122.6405, 76.0091], [-122.5927, 76.1621], [-122.9028, 76.1347], [-122.5194, 76.3532], [-122.3654, 76.4012], [-121.5611, 76.4535], [-121.102, 76.6607], [-120.4854, 76.7932], [-120.3109, 76.9046], [-119.0902, 77.3051], [-118.0052, 77.3812], [-117.4186, 77.3174], [-117.2791, 77.3134], [-117.149, 77.3608], [-116.8436, 77.3396], [-116.7036, 77.3799], [-117.0298, 77.4319], [-117.0397, 77.4651], [-116.8353, 77.5289], [-116.5113, 77.5476], [-116.008, 77.4606], [-115.5513, 77.3633]]], [[[-108.2924, 76.0571], [-107.8523, 76.0577], [-107.7235, 75.9954], [-108.0207, 75.8048], [-107.5409, 75.9012], [-107.2162, 75.8916], [-107.0504, 75.8454], [-106.9135, 75.6796], [-106.8917, 75.7824], [-106.6931, 75.81], [-106.8621, 75.9301], [-106.677, 76.0237], [-106.3966, 76.0601], [-105.6327, 75.9454], [-105.4814, 75.7022], [-105.972, 75.1315], [-107.0556, 74.9282], [-107.8201, 75.0], [-108.4748, 74.9472], [-108.7513, 74.9919], [-108.6333, 75.0233], [-108.8313, 75.0649], [-109.5031, 74.8828], [-110.3867, 74.814], [-110.9409, 74.6387], [-111.7287, 74.502], [-112.5193, 74.4168], [-113.0169, 74.4019], [-113.6716, 74.453], [-114.2683, 74.6043], [-114.377, 74.6709], [-114.3127, 74.7151], [-112.836, 74.9756], [-111.6711, 75.0194], [-111.0789, 75.1952], [-111.0935, 75.2563], [-111.6209, 75.1678], [-112.2142, 75.1329], [-112.5971, 75.2117], [-112.9514, 75.1078], [-113.7118, 75.0686], [-113.845, 75.1122], [-113.8533, 75.2594], [-113.4671, 75.4161], [-113.8785, 75.3754], [-114.0165, 75.4343], [-114.1685, 75.2395], [-114.5138, 75.2755], [-114.3578, 75.1713], [-114.4518, 75.0879], [-115.0201, 74.9762], [-115.4132, 75.115], [-115.7289, 74.9681], [-116.1426, 75.0416], [-116.4761, 75.1718], [-117.0048, 75.1561], [-117.5652, 75.2334], [-117.5761, 75.3141], [-117.2576, 75.4595], [-116.0771, 75.493], [-115.1418, 75.6785], [-115.1219, 75.7058], [-116.4256, 75.5854], [-117.0252, 75.6015], [-117.1636, 75.6449], [-116.8021, 75.7716], [-115.4769, 75.8413], [-114.9915, 75.8963], [-116.3379, 75.8811], [-116.6646, 75.9576], [-116.5497, 76.0168], [-116.5913, 76.0958], [-116.2099, 76.1944], [-114.7786, 76.1726], [-115.8222, 76.27], [-115.7793, 76.3647], [-115.5807, 76.4375], [-114.9985, 76.4975], [-114.5348, 76.5018], [-114.1939, 76.4515], [-114.0588, 76.3007], [-113.8235, 76.2068], [-113.1713, 76.2578], [-112.6976, 76.2017], [-111.8652, 75.9393], [-112.0567, 75.8342], [-111.5491, 75.8221], [-111.2757, 75.6125], [-111.0527, 75.5485], [-109.0864, 75.5065], [-108.9126, 75.587], [-108.9448, 75.699], [-109.796, 75.863], [-109.8705, 75.9291], [-109.4546, 76.0212], [-109.4304, 76.1091], [-109.7102, 76.2125], [-110.2008, 76.2895], [-110.3095, 76.3974], [-109.8648, 76.5224], [-109.3385, 76.76], [-109.0982, 76.8119], [-108.8316, 76.8211], [-108.467, 76.7376], [-108.6276, 76.5867], [-108.5125, 76.4389], [-108.1936, 76.3301], [-108.1232, 76.2334], [-108.3868, 76.0666], [-108.2924, 76.0571]]], [[[-114.5215, 72.5929], [-113.6924, 72.6728], [-113.5781, 72.6521], [-113.4914, 72.8221], [-113.2924, 72.9498], [-113.0735, 72.9953], [-112.7536, 72.986], [-112.0481, 72.888], [-111.2697, 72.7137], [-111.3555, 72.5721], [-111.6109, 72.4356], [-111.8952, 72.3561], [-111.6751, 72.3001], [-111.3112, 72.4548], [-111.2681, 72.3639], [-111.1399, 72.3653], [-110.7815, 72.5339], [-110.2051, 72.6613], [-110.1972, 72.7589], [-110.5536, 72.8614], [-110.6894, 72.9445], [-110.6608, 73.0082], [-110.0084, 72.9836], [-109.1219, 72.7264], [-108.9682, 72.6541], [-108.9944, 72.596], [-108.755, 72.5511], [-108.1882, 71.7238], [-107.8128, 71.6262], [-107.6873, 71.7161], [-107.3469, 71.8192], [-107.3769, 71.8861], [-107.306, 71.8947], [-107.6959, 72.1493], [-108.2382, 73.1058], [-108.2041, 73.1831], [-107.9362, 73.2171], [-108.0775, 73.2814], [-108.0291, 73.3487], [-107.72, 73.3291], [-107.1135, 73.1921], [-106.9508, 73.276], [-106.8284, 73.2659], [-105.8127, 73.0106], [-105.4151, 72.7883], [-105.2341, 72.4151], [-104.8783, 71.98], [-104.3859, 71.577], [-104.3558, 71.3821], [-104.5631, 71.1324], [-104.5148, 71.0643], [-104.1668, 70.9272], [-103.9535, 70.7626], [-103.5846, 70.6309], [-103.0772, 70.5088], [-103.0012, 70.541], [-103.0496, 70.6551], [-101.9898, 70.2851], [-101.6763, 70.2783], [-101.5624, 70.135], [-101.1485, 70.1476], [-101.0427, 70.1108], [-100.9091, 69.8692], [-100.9824, 69.6799], [-101.3373, 69.7103], [-101.4838, 69.8502], [-101.6477, 69.6985], [-102.1821, 69.8459], [-102.5959, 69.7179], [-102.5349, 69.6208], [-102.6211, 69.5515], [-102.9198, 69.5646], [-103.3593, 69.6854], [-103.4649, 69.6445], [-103.0489, 69.4718], [-103.1202, 69.2046], [-102.8841, 69.3413], [-102.4468, 69.4763], [-102.0459, 69.4648], [-101.9755, 69.407], [-102.0461, 69.2577], [-101.8729, 69.2399], [-101.7893, 69.1816], [-101.8571, 69.024], [-102.8951, 68.8236], [-103.4682, 68.8085], [-104.0673, 68.8656], [-104.3527, 68.9282], [-104.5714, 68.8721], [-105.1059, 68.9204], [-105.1693, 68.9554], [-105.0196, 69.0812], [-106.0084, 69.1476], [-106.2702, 69.1946], [-106.3614, 69.3811], [-106.5398, 69.4431], [-106.6591, 69.4396], [-107.0334, 69.1808], [-107.4399, 69.0021], [-108.365, 68.9348], [-108.9459, 68.7598], [-109.4721, 68.6767], [-110.8481, 68.5784], [-111.1276, 68.5883], [-111.3109, 68.542], [-112.8643, 68.4771], [-113.1277, 68.4941], [-113.2314, 68.5354], [-113.5548, 68.7676], [-113.6941, 69.195], [-114.3229, 69.2691], [-115.6181, 69.283], [-116.1016, 69.3372], [-116.5135, 69.4246], [-117.104, 69.8042], [-117.1954, 70.0541], [-117.1354, 70.1001], [-116.5538, 70.175], [-114.5923, 70.3125], [-112.6379, 70.2252], [-112.1896, 70.2756], [-111.7837, 70.2729], [-111.6326, 70.3088], [-112.1142, 70.4469], [-113.7573, 70.6907], [-115.9909, 70.5863], [-116.3273, 70.6237], [-116.9925, 70.6037], [-117.5871, 70.6295], [-118.3765, 70.9677], [-118.2691, 71.0347], [-117.8141, 71.1584], [-115.8916, 71.3818], [-116.0453, 71.4231], [-115.9803, 71.4693], [-115.4719, 71.4658], [-115.3034, 71.4937], [-115.5867, 71.5464], [-117.7233, 71.3907], [-118.1882, 71.4359], [-118.1483, 71.5257], [-117.8784, 71.5608], [-117.7423, 71.6593], [-118.583, 71.649], [-118.8684, 71.6868], [-118.9877, 71.7643], [-118.9446, 71.9855], [-118.5898, 72.1675], [-118.2135, 72.2629], [-118.4813, 72.4277], [-118.3745, 72.5339], [-117.2564, 72.9144], [-114.6382, 73.3727], [-114.2064, 73.2978], [-114.0517, 73.071], [-114.1092, 72.861], [-114.4979, 72.6259], [-114.5215, 72.5929]]], [[[-119.7363, 74.1126], [-119.4711, 74.2012], [-119.206, 74.198], [-119.118, 74.0155], [-118.544, 74.2446], [-117.9659, 74.2661], [-117.5148, 74.2317], [-116.9504, 74.1014], [-115.6343, 73.6655], [-115.4075, 73.5419], [-115.4116, 73.4648], [-118.9616, 72.6841], [-119.5128, 72.3027], [-119.7675, 72.2438], [-120.1799, 72.2126], [-120.4432, 71.6308], [-120.6193, 71.5058], [-121.4722, 71.389], [-121.6222, 71.4476], [-121.7494, 71.4448], [-122.1566, 71.2659], [-122.8399, 71.0975], [-123.0957, 71.0938], [-123.3934, 71.2188], [-123.6818, 71.4931], [-124.0078, 71.6774], [-125.2967, 71.973], [-125.8453, 71.9787], [-125.7626, 72.1375], [-125.5838, 72.1831], [-125.6273, 72.2548], [-125.3828, 72.4238], [-124.9871, 72.588], [-124.9697, 72.8433], [-124.5649, 72.9441], [-124.5883, 73.0053], [-124.8171, 73.0588], [-124.8041, 73.1257], [-124.4242, 73.4187], [-124.1142, 73.5274], [-123.7973, 73.7682], [-123.873, 73.8276], [-124.1915, 73.902], [-124.6962, 74.3482], [-121.5042, 74.5451], [-119.9436, 74.2537], [-119.5626, 74.2328], [-119.7369, 74.1299], [-119.7363, 74.1126]]], [[[-69.4889, 83.0168], [-66.4226, 82.9269], [-66.8363, 82.8179], [-68.4693, 82.6534], [-67.3971, 82.6681], [-65.7274, 82.8424], [-65.299, 82.7996], [-64.9839, 82.9023], [-64.504, 82.7784], [-64.1342, 82.8232], [-63.641, 82.8126], [-63.473, 82.7712], [-63.6425, 82.713], [-63.0854, 82.5652], [-63.2468, 82.4502], [-62.4752, 82.5196], [-61.6972, 82.4886], [-61.3025, 82.3998], [-61.2735, 82.2798], [-62.1767, 82.0434], [-63.5923, 81.8455], [-64.574, 81.7337], [-65.2262, 81.7435], [-65.7011, 81.6456], [-66.6257, 81.6164], [-66.9141, 81.4851], [-68.6885, 81.2933], [-68.7212, 81.2612], [-68.5426, 81.248], [-65.7357, 81.4942], [-64.7801, 81.4929], [-64.8328, 81.4386], [-65.484, 81.2848], [-68.6305, 80.6787], [-69.5507, 80.3833], [-69.7338, 80.3669], [-70.1435, 80.3977], [-70.7126, 80.5396], [-70.2128, 80.2777], [-70.2649, 80.2336], [-72.056, 80.1232], [-71.9487, 80.0862], [-71.6161, 80.071], [-70.8771, 80.1223], [-70.5684, 80.0937], [-70.7575, 79.9982], [-71.3558, 79.9113], [-71.1102, 79.8478], [-71.3878, 79.7618], [-71.9646, 79.7011], [-72.4365, 79.6944], [-73.4481, 79.8271], [-74.3945, 79.8741], [-74.6602, 79.8352], [-73.4725, 79.7564], [-73.2011, 79.5966], [-73.3615, 79.504], [-75.5034, 79.4142], [-76.8988, 79.5123], [-75.6027, 79.2396], [-75.0936, 79.2039], [-74.4812, 79.2295], [-74.5323, 79.0527], [-75.2332, 79.0355], [-75.9118, 79.1178], [-77.398, 79.0573], [-78.5816, 79.075], [-77.8828, 78.9424], [-76.8248, 79.0179], [-76.2559, 79.0068], [-75.7951, 78.8897], [-75.0985, 78.8583], [-74.4331, 78.7241], [-74.5466, 78.6203], [-74.8786, 78.5448], [-76.4161, 78.5115], [-75.4884, 78.4035], [-75.1935, 78.3277], [-75.9696, 77.9931], [-76.3556, 77.991], [-76.974, 77.9272], [-78.0126, 77.946], [-78.0762, 77.519], [-78.4932, 77.3694], [-79.9064, 77.2996], [-80.573, 77.3148], [-81.6591, 77.5254], [-81.2777, 77.3652], [-81.5229, 77.3108], [-82.0568, 77.2965], [-81.8402, 77.2141], [-81.5345, 77.2145], [-81.1172, 77.2696], [-80.6726, 77.2443], [-80.2187, 77.1466], [-79.9237, 77.1936], [-79.4973, 77.1961], [-79.3409, 77.1584], [-79.2208, 76.936], [-78.7918, 76.8836], [-78.2889, 76.978], [-77.9987, 76.852], [-77.9833, 76.755], [-78.2843, 76.5712], [-79.511, 76.3105], [-80.7997, 76.1736], [-80.9967, 76.215], [-80.8348, 76.3691], [-80.9745, 76.4701], [-81.1707, 76.5127], [-81.7174, 76.495], [-82.0342, 76.6294], [-82.5298, 76.7233], [-82.2332, 76.4658], [-83.8857, 76.4531], [-84.2238, 76.6753], [-84.2753, 76.3565], [-85.1413, 76.3046], [-85.6806, 76.349], [-86.1158, 76.4349], [-86.4537, 76.5849], [-86.6802, 76.3766], [-87.3542, 76.448], [-87.4898, 76.5858], [-87.4976, 76.3863], [-88.396, 76.4053], [-88.4959, 76.7729], [-88.6141, 76.6509], [-88.5458, 76.4209], [-89.5701, 76.4919], [-89.4998, 76.8268], [-88.5562, 77.0722], [-88.1479, 77.124], [-87.3617, 77.1362], [-86.8123, 77.1849], [-87.1824, 77.3321], [-87.5892, 77.3948], [-87.9379, 77.5998], [-88.0947, 77.7192], [-87.7571, 77.8362], [-87.018, 77.8922], [-86.3851, 77.8086], [-85.5885, 77.4611], [-84.7387, 77.361], [-83.7213, 77.4142], [-82.7104, 77.8495], [-82.5953, 77.9921], [-83.4282, 77.6213], [-83.7794, 77.5326], [-84.1678, 77.5227], [-84.4858, 77.562], [-84.8605, 77.4995], [-85.2894, 77.559], [-85.292, 77.7639], [-85.5476, 77.9277], [-84.6154, 78.1957], [-84.2227, 78.176], [-84.55, 78.2514], [-84.9104, 78.2397], [-84.7832, 78.5276], [-85.0243, 78.3124], [-85.5859, 78.1096], [-86.2178, 78.0812], [-85.9201, 78.3429], [-86.4271, 78.197], [-86.9132, 78.1268], [-87.3394, 78.1327], [-87.5518, 78.1766], [-87.4913, 78.4172], [-86.8079, 78.7744], [-85.0038, 78.9123], [-83.2714, 78.7703], [-82.9898, 78.8441], [-82.1511, 78.8641], [-81.7501, 78.9758], [-82.4388, 78.9037], [-84.1458, 78.9598], [-84.412, 78.9966], [-84.5678, 79.0713], [-84.3836, 79.1186], [-83.5759, 79.0537], [-84.1974, 79.2251], [-85.2685, 79.6641], [-86.0315, 79.7219], [-86.4208, 79.8452], [-86.6145, 80.1235], [-86.4985, 80.2583], [-86.3072, 80.3193], [-84.0565, 80.262], [-83.7236, 80.229], [-82.6775, 79.9928], [-81.6884, 79.6858], [-81.0381, 79.6142], [-80.4759, 79.6063], [-80.1245, 79.6695], [-81.0102, 79.6931], [-82.6813, 80.1749], [-82.987, 80.3226], [-82.5361, 80.3755], [-80.9796, 80.4453], [-80.0511, 80.5286], [-79.6293, 80.6479], [-78.3862, 80.7844], [-76.863, 80.8648], [-77.1186, 80.8964], [-78.551, 80.9214], [-78.7162, 80.9517], [-78.2868, 81.1676], [-76.8851, 81.4303], [-77.9724, 81.3308], [-78.7339, 81.151], [-79.1983, 81.1176], [-79.7613, 80.8419], [-81.007, 80.6549], [-82.3682, 80.5613], [-82.8843, 80.5775], [-82.2224, 80.7723], [-83.4014, 80.714], [-84.2198, 80.5378], [-85.1458, 80.5211], [-85.7262, 80.5812], [-86.2503, 80.5658], [-86.5316, 80.6047], [-86.6031, 80.664], [-86.4405, 80.728], [-85.2463, 80.9879], [-83.3492, 81.1033], [-83.2888, 81.1479], [-85.7809, 81.0351], [-87.3299, 80.6698], [-87.7117, 80.6562], [-89.0617, 80.8295], [-89.2633, 80.9143], [-89.1669, 80.9413], [-88.4131, 80.9998], [-87.3887, 80.9884], [-86.4768, 81.0357], [-84.9412, 81.2862], [-85.4025, 81.2853], [-86.6228, 81.1227], [-87.2751, 81.0808], [-89.623, 81.0325], [-89.981, 81.1247], [-89.9473, 81.1727], [-89.2087, 81.2501], [-89.6737, 81.3286], [-88.6219, 81.5014], [-87.597, 81.5258], [-88.4791, 81.5646], [-90.4163, 81.4054], [-90.609, 81.4295], [-90.5538, 81.4642], [-89.8217, 81.6349], [-90.6263, 81.656], [-91.2924, 81.5712], [-91.6841, 81.6357], [-91.6476, 81.6838], [-90.9419, 81.8274], [-90.4902, 81.8772], [-89.381, 81.9167], [-88.5668, 82.0611], [-88.0632, 82.0965], [-87.4044, 82.0542], [-87.0182, 81.9587], [-86.834, 82.0333], [-86.6268, 82.051], [-85.6457, 81.9533], [-85.0448, 81.9828], [-85.3106, 82.044], [-86.5806, 82.1872], [-86.6156, 82.2186], [-85.7944, 82.2916], [-84.8968, 82.4494], [-84.3681, 82.3739], [-83.5907, 82.3265], [-83.0102, 82.1417], [-82.6337, 82.0773], [-82.356, 82.066], [-82.3274, 82.0925], [-82.7475, 82.1964], [-82.5369, 82.2473], [-80.1534, 81.9776], [-79.4656, 81.8511], [-79.6295, 81.9323], [-80.1298, 82.0284], [-81.4683, 82.1924], [-82.4476, 82.395], [-82.2689, 82.4646], [-81.6812, 82.5187], [-82.1168, 82.6287], [-81.5797, 82.643], [-80.8625, 82.5715], [-81.1781, 82.7447], [-81.0102, 82.7791], [-80.0758, 82.7062], [-78.7488, 82.6794], [-79.8338, 82.8165], [-80.1549, 82.9111], [-79.8863, 82.9385], [-78.525, 82.8911], [-77.6181, 82.8958], [-76.421, 82.6709], [-76.0094, 82.5352], [-75.5656, 82.6085], [-75.6429, 82.6435], [-76.9084, 82.9194], [-77.1249, 83.0085], [-75.7449, 83.0472], [-74.4142, 83.0131], [-73.272, 82.7716], [-72.6587, 82.7216], [-73.4419, 82.9048], [-73.3312, 82.9988], [-72.8117, 83.0812], [-71.9832, 83.1014], [-70.9404, 82.9022], [-71.4235, 83.0211], [-71.0848, 83.0827], [-69.9699, 83.1161], [-69.5694, 83.0249], [-69.4889, 83.0168]]], [[[-95.4844, 77.792], [-95.2331, 77.7538], [-93.5829, 77.7708], [-93.301, 77.7398], [-93.1287, 77.6602], [-93.3392, 77.6297], [-93.5439, 77.4667], [-95.9871, 77.4841], [-96.2639, 77.5945], [-96.2392, 77.6726], [-95.6839, 77.7823], [-95.4844, 77.792]]], [[[-93.5426, 75.0279], [-93.4635, 74.8565], [-93.5731, 74.6688], [-94.5345, 74.6367], [-94.8039, 74.6601], [-95.2861, 74.7941], [-95.8654, 74.8304], [-96.0942, 74.9325], [-96.1817, 74.9508], [-96.2701, 74.9203], [-96.3863, 74.9995], [-96.5599, 74.9904], [-96.5996, 75.0318], [-96.3829, 75.2114], [-96.1804, 75.2401], [-95.9546, 75.4438], [-95.6708, 75.5287], [-94.8782, 75.63], [-94.4272, 75.5934], [-93.9091, 75.4225], [-93.4976, 75.1369], [-93.5518, 75.0512], [-93.5426, 75.0279]]], [[[-100.0019, 73.9459], [-99.158, 73.7316], [-97.5818, 73.8875], [-97.2248, 73.8438], [-97.0113, 73.7062], [-97.1564, 73.5922], [-97.4898, 73.5266], [-97.597, 73.5366], [-97.6259, 73.5023], [-97.5858, 73.4711], [-97.3503, 73.481], [-97.2304, 73.4213], [-97.2725, 73.3868], [-97.7959, 73.2853], [-98.3756, 73.0447], [-98.4309, 72.9581], [-98.3667, 72.9341], [-97.9394, 73.0356], [-97.6363, 73.0276], [-97.3288, 72.9378], [-97.3777, 72.8649], [-97.083, 72.7628], [-97.1281, 72.6276], [-96.6713, 72.7132], [-96.5421, 72.6987], [-96.4729, 72.4344], [-96.6383, 72.342], [-96.8015, 72.3224], [-96.5929, 72.2045], [-96.7663, 72.0459], [-96.6244, 71.9676], [-96.6134, 71.8338], [-96.9465, 71.7919], [-97.2222, 71.6735], [-97.5823, 71.6297], [-98.1813, 71.6625], [-98.3227, 71.8523], [-98.4588, 71.7732], [-98.1986, 71.4409], [-98.6629, 71.3021], [-99.2236, 71.3871], [-99.7347, 71.7572], [-100.5945, 72.1523], [-100.9836, 72.2101], [-101.2085, 72.317], [-101.4983, 72.2779], [-101.7239, 72.3149], [-101.9737, 72.4861], [-102.4022, 72.5947], [-102.7087, 72.7645], [-102.5511, 72.9783], [-102.204, 73.0773], [-101.9225, 73.057], [-101.2732, 72.7217], [-100.4848, 72.7729], [-100.3957, 72.977], [-100.2279, 72.8989], [-100.1281, 72.9067], [-100.2362, 73.0954], [-100.5314, 73.1383], [-100.5364, 73.1979], [-100.3407, 73.2652], [-100.067, 73.2111], [-99.8251, 73.2139], [-100.3661, 73.359], [-100.587, 73.2996], [-100.8894, 73.2753], [-101.4509, 73.431], [-101.5232, 73.4864], [-101.3231, 73.572], [-100.9758, 73.5998], [-100.5217, 73.4493], [-100.6071, 73.5754], [-100.8982, 73.6581], [-100.9851, 73.7653], [-100.9151, 73.8054], [-100.4836, 73.8435], [-99.9911, 73.7952], [-99.9395, 73.8571], [-100.1538, 73.8441], [-100.2248, 73.8725], [-100.1385, 73.9289], [-100.0019, 73.9459]]], [[[-84.9196, 65.2611], [-84.8421, 65.2559], [-84.6125, 65.4473], [-84.5011, 65.4584], [-84.2664, 65.3672], [-84.0849, 65.2178], [-83.4908, 65.1318], [-83.201, 64.9597], [-82.6676, 64.7803], [-82.2717, 64.7211], [-82.05, 64.6443], [-81.7872, 64.426], [-81.6761, 64.2126], [-81.6809, 64.1456], [-81.8871, 64.0164], [-81.3356, 64.0758], [-81.0236, 64.0311], [-80.9211, 64.1005], [-80.829, 64.0899], [-80.5688, 63.9319], [-80.6683, 63.9015], [-80.2613, 63.802], [-80.3021, 63.7622], [-81.0464, 63.4616], [-81.9633, 63.6645], [-82.3781, 63.7068], [-82.4671, 63.927], [-83.0339, 64.0232], [-83.0651, 64.159], [-83.304, 64.1438], [-83.5836, 64.0581], [-83.7283, 63.8134], [-84.0221, 63.6599], [-84.3076, 63.5858], [-84.6329, 63.3092], [-84.9615, 63.1972], [-85.3926, 63.1197], [-85.4955, 63.1391], [-85.7689, 63.7003], [-86.5757, 63.6623], [-86.9152, 63.569], [-87.1519, 63.5856], [-87.1889, 63.6723], [-86.932, 63.9017], [-86.4217, 64.0516], [-86.2521, 64.1369], [-86.3743, 64.5658], [-86.1883, 65.0103], [-86.0746, 65.5338], [-85.814, 65.8319], [-85.5547, 65.9187], [-85.1762, 65.7469], [-85.1054, 65.6227], [-85.2399, 65.5103], [-85.0561, 65.4374], [-84.9196, 65.2611]]], [[[-97.7009, 76.4665], [-97.7388, 76.3353], [-97.5311, 76.1094], [-97.65, 75.9792], [-97.6017, 75.8511], [-97.8905, 75.7604], [-97.4075, 75.6725], [-97.336, 75.4198], [-97.6533, 75.5078], [-97.8782, 75.4161], [-97.8527, 75.2603], [-97.6743, 75.1273], [-97.8427, 75.1218], [-98.0453, 75.2008], [-97.9533, 75.0602], [-98.1209, 75.0327], [-98.7035, 75.0058], [-99.1558, 75.0157], [-99.3261, 75.0494], [-99.6269, 74.9837], [-100.2344, 75.0077], [-100.4835, 75.1884], [-100.4595, 75.2191], [-100.1457, 75.2461], [-100.7312, 75.3465], [-100.7119, 75.4063], [-100.2796, 75.461], [-99.756, 75.6334], [-99.2094, 75.6686], [-99.1946, 75.6984], [-99.9151, 75.6813], [-101.2068, 75.5904], [-101.4613, 75.6079], [-102.5874, 75.5137], [-102.7975, 75.5997], [-102.2521, 75.7777], [-102.1447, 75.875], [-101.9428, 75.8838], [-101.2614, 75.7582], [-100.9728, 75.7984], [-101.288, 75.7891], [-101.5059, 75.9181], [-101.4313, 75.992], [-101.8234, 76.0414], [-101.8614, 76.1013], [-101.557, 76.2358], [-101.9875, 76.2431], [-102.1377, 76.2849], [-102.1047, 76.3312], [-101.7875, 76.4513], [-101.4152, 76.4249], [-101.1391, 76.3452], [-101.0558, 76.2456], [-100.1057, 75.9604], [-99.7749, 75.9274], [-99.6889, 75.9597], [-99.9783, 76.0295], [-100.1128, 76.1172], [-99.5411, 76.1463], [-100.4142, 76.2425], [-99.9777, 76.3125], [-100.8199, 76.437], [-100.8297, 76.5239], [-100.3879, 76.6136], [-99.8141, 76.6322], [-99.669, 76.6241], [-99.1696, 76.4537], [-98.8903, 76.4656], [-99.0236, 76.6146], [-98.7108, 76.6938], [-97.7259, 76.4961], [-97.7009, 76.4665]]], [[[-103.426, 79.3156], [-102.9144, 79.2311], [-102.6523, 79.095], [-102.7305, 78.9693], [-102.5762, 78.8794], [-102.3932, 79.0103], [-101.9736, 79.0792], [-101.7037, 79.0789], [-101.0372, 78.939], [-101.1281, 78.8017], [-100.917, 78.7829], [-100.4355, 78.8203], [-100.0147, 78.7286], [-99.5821, 78.5633], [-99.8478, 78.4382], [-99.7514, 78.303], [-99.5625, 78.2793], [-99.0531, 78.0724], [-99.1664, 77.8569], [-99.9559, 77.7938], [-100.2747, 77.8327], [-100.6803, 77.9307], [-101.0741, 78.1938], [-102.057, 78.2795], [-102.607, 78.2489], [-102.7721, 78.3069], [-102.7313, 78.371], [-103.6772, 78.3196], [-103.9466, 78.26], [-104.3242, 78.2695], [-104.7636, 78.3517], [-104.9854, 78.468], [-104.9096, 78.5526], [-104.7271, 78.5794], [-103.7644, 78.5195], [-103.5705, 78.5398], [-103.588, 78.623], [-104.0208, 78.6349], [-103.3716, 78.7363], [-103.5184, 78.7691], [-104.185, 78.7813], [-103.8756, 78.9027], [-104.152, 78.9899], [-104.8955, 78.8082], [-104.9695, 78.8565], [-104.7468, 79.0271], [-104.9014, 79.0511], [-105.5356, 79.0325], [-105.5146, 79.2425], [-105.3877, 79.3236], [-104.8474, 79.311], [-103.7064, 79.3521], [-103.426, 79.3156]]], [[[-91.8855, 81.1329], [-91.2725, 80.8501], [-90.6829, 80.6877], [-90.643, 80.5937], [-89.8619, 80.4984], [-89.5248, 80.5388], [-89.2356, 80.5106], [-89.1983, 80.2632], [-88.8573, 80.1662], [-88.1999, 80.1115], [-88.3808, 80.2252], [-88.6125, 80.2554], [-88.6437, 80.3869], [-88.5248, 80.418], [-88.1252, 80.4295], [-87.675, 80.3721], [-87.6255, 80.1872], [-87.9223, 80.0977], [-87.2021, 80.0432], [-86.9772, 79.8942], [-87.2952, 79.5802], [-86.9252, 79.591], [-86.6488, 79.6462], [-86.337, 79.635], [-86.007, 79.4794], [-85.6786, 79.6153], [-85.0638, 79.3282], [-85.2898, 79.2083], [-86.7208, 78.9755], [-86.9572, 78.9749], [-87.0804, 78.8661], [-87.6174, 78.6763], [-87.9223, 78.7514], [-87.8294, 79.0453], [-88.0402, 78.9953], [-88.2538, 78.672], [-88.0031, 78.6155], [-87.9829, 78.5371], [-88.1476, 78.4771], [-88.5807, 78.6019], [-88.7416, 78.584], [-88.6064, 78.392], [-88.8224, 78.1859], [-89.0957, 78.2092], [-90.0371, 78.6068], [-90.0763, 78.5492], [-89.5257, 78.1596], [-90.2972, 78.328], [-90.6524, 78.3077], [-90.3268, 78.1848], [-90.6144, 78.1499], [-91.4096, 78.188], [-92.3513, 78.3129], [-92.8482, 78.4601], [-91.8669, 78.5427], [-92.7155, 78.605], [-93.2666, 78.6083], [-93.6344, 78.7509], [-93.5614, 78.7773], [-93.1599, 78.7756], [-93.9022, 78.8722], [-94.1536, 78.951], [-94.1628, 78.9942], [-93.9502, 79.0374], [-93.2939, 79.1395], [-92.6836, 79.1858], [-92.5472, 79.2826], [-91.2999, 79.3727], [-92.2479, 79.3734], [-92.4846, 79.4393], [-92.8219, 79.4499], [-93.9332, 79.2907], [-94.1094, 79.3151], [-93.9397, 79.3857], [-94.1103, 79.4016], [-95.1032, 79.2899], [-95.733, 79.4182], [-95.6629, 79.5273], [-94.5197, 79.6671], [-94.4019, 79.7363], [-95.297, 79.6531], [-95.8575, 79.6738], [-96.4627, 79.8475], [-96.7732, 80.1358], [-95.782, 80.0664], [-94.6459, 80.0487], [-94.5826, 80.1414], [-94.2626, 80.1949], [-94.5901, 80.2015], [-95.4051, 80.135], [-95.6462, 80.231], [-96.0257, 80.2217], [-96.3941, 80.315], [-96.1122, 80.3804], [-95.5491, 80.3666], [-96.1518, 80.5535], [-96.1328, 80.6914], [-95.927, 80.7207], [-95.2258, 80.6858], [-94.8926, 80.5709], [-93.9279, 80.5592], [-94.5963, 80.6406], [-94.7885, 80.7513], [-95.5147, 80.8381], [-95.2698, 81.0008], [-94.9805, 81.0497], [-94.5194, 81.0312], [-93.826, 81.1057], [-93.2867, 81.1003], [-93.2354, 81.1551], [-93.4065, 81.2091], [-94.1944, 81.2409], [-94.2201, 81.3308], [-93.3328, 81.3644], [-93.0347, 81.3463], [-92.4126, 81.2783], [-91.9979, 81.1855], [-91.8855, 81.1329]]], [[[-94.295, 76.9125], [-93.8109, 76.9142], [-93.23, 76.7703], [-93.2006, 76.6691], [-93.5346, 76.4477], [-92.9954, 76.6204], [-92.297, 76.616], [-91.7895, 76.6758], [-91.305, 76.6808], [-90.7384, 76.5813], [-90.5426, 76.4958], [-90.6216, 76.4647], [-91.3981, 76.5098], [-91.4151, 76.4559], [-90.8548, 76.4373], [-89.2845, 76.3016], [-89.2365, 76.239], [-89.4066, 76.1892], [-90.3121, 76.158], [-91.4073, 76.2201], [-91.2794, 76.1599], [-90.7121, 76.0762], [-90.2514, 76.0535], [-89.7934, 75.9249], [-89.6953, 75.8536], [-89.5112, 75.8569], [-89.2776, 75.7951], [-89.2566, 75.6985], [-89.646, 75.565], [-89.2804, 75.5641], [-88.9167, 75.454], [-88.8041, 75.5025], [-88.8521, 75.6249], [-88.645, 75.6584], [-88.2013, 75.512], [-87.7297, 75.5756], [-87.5391, 75.4849], [-87.2569, 75.6177], [-86.8145, 75.4914], [-85.9515, 75.395], [-85.9045, 75.4419], [-86.0687, 75.5022], [-85.973, 75.5287], [-85.5812, 75.5798], [-85.3723, 75.5726], [-84.9868, 75.6449], [-84.6049, 75.6535], [-83.932, 75.8189], [-83.2371, 75.7508], [-82.1537, 75.8311], [-81.2686, 75.756], [-81.1508, 75.7355], [-81.1735, 75.6692], [-81.0008, 75.6431], [-80.322, 75.6291], [-80.1192, 75.5621], [-80.2604, 75.4794], [-79.6602, 75.4495], [-79.5091, 75.2598], [-80.382, 75.0342], [-80.1353, 74.9881], [-79.6641, 75.0208], [-79.4014, 74.9176], [-79.9445, 74.8336], [-80.3478, 74.903], [-80.1489, 74.7957], [-80.2777, 74.5816], [-81.2262, 74.5666], [-81.9402, 74.4727], [-82.9311, 74.5656], [-83.117, 74.6931], [-83.1026, 74.8166], [-83.5221, 74.9015], [-83.3413, 74.7646], [-83.5319, 74.5857], [-84.4255, 74.5081], [-84.8183, 74.542], [-85.0614, 74.6069], [-85.1334, 74.5174], [-85.3393, 74.5433], [-85.4423, 74.6006], [-85.5435, 74.5348], [-85.808, 74.499], [-86.1099, 74.5397], [-86.3406, 74.5135], [-86.7308, 74.557], [-86.6661, 74.4891], [-86.7702, 74.4786], [-88.423, 74.4941], [-88.5579, 74.5697], [-88.3396, 74.7849], [-88.535, 74.8317], [-88.8511, 74.69], [-88.9401, 74.7895], [-89.1919, 74.7449], [-89.1958, 74.6375], [-89.5587, 74.5547], [-89.8444, 74.5486], [-90.5533, 74.6127], [-90.9668, 74.7151], [-90.8802, 74.8178], [-91.1299, 74.7363], [-91.1346, 74.6499], [-91.5491, 74.6556], [-91.9616, 74.7932], [-92.1742, 75.0511], [-92.0763, 75.1235], [-92.4083, 75.2973], [-92.4111, 75.4062], [-92.0688, 75.6579], [-92.1851, 75.8465], [-93.0917, 76.354], [-93.3086, 76.3596], [-93.6652, 76.2731], [-94.5854, 76.2972], [-95.2739, 76.2644], [-95.4474, 76.363], [-95.8417, 76.4162], [-96.0397, 76.4867], [-95.651, 76.5847], [-95.9713, 76.5696], [-96.8807, 76.7383], [-96.878, 76.8028], [-96.5903, 76.763], [-96.4016, 76.7972], [-96.7711, 76.8889], [-96.7583, 76.9718], [-96.0612, 77.05], [-95.6382, 77.0638], [-94.6161, 76.9583], [-94.295, 76.9125]]], [[[-96.2045, 78.5313], [-95.9685, 78.5051], [-95.5611, 78.5166], [-94.9154, 78.3905], [-94.8872, 78.3452], [-95.3292, 78.225], [-94.9343, 78.0756], [-95.1991, 77.9682], [-96.9896, 77.806], [-97.0191, 77.9081], [-97.4267, 77.9823], [-97.6582, 78.0906], [-97.0409, 78.1169], [-96.9447, 78.1519], [-97.819, 78.2306], [-98.0495, 78.3259], [-98.3173, 78.4769], [-98.3156, 78.5175], [-98.0604, 78.5584], [-98.3326, 78.7735], [-98.2121, 78.8045], [-97.3823, 78.7829], [-96.4753, 78.6652], [-96.2565, 78.5511], [-96.2045, 78.5313]]], [[[-93.1709, 74.161], [-92.5868, 74.0827], [-92.2227, 73.9724], [-91.6304, 74.0278], [-91.088, 74.0093], [-90.458, 73.9084], [-90.3814, 73.8248], [-91.2493, 73.304], [-91.5537, 73.2361], [-91.4259, 73.1949], [-91.4596, 73.1454], [-92.1179, 72.7538], [-92.3919, 72.7185], [-93.3406, 72.8019], [-94.2113, 72.7569], [-93.7706, 72.6682], [-93.5465, 72.5313], [-93.5552, 72.4211], [-93.8706, 72.2526], [-94.0375, 72.0288], [-94.1437, 72.0008], [-94.4972, 72.0436], [-95.0079, 72.0128], [-95.193, 72.0274], [-95.251, 72.502], [-95.6021, 72.8845], [-95.6329, 73.6955], [-95.386, 73.7551], [-94.6976, 73.6636], [-94.8969, 73.716], [-95.1341, 73.8812], [-95.0398, 74.0239], [-94.4826, 74.1131], [-93.7846, 74.1184], [-93.4103, 74.1788], [-93.1709, 74.161]]], [[[-97.4395, 69.6427], [-97.2361, 69.6735], [-96.8752, 69.51], [-96.3, 69.3444], [-95.7514, 68.8977], [-95.5855, 68.8351], [-95.3742, 68.8921], [-95.2678, 68.8261], [-95.4656, 68.7473], [-95.6856, 68.7358], [-95.8946, 68.6272], [-96.4016, 68.4707], [-96.5988, 68.4608], [-97.0084, 68.5387], [-97.472, 68.5437], [-98.2351, 68.7394], [-98.3206, 68.8427], [-98.5396, 68.7982], [-98.7038, 68.8028], [-98.8296, 68.8386], [-98.9045, 68.9324], [-99.0574, 68.9177], [-99.0906, 68.8633], [-99.318, 68.8763], [-99.5641, 69.0341], [-99.4557, 69.1312], [-98.9122, 69.1676], [-98.5035, 69.3083], [-98.4504, 69.3541], [-98.5585, 69.4614], [-98.4484, 69.4795], [-98.546, 69.5729], [-98.3894, 69.565], [-98.2223, 69.4845], [-98.0414, 69.4566], [-98.2888, 69.629], [-98.2005, 69.797], [-97.7907, 69.8616], [-97.4114, 69.7385], [-97.4694, 69.6668], [-97.4395, 69.6427]]], [[[-61.1052, 45.9447], [-60.8652, 45.9835], [-60.8684, 45.9486], [-61.0375, 45.8822], [-60.9715, 45.838], [-61.0921, 45.7484], [-61.059, 45.7034], [-60.9304, 45.7477], [-60.7379, 45.7514], [-60.4606, 45.9687], [-60.7049, 45.9329], [-60.7333, 45.9566], [-60.5732, 46.0614], [-60.5857, 46.1166], [-60.5049, 46.2039], [-60.2979, 46.3112], [-60.2265, 46.1956], [-60.0925, 46.206], [-59.865, 46.1595], [-59.8488, 46.1129], [-59.934, 46.0194], [-59.828, 45.9651], [-59.8422, 45.9416], [-60.0158, 45.8805], [-60.3861, 45.6546], [-60.6729, 45.5908], [-60.8716, 45.6107], [-61.2837, 45.5739], [-61.4498, 45.7162], [-61.4953, 45.9415], [-61.4806, 46.0598], [-61.4086, 46.1704], [-61.2405, 46.3025], [-60.8702, 46.7968], [-60.571, 46.9988], [-60.4082, 47.0035], [-60.4254, 46.9232], [-60.3329, 46.737], [-60.4824, 46.4135], [-60.4945, 46.2703], [-60.5769, 46.1722], [-60.9122, 46.0446], [-61.1052, 45.9447]]], [[[-67.1249, 45.1694], [-67.2496, 45.2008], [-67.3153, 45.1538], [-67.3669, 45.1738], [-67.4726, 45.2759], [-67.4279, 45.3779], [-67.4937, 45.4741], [-67.4244, 45.5304], [-67.4327, 45.6031], [-67.5958, 45.6208], [-67.8022, 45.7275], [-67.767, 45.927], [-67.8068, 47.0828], [-68.2355, 47.3459], [-68.358, 47.3445], [-68.3769, 47.3162], [-68.8287, 47.2033], [-68.9372, 47.2112], [-69.0486, 47.2736], [-69.0502, 47.4266], [-69.2429, 47.463], [-70.0077, 46.7089], [-70.0672, 46.4411], [-70.2483, 46.2509], [-70.3045, 46.0574], [-70.2962, 45.9061], [-70.4079, 45.8019], [-70.4211, 45.7382], [-70.7022, 45.5514], [-70.6898, 45.4283], [-70.7992, 45.4048], [-70.865, 45.2707], [-70.9999, 45.3373], [-71.1347, 45.2628], [-71.3273, 45.2901], [-71.5175, 45.0076], [-74.7089, 45.0039], [-74.269, 45.1883], [-74.0498, 45.2414], [-73.7646, 45.3955], [-73.5581, 45.4251], [-73.4653, 45.6323], [-73.1596, 46.0101], [-72.9899, 46.1036], [-72.7334, 46.1818], [-72.4962, 46.3527], [-72.2401, 46.4421], [-72.1093, 46.5512], [-71.9009, 46.6319], [-71.6713, 46.6538], [-71.2612, 46.7563], [-70.5195, 47.0325], [-70.0696, 47.3778], [-70.0171, 47.4714], [-69.5811, 47.8237], [-69.471, 47.9673], [-68.9871, 48.275], [-68.2382, 48.6264], [-67.5609, 48.856], [-66.5981, 49.1264], [-66.1782, 49.2131], [-65.5234, 49.2662], [-64.8363, 49.1917], [-64.5677, 49.1048], [-64.2162, 48.8736], [-64.2088, 48.8062], [-64.5137, 48.8411], [-64.2461, 48.6911], [-64.2538, 48.5504], [-64.3488, 48.4232], [-64.6332, 48.3605], [-64.8221, 48.1965], [-65.2594, 48.0212], [-65.4759, 48.0315], [-65.9267, 48.1889], [-66.0831, 48.1027], [-66.449, 48.1196], [-66.7044, 48.0225], [-66.3596, 48.0606], [-66.2102, 47.9886], [-65.8494, 47.911], [-65.7557, 47.8598], [-65.6665, 47.6961], [-65.6072, 47.67], [-65.4835, 47.687], [-65.2282, 47.8113], [-65.0017, 47.8468], [-65.0464, 47.793], [-64.874, 47.7972], [-64.7032, 47.7249], [-64.8521, 47.5699], [-64.9122, 47.3687], [-65.3189, 47.1012], [-65.1921, 47.0496], [-65.0424, 47.0888], [-64.8314, 47.0608], [-64.9058, 46.8879], [-64.8167, 46.6987], [-64.7259, 46.6714], [-64.6479, 46.356], [-64.5568, 46.3114], [-64.5415, 46.2403], [-63.9159, 46.1658], [-63.8319, 46.1072], [-64.0564, 46.0213], [-63.7029, 45.858], [-63.5092, 45.8747], [-63.2928, 45.752], [-63.1079, 45.7824], [-62.7007, 45.7406], [-62.7501, 45.6482], [-62.5856, 45.6607], [-62.4831, 45.6218], [-61.9555, 45.8682], [-61.8772, 45.7142], [-61.7765, 45.6556], [-61.6569, 45.6422], [-61.4923, 45.687], [-61.3505, 45.5737], [-61.282, 45.4411], [-61.461, 45.3667], [-61.1067, 45.3486], [-61.0315, 45.2917], [-61.1011, 45.2334], [-61.1653, 45.2561], [-61.2838, 45.2355], [-62.514, 44.8437], [-63.0318, 44.7148], [-63.1557, 44.7113], [-63.3063, 44.6426], [-63.4568, 44.6399], [-63.604, 44.6832], [-63.5448, 44.5438], [-63.6098, 44.48], [-63.8207, 44.5106], [-63.9997, 44.6449], [-64.1009, 44.4875], [-64.167, 44.5867], [-64.2861, 44.5503], [-64.3385, 44.4449], [-64.2757, 44.3341], [-64.3346, 44.292], [-64.3782, 44.3036], [-64.4688, 44.1852], [-64.5785, 44.142], [-64.8624, 43.8679], [-65.0868, 43.7272], [-65.2349, 43.7268], [-65.3296, 43.6681], [-65.3443, 43.5496], [-65.4285, 43.5614], [-65.4817, 43.5181], [-65.5645, 43.5533], [-65.6619, 43.534], [-65.7381, 43.5607], [-65.8869, 43.7952], [-65.9784, 43.8148], [-66.0376, 43.7422], [-66.1257, 43.8138], [-66.1931, 44.1438], [-66.0996, 44.3675], [-65.868, 44.5688], [-65.9419, 44.5755], [-66.1464, 44.4359], [-66.0906, 44.5049], [-65.917, 44.6151], [-65.6158, 44.6804], [-65.5022, 44.7604], [-65.7282, 44.6971], [-65.6567, 44.7603], [-64.9029, 45.1208], [-64.4488, 45.2561], [-64.4069, 45.3057], [-64.4481, 45.3375], [-64.3308, 45.3093], [-64.3542, 45.1382], [-64.235, 45.1143], [-64.1355, 45.023], [-64.1827, 45.147], [-64.0932, 45.2171], [-63.7483, 45.3109], [-63.4603, 45.3211], [-63.368, 45.3648], [-63.6145, 45.3941], [-63.9064, 45.3782], [-64.0872, 45.4109], [-64.3364, 45.3896], [-64.6002, 45.4101], [-64.7467, 45.3244], [-64.8731, 45.3546], [-64.9129, 45.3748], [-64.8274, 45.4755], [-64.5601, 45.6255], [-64.3146, 45.8357], [-64.4822, 45.8063], [-64.6327, 45.9466], [-64.5937, 45.8137], [-64.7785, 45.6384], [-64.8979, 45.626], [-65.545, 45.3373], [-65.8845, 45.2229], [-65.9556, 45.2225], [-66.1098, 45.3166], [-66.0266, 45.4176], [-66.1827, 45.3352], [-66.1073, 45.2569], [-66.1437, 45.2276], [-66.4398, 45.0959], [-66.5109, 45.1434], [-66.8725, 45.0673], [-66.9187, 45.1456], [-67.0841, 45.1439], [-67.1249, 45.1694]]], [[[-55.4587, 51.5365], [-55.5834, 51.3886], [-56.0311, 51.3284], [-55.9999, 51.1993], [-55.8151, 51.1912], [-55.8, 51.0333], [-55.8714, 50.9074], [-56.1065, 50.7593], [-56.1958, 50.5848], [-56.4543, 50.38], [-56.4839, 50.2709], [-56.7323, 50.0077], [-56.7541, 49.8829], [-56.8486, 49.7653], [-56.8222, 49.6135], [-56.1794, 50.115], [-56.1222, 50.0628], [-56.1613, 49.9401], [-55.927, 50.0178], [-55.7647, 49.9604], [-55.5029, 49.9832], [-55.5837, 49.8924], [-56.04, 49.7047], [-56.1402, 49.6191], [-55.9785, 49.6781], [-55.8698, 49.6702], [-55.892, 49.5803], [-56.0873, 49.452], [-55.8152, 49.5153], [-55.6781, 49.4346], [-55.3759, 49.4897], [-55.3438, 49.3729], [-55.2802, 49.4127], [-55.283, 49.5138], [-55.2295, 49.5082], [-55.2003, 49.4085], [-55.3532, 49.0794], [-55.2523, 49.1209], [-55.2445, 49.1998], [-55.1761, 49.2444], [-55.0262, 49.3054], [-55.0159, 49.2604], [-54.9826, 49.2681], [-54.5022, 49.5273], [-54.4692, 49.5298], [-54.4482, 49.3294], [-54.3167, 49.4241], [-53.9577, 49.4418], [-53.6194, 49.3216], [-53.5696, 49.2642], [-53.5734, 49.1412], [-53.7581, 49.0354], [-53.9032, 48.8892], [-54.1613, 48.7877], [-53.8529, 48.8113], [-53.966, 48.7067], [-53.698, 48.6798], [-53.7063, 48.6555], [-53.7946, 48.5264], [-54.1145, 48.3936], [-53.7993, 48.4492], [-53.6444, 48.5112], [-53.5521, 48.4818], [-53.4113, 48.5622], [-53.2203, 48.5779], [-53.0573, 48.659], [-53.0276, 48.6347], [-53.0373, 48.5159], [-53.1357, 48.4019], [-53.3343, 48.356], [-53.6098, 48.2077], [-53.5602, 48.1738], [-53.5694, 48.0881], [-53.8696, 48.0197], [-53.6382, 48.0146], [-53.8637, 47.787], [-53.7651, 47.6501], [-53.6724, 47.6482], [-53.5038, 47.7438], [-53.2827, 47.9979], [-52.921, 48.1471], [-52.866, 48.113], [-53.1539, 47.7346], [-53.1698, 47.5121], [-53.1225, 47.4551], [-52.945, 47.5528], [-52.7824, 47.7694], [-52.7114, 47.7453], [-52.6537, 47.5494], [-52.6836, 47.4263], [-52.9124, 47.1032], [-52.8821, 47.0111], [-52.9617, 46.8194], [-53.1148, 46.6558], [-53.2137, 46.6605], [-53.323, 46.7184], [-53.5361, 46.6325], [-53.5898, 46.6389], [-53.5974, 47.146], [-54.0096, 46.8396], [-54.1024, 46.8249], [-54.1737, 46.8804], [-54.0927, 47.0862], [-53.8495, 47.4403], [-53.989, 47.7562], [-54.1918, 47.8598], [-54.4881, 47.4039], [-54.5625, 47.3752], [-54.4739, 47.5471], [-54.6512, 47.4082], [-54.8566, 47.385], [-55.0904, 47.1739], [-55.1396, 47.0459], [-55.3157, 46.9057], [-55.5307, 46.914], [-55.7885, 46.8672], [-55.9499, 46.9277], [-55.9192, 47.0169], [-55.8384, 47.0716], [-55.4915, 47.1606], [-55.1908, 47.449], [-54.8695, 47.5709], [-54.7846, 47.6647], [-54.9459, 47.6208], [-55.0746, 47.6576], [-55.3663, 47.6611], [-55.4347, 47.5013], [-55.5761, 47.4652], [-55.8621, 47.5301], [-56.1272, 47.5028], [-55.8671, 47.5923], [-55.8579, 47.8192], [-56.0201, 47.7637], [-56.1214, 47.7892], [-56.263, 47.6584], [-56.7741, 47.565], [-57.6598, 47.6254], [-57.9255, 47.6749], [-58.3332, 47.6769], [-58.3369, 47.7309], [-58.6131, 47.6262], [-59.1169, 47.5707], [-59.2598, 47.6342], [-59.3207, 47.7369], [-59.3621, 47.889], [-59.2721, 47.9956], [-58.9608, 48.1594], [-58.605, 48.4113], [-58.3302, 48.5221], [-59.1668, 48.5218], [-59.1677, 48.5585], [-58.8418, 48.7464], [-58.9064, 48.6502], [-58.8434, 48.6053], [-58.7165, 48.598], [-58.4937, 49.0032], [-58.4037, 49.0843], [-58.1861, 49.0619], [-57.9905, 48.9879], [-58.0989, 49.0774], [-57.9801, 49.2296], [-58.1909, 49.2587], [-58.2134, 49.3867], [-58.0158, 49.5425], [-57.8561, 49.4738], [-57.7913, 49.49], [-57.8975, 49.6004], [-57.9262, 49.7008], [-57.4326, 50.5058], [-57.3306, 50.6052], [-57.1796, 50.6148], [-57.298, 50.6987], [-57.0533, 50.8573], [-57.0057, 50.9396], [-57.0359, 51.0108], [-56.8251, 51.1257], [-56.6824, 51.3328], [-56.518, 51.3993], [-56.0256, 51.5684], [-55.9021, 51.5639], [-55.8658, 51.5083], [-55.6904, 51.4713], [-55.6664, 51.5789], [-55.5216, 51.5964], [-55.4532, 51.5623], [-55.4587, 51.5365]]], [[[-86.5894, 71.0108], [-86.5497, 70.9888], [-86.3213, 71.0168], [-85.6438, 71.1524], [-85.0949, 71.152], [-85.0016, 71.1375], [-85.0658, 71.0786], [-84.9885, 71.0317], [-84.8703, 71.0018], [-84.8237, 71.0286], [-84.6581, 71.5146], [-84.6994, 71.6314], [-85.3391, 71.6973], [-85.5962, 71.8664], [-85.9116, 71.9865], [-85.5458, 72.1016], [-85.3219, 72.2332], [-85.0187, 72.2182], [-84.2837, 72.0445], [-84.842, 72.3082], [-84.623, 72.3766], [-84.8494, 72.4062], [-85.1564, 72.3829], [-85.3411, 72.4215], [-85.6156, 72.6046], [-85.6499, 72.7222], [-85.5746, 72.8564], [-85.4548, 72.9251], [-85.2621, 72.954], [-84.2566, 72.7967], [-84.2743, 72.8364], [-85.3839, 73.0454], [-85.4547, 73.1055], [-85.0184, 73.3355], [-84.6161, 73.3896], [-84.4161, 73.4565], [-84.089, 73.4594], [-83.7819, 73.4169], [-83.915, 73.5084], [-83.7298, 73.5759], [-82.8433, 73.7154], [-82.2028, 73.7365], [-81.6054, 73.696], [-81.4062, 73.6345], [-81.1518, 73.314], [-80.6035, 73.1212], [-80.5919, 72.9277], [-80.2772, 72.7702], [-81.2293, 72.3117], [-81.2406, 72.2779], [-80.7608, 72.4572], [-80.6115, 72.4508], [-80.7024, 72.3383], [-80.9412, 72.2102], [-80.6914, 72.1035], [-80.9211, 72.0723], [-80.9251, 71.9077], [-80.1819, 72.2088], [-79.8844, 72.1772], [-80.1089, 72.3322], [-80.0418, 72.3942], [-79.8313, 72.4463], [-79.5837, 72.3146], [-79.3233, 72.3908], [-79.0002, 72.272], [-79.0078, 72.0429], [-78.5851, 71.8806], [-78.8627, 72.1008], [-78.8201, 72.2654], [-78.6993, 72.3514], [-78.4288, 72.2798], [-78.1164, 72.2803], [-77.726, 72.18], [-77.5165, 72.1778], [-77.5357, 72.2188], [-78.2872, 72.3598], [-78.4843, 72.4706], [-78.4224, 72.5715], [-77.7532, 72.7248], [-76.8935, 72.7207], [-76.1888, 72.5722], [-75.7043, 72.5715], [-75.2942, 72.4809], [-75.1201, 72.3777], [-75.0527, 72.2264], [-75.3941, 72.0398], [-75.5428, 72.008], [-75.9228, 71.7172], [-75.5999, 71.9185], [-75.1477, 72.063], [-74.6949, 72.0969], [-74.2664, 72.0377], [-74.2126, 71.9387], [-74.3157, 71.8427], [-74.893, 71.7255], [-75.2048, 71.7091], [-74.9595, 71.6675], [-74.7008, 71.6756], [-74.829, 71.5709], [-74.8407, 71.4066], [-74.9962, 71.2181], [-74.7589, 71.3381], [-74.4881, 71.6484], [-74.1391, 71.6822], [-73.8666, 71.771], [-73.7072, 71.7463], [-73.7136, 71.7199], [-74.1973, 71.4042], [-73.7128, 71.5876], [-73.1806, 71.2829], [-73.2782, 71.538], [-72.902, 71.6778], [-72.5806, 71.6068], [-71.8752, 71.5612], [-71.4599, 71.4637], [-71.2294, 71.3388], [-71.2194, 71.2388], [-71.495, 71.1051], [-71.9379, 71.0943], [-72.6327, 70.8308], [-72.3125, 70.8325], [-72.0092, 71.0134], [-71.7425, 71.0469], [-71.3709, 70.9751], [-71.1862, 70.978], [-70.8261, 71.1087], [-70.6727, 71.0522], [-70.6391, 70.9024], [-70.7617, 70.7922], [-71.0218, 70.6741], [-71.5859, 70.5659], [-71.8902, 70.4315], [-71.7272, 70.3952], [-71.4267, 70.5521], [-71.2759, 70.5003], [-71.4294, 70.1278], [-70.9798, 70.5811], [-70.5609, 70.7383], [-70.0847, 70.8295], [-69.9498, 70.845], [-69.7957, 70.8346], [-69.6955, 70.7859], [-69.2891, 70.7834], [-68.4467, 70.5941], [-68.3635, 70.4813], [-68.4826, 70.4148], [-68.8429, 70.3145], [-69.4357, 70.2531], [-70.0614, 70.0708], [-70.0577, 70.0426], [-69.7959, 70.0469], [-69.483, 70.1601], [-68.7782, 70.2036], [-68.7233, 70.1457], [-69.0083, 69.979], [-68.744, 69.9414], [-68.4894, 70.0648], [-68.2307, 70.1122], [-68.3272, 70.1802], [-68.1207, 70.3146], [-67.8553, 70.2818], [-67.3184, 69.9984], [-67.1727, 69.7995], [-67.2216, 69.7307], [-68.0204, 69.7701], [-68.3721, 69.6444], [-68.8371, 69.6235], [-69.2277, 69.5474], [-69.2508, 69.5119], [-68.513, 69.5773], [-67.9083, 69.4601], [-67.237, 69.4601], [-66.7167, 69.3119], [-66.6793, 69.1911], [-66.8029, 69.1527], [-67.3316, 69.1847], [-67.4838, 69.167], [-67.9385, 69.2481], [-68.1982, 69.2027], [-68.4063, 69.2322], [-69.0406, 69.098], [-68.9935, 69.0793], [-68.4155, 69.1721], [-67.8326, 69.066], [-67.7517, 69.0387], [-67.751, 68.9338], [-67.8832, 68.784], [-68.3242, 68.844], [-68.7253, 68.8102], [-69.3427, 68.8694], [-68.8714, 68.76], [-68.2104, 68.703], [-68.1483, 68.6161], [-67.9385, 68.5242], [-67.656, 68.5507], [-67.2025, 68.4659], [-66.7427, 68.4578], [-66.9973, 68.3742], [-67.033, 68.3261], [-66.831, 68.2156], [-66.9231, 68.0657], [-66.729, 68.129], [-66.6627, 68.0344], [-66.631, 68.2106], [-66.5308, 68.2503], [-66.2124, 68.2804], [-66.2747, 68.0408], [-66.53, 67.8603], [-66.4439, 67.8338], [-65.9424, 68.0709], [-65.9749, 67.9574], [-65.8644, 67.9229], [-65.7017, 67.9867], [-65.5091, 67.9683], [-65.5409, 67.7656], [-65.4013, 67.6749], [-65.4153, 67.8792], [-65.0644, 68.0262], [-64.9223, 68.0316], [-64.8354, 67.99], [-65.026, 67.892], [-65.0211, 67.7875], [-64.8299, 67.7843], [-64.6378, 67.8402], [-64.1562, 67.623], [-64.0194, 67.6549], [-63.8502, 67.5661], [-64.0775, 67.4956], [-64.008, 67.3473], [-64.7, 67.3505], [-64.3759, 67.3011], [-64.3564, 67.2562], [-63.8362, 67.2641], [-63.8241, 67.3157], [-63.5916, 67.3775], [-63.3158, 67.3363], [-63.0401, 67.235], [-63.1616, 67.1744], [-63.2584, 67.0247], [-63.7016, 66.8224], [-62.9623, 66.9493], [-62.7682, 66.932], [-62.7104, 66.9541], [-62.3797, 66.9054], [-62.1236, 67.0467], [-61.9686, 67.019], [-61.2997, 66.6487], [-61.3072, 66.6088], [-61.5278, 66.5581], [-61.9045, 66.6781], [-62.1233, 66.6431], [-61.6526, 66.5031], [-61.5764, 66.4125], [-61.5708, 66.3729], [-61.8627, 66.3128], [-62.1584, 66.338], [-62.3745, 66.4108], [-62.5531, 66.4068], [-62.4057, 66.3159], [-62.5336, 66.227], [-61.9916, 66.0353], [-62.2443, 66.0059], [-62.6241, 66.0163], [-62.4484, 65.9455], [-62.382, 65.8333], [-62.6103, 65.7236], [-62.6589, 65.6399], [-62.9689, 65.6224], [-63.1689, 65.6573], [-63.4587, 65.853], [-63.4209, 65.7086], [-63.6511, 65.661], [-63.3375, 65.6167], [-63.3634, 65.2297], [-63.6066, 64.9281], [-63.8956, 65.1093], [-64.0614, 65.1219], [-64.1519, 65.0662], [-64.3457, 65.1724], [-64.2697, 65.4008], [-64.5551, 65.1166], [-65.1085, 65.4638], [-65.4016, 65.764], [-65.1849, 65.9399], [-64.8537, 66.0159], [-64.4454, 66.3171], [-64.6552, 66.287], [-65.0045, 66.0777], [-65.4156, 65.9946], [-65.8257, 65.9969], [-65.8911, 66.0202], [-65.8572, 66.0864], [-65.6563, 66.2047], [-65.856, 66.1422], [-66.0637, 66.1327], [-66.477, 66.2797], [-66.7874, 66.5557], [-66.9863, 66.6275], [-66.969, 66.5472], [-67.0769, 66.5255], [-67.3073, 66.5697], [-67.1917, 66.4328], [-67.2254, 66.3103], [-67.3688, 66.3175], [-67.8685, 66.4901], [-67.8834, 66.4674], [-67.7045, 66.2686], [-67.1832, 66.0344], [-67.3504, 65.9297], [-67.5508, 65.9216], [-67.828, 65.9652], [-68.4599, 66.2493], [-68.7489, 66.2], [-68.4671, 66.1732], [-68.2172, 66.0789], [-68.2568, 65.9386], [-68.1867, 65.871], [-67.8665, 65.7737], [-67.9368, 65.5649], [-67.5696, 65.6436], [-67.3997, 65.5884], [-67.3034, 65.4829], [-67.118, 65.4404], [-67.3365, 65.3466], [-67.0665, 65.2441], [-66.9704, 65.0849], [-66.8309, 65.0742], [-66.6974, 64.8152], [-66.6355, 65.0003], [-66.2237, 64.8541], [-66.3015, 64.7777], [-66.2146, 64.7224], [-65.9385, 64.8857], [-65.7681, 64.8536], [-65.5132, 64.7065], [-65.4319, 64.7264], [-65.2748, 64.6315], [-65.5293, 64.5048], [-65.1786, 64.5097], [-65.0746, 64.4367], [-65.213, 64.3033], [-65.5075, 64.3183], [-65.5803, 64.2938], [-65.3478, 64.2323], [-65.1496, 64.0872], [-65.1699, 64.0282], [-64.6785, 64.028], [-64.6862, 63.9609], [-64.7981, 63.916], [-64.5763, 63.8974], [-64.4109, 63.7063], [-64.5616, 63.6797], [-64.5144, 63.264], [-64.6646, 63.2454], [-64.9333, 63.5993], [-65.1918, 63.7643], [-65.0048, 63.3334], [-65.0689, 63.2635], [-64.6724, 62.922], [-64.8687, 62.8799], [-65.133, 62.9523], [-65.1628, 62.9326], [-65.0466, 62.7015], [-65.1085, 62.6265], [-65.5724, 62.8689], [-65.7404, 62.932], [-65.8337, 62.9085], [-66.224, 63.1072], [-66.2287, 62.991], [-66.4145, 63.0272], [-66.655, 63.2647], [-66.6364, 63.0801], [-66.6975, 63.0695], [-67.0179, 63.3165], [-67.1798, 63.305], [-67.2609, 63.3407], [-67.8933, 63.7337], [-67.7588, 63.4197], [-68.4938, 63.7255], [-68.8589, 63.7519], [-68.9111, 63.7032], [-68.1413, 63.1723], [-67.676, 63.0936], [-67.737, 63.0096], [-67.3667, 62.9142], [-66.9795, 62.7008], [-66.6449, 62.6021], [-66.2812, 62.3027], [-65.9802, 62.2089], [-66.1332, 62.1024], [-66.0564, 61.9675], [-66.1239, 61.8931], [-66.3237, 61.8703], [-67.4401, 62.1513], [-68.5359, 62.2556], [-69.1256, 62.424], [-69.6047, 62.7677], [-69.7995, 62.7905], [-70.2361, 62.7634], [-70.8014, 62.9105], [-71.1058, 63.0022], [-70.946, 63.1207], [-71.2537, 63.0425], [-71.3473, 63.0661], [-71.9922, 63.4162], [-71.6143, 63.4441], [-71.3809, 63.5803], [-71.5135, 63.5866], [-71.8375, 63.725], [-72.2901, 63.728], [-72.1743, 63.8934], [-72.4984, 63.8235], [-72.6781, 64.02], [-73.4545, 64.3993], [-73.2713, 64.5825], [-73.627, 64.6025], [-73.7284, 64.5683], [-73.9104, 64.5781], [-73.9504, 64.4658], [-74.0648, 64.4247], [-74.1305, 64.6078], [-74.4612, 64.6447], [-74.6814, 64.8307], [-74.9163, 64.792], [-74.9194, 64.7655], [-74.64, 64.5571], [-74.6947, 64.4966], [-75.0674, 64.4567], [-75.4878, 64.5408], [-75.715, 64.5244], [-75.7667, 64.3919], [-76.1181, 64.3763], [-76.8562, 64.2376], [-77.4029, 64.2999], [-77.6278, 64.3635], [-77.7605, 64.3602], [-78.0452, 64.4993], [-78.1976, 64.6646], [-78.0956, 64.9393], [-77.8762, 65.0729], [-77.3609, 65.1965], [-77.4604, 65.3559], [-77.3267, 65.4531], [-76.4817, 65.3697], [-75.8283, 65.2271], [-75.5199, 65.056], [-75.5891, 64.905], [-75.4521, 64.8416], [-75.3571, 65.0087], [-75.7987, 65.2975], [-75.7086, 65.3157], [-75.1663, 65.2839], [-74.9817, 65.3814], [-74.4948, 65.3717], [-74.2369, 65.4839], [-73.9896, 65.517], [-73.5508, 65.4853], [-73.7461, 65.7667], [-74.2762, 66.0127], [-74.4164, 66.1671], [-73.5842, 66.5069], [-73.2808, 66.675], [-73.0333, 66.7282], [-72.7888, 67.0306], [-72.3649, 67.1334], [-72.22, 67.2543], [-72.7253, 67.8116], [-73.3282, 68.2667], [-73.2845, 68.357], [-73.6445, 68.2945], [-73.8205, 68.3629], [-73.8793, 68.4294], [-73.7825, 68.578], [-73.8221, 68.686], [-74.118, 68.7009], [-73.9893, 68.5486], [-74.2701, 68.5412], [-74.6479, 68.7075], [-74.7, 68.8084], [-74.893, 68.8082], [-74.7433, 68.9134], [-74.954, 68.9611], [-74.7167, 69.0455], [-74.8549, 69.0658], [-75.2133, 68.9094], [-75.5227, 68.9527], [-75.623, 68.8877], [-76.2347, 68.728], [-76.4034, 68.6923], [-76.5851, 68.6987], [-76.5572, 69.0095], [-76.3809, 69.0524], [-75.9537, 69.0308], [-75.668, 69.1588], [-75.6478, 69.2125], [-75.7872, 69.3187], [-76.4649, 69.4694], [-76.5161, 69.5909], [-76.2341, 69.6621], [-76.5133, 69.6839], [-76.7423, 69.5729], [-77.0899, 69.6351], [-77.1051, 69.6708], [-76.8586, 69.7754], [-77.016, 69.8361], [-77.5917, 69.8456], [-77.774, 70.2385], [-78.2828, 70.2292], [-78.6214, 70.3534], [-79.0664, 70.6036], [-79.3466, 70.4819], [-79.4052, 70.4007], [-78.9338, 70.2937], [-78.7749, 70.1036], [-78.8188, 70.0104], [-79.0929, 69.9253], [-79.5154, 69.8876], [-80.6703, 70.0521], [-81.5596, 70.1112], [-81.652, 70.0946], [-81.3295, 70.0244], [-81.0237, 69.9], [-80.8429, 69.7917], [-80.9217, 69.7309], [-81.5647, 69.9427], [-82.2938, 69.8369], [-83.15, 70.0091], [-83.8591, 69.9627], [-85.4324, 70.1114], [-85.78, 70.0367], [-86.322, 70.1454], [-86.4998, 70.3504], [-86.3969, 70.4653], [-86.7041, 70.3907], [-87.1225, 70.412], [-87.172, 70.3999], [-87.0633, 70.3251], [-87.6178, 70.3187], [-87.8381, 70.2466], [-88.4021, 70.4425], [-88.8484, 70.5229], [-89.2083, 70.7597], [-89.4559, 71.0617], [-88.6957, 71.0456], [-87.8449, 70.9444], [-87.1401, 71.0116], [-87.8725, 71.2085], [-89.0793, 71.2879], [-89.8054, 71.4623], [-90.0252, 71.9488], [-89.9315, 72.049], [-89.6638, 72.158], [-89.8587, 72.2483], [-89.8168, 72.4677], [-89.3577, 72.8042], [-89.2253, 73.1081], [-88.9768, 73.2525], [-88.7609, 73.3124], [-88.7052, 73.4033], [-88.17, 73.5953], [-87.4724, 73.7594], [-86.7687, 73.834], [-85.9508, 73.8501], [-85.1105, 73.8082], [-84.9468, 73.7216], [-86.0005, 73.3125], [-86.6293, 72.8708], [-86.6563, 72.724], [-86.3226, 72.4608], [-86.3414, 72.1232], [-86.2185, 71.8991], [-86.0361, 71.7709], [-85.0234, 71.3532], [-85.4054, 71.2268], [-85.9454, 71.1626], [-86.4732, 71.0426], [-86.5894, 71.0108]]], [[[-61.8011, 49.0939], [-62.2195, 49.0791], [-63.0415, 49.225], [-63.5659, 49.3993], [-63.7766, 49.602], [-64.44, 49.8277], [-64.4852, 49.887], [-64.3729, 49.9259], [-64.1314, 49.9417], [-63.0888, 49.7727], [-62.6334, 49.6239], [-61.8171, 49.2835], [-61.6961, 49.139], [-61.7455, 49.1058], [-61.8011, 49.0939]]], [[[-63.8113, 46.4687], [-63.737, 46.4805], [-63.6814, 46.5619], [-63.3687, 46.5083], [-63.1294, 46.4222], [-62.1636, 46.4872], [-62.0237, 46.4216], [-62.5261, 46.2029], [-62.5433, 46.0287], [-62.4781, 45.9997], [-62.5313, 45.9773], [-62.8049, 45.9732], [-62.8784, 46.0014], [-62.9035, 46.0683], [-63.0221, 46.0666], [-62.8945, 46.1236], [-62.9526, 46.1952], [-63.015, 46.1899], [-63.0563, 46.2239], [-63.0529, 46.2698], [-62.9785, 46.3164], [-63.2708, 46.2], [-63.1528, 46.1883], [-63.2135, 46.1599], [-63.641, 46.2305], [-63.8005, 46.3673], [-63.7586, 46.3976], [-64.1108, 46.4254], [-64.136, 46.5997], [-64.388, 46.6409], [-64.3546, 46.7692], [-63.9936, 47.0616], [-63.9815, 46.913], [-64.0879, 46.7754], [-63.903, 46.6391], [-63.8637, 46.5724], [-63.9056, 46.5088], [-63.8336, 46.4939], [-63.8113, 46.4687]]], [[[-82.0005, 62.9542], [-81.9486, 62.884], [-82.0258, 62.7301], [-82.5683, 62.4032], [-83.0158, 62.2099], [-83.3768, 62.2381], [-83.6989, 62.1603], [-83.9105, 62.4541], [-83.3764, 62.9049], [-83.2895, 62.9216], [-82.9658, 62.8739], [-82.7064, 62.9445], [-82.0476, 62.9706], [-82.0005, 62.9542]]], [[[-79.5453, 62.4117], [-79.2865, 62.2477], [-79.3239, 62.0261], [-79.6688, 61.6444], [-79.8161, 61.5946], [-80.2652, 61.8182], [-80.2751, 62.0546], [-80.0216, 62.343], [-79.8681, 62.4043], [-79.5977, 62.4132], [-79.5453, 62.4117]]], [[[-75.6759, 68.3225], [-75.1538, 68.234], [-75.0781, 68.1731], [-75.0905, 67.6348], [-75.202, 67.4592], [-75.4001, 67.3667], [-75.7801, 67.2835], [-76.6939, 67.2358], [-76.9442, 67.2503], [-77.2242, 67.5082], [-77.3059, 67.7061], [-77.2286, 67.8501], [-76.6882, 68.2544], [-76.3645, 68.3187], [-75.8665, 68.3368], [-75.6759, 68.3225]]], [[[-79.5373, 73.6545], [-78.2865, 73.6658], [-77.2065, 73.4996], [-77.0053, 73.3561], [-76.7587, 73.31], [-76.5698, 73.1593], [-76.2896, 73.081], [-76.3096, 72.9979], [-76.09, 72.8812], [-76.1834, 72.8431], [-76.4005, 72.8207], [-77.8359, 72.8968], [-78.3142, 72.8818], [-79.1342, 72.7716], [-79.5005, 72.756], [-79.8207, 72.8263], [-79.9753, 72.8925], [-80.1833, 73.2247], [-80.6179, 73.2708], [-80.7764, 73.3342], [-80.8229, 73.429], [-80.7358, 73.4831], [-80.8585, 73.5914], [-80.7627, 73.7578], [-80.4123, 73.7654], [-80.1203, 73.7071], [-79.8894, 73.7015], [-79.5373, 73.6545]]], [[[-80.7317, 52.7473], [-81.0966, 52.7799], [-81.8391, 52.9579], [-82.0393, 53.0499], [-81.8473, 53.1863], [-81.3354, 53.2243], [-81.1356, 53.2058], [-80.7653, 52.9232], [-80.7095, 52.7874], [-80.7317, 52.7473]]], [[[-78.8265, 56.1453], [-78.9138, 56.1328], [-78.7994, 56.3833], [-78.6688, 56.4386], [-78.6728, 56.2605], [-78.7614, 56.1745], [-78.8265, 56.1453]]], [[[-78.9356, 56.2661], [-79.1755, 55.8851], [-79.2278, 55.8785], [-79.2736, 55.9225], [-79.1423, 56.1364], [-79.1821, 56.2122], [-79.4951, 55.8748], [-79.6057, 55.8757], [-79.7647, 55.8068], [-79.4975, 56.0932], [-79.5447, 56.1284], [-79.9046, 55.871], [-79.9875, 55.8921], [-80.0008, 55.9321], [-79.5153, 56.3265], [-79.4589, 56.5397], [-79.432, 56.4475], [-79.5363, 56.1801], [-79.3926, 56.2765], [-79.2724, 56.6004], [-79.0777, 56.4536], [-78.9632, 56.4217], [-78.9066, 56.3204], [-78.9356, 56.2661]]], [[[-79.9776, 56.207], [-80.0889, 56.2139], [-80.0575, 56.2874], [-79.7492, 56.3765], [-79.5797, 56.4664], [-79.6879, 56.3268], [-79.9776, 56.207]]], [[[-89.8333, 77.2676], [-90.2283, 77.2125], [-90.9932, 77.3295], [-91.1851, 77.4815], [-91.019, 77.6439], [-90.6749, 77.6486], [-90.1719, 77.5947], [-89.7195, 77.4421], [-89.7467, 77.2926], [-89.8333, 77.2676]]], [[[-104.5582, 77.1417], [-104.7114, 77.124], [-105.2151, 77.1821], [-106.0356, 77.7398], [-105.5879, 77.736], [-105.2896, 77.6421], [-104.9553, 77.4187], [-104.7702, 77.4132], [-104.5422, 77.3377], [-104.4934, 77.1624], [-104.5582, 77.1417]]], [[[-98.7916, 79.9811], [-98.8852, 79.7257], [-99.2185, 79.7619], [-99.5156, 79.8872], [-99.9999, 79.884], [-100.0924, 79.9187], [-100.0785, 80.0811], [-99.8028, 80.1401], [-99.0166, 80.1111], [-98.8232, 80.0374], [-98.7916, 79.9811]]], [[[-105.2889, 72.9199], [-105.4341, 72.938], [-106.071, 73.1964], [-106.18, 73.3041], [-106.5257, 73.4134], [-106.9215, 73.4798], [-106.831, 73.5991], [-106.614, 73.6956], [-105.318, 73.7671], [-104.6488, 73.6144], [-104.5551, 73.5411], [-104.5829, 73.3539], [-105.2006, 72.9473], [-105.2889, 72.9199]]], [[[-102.2273, 76.0149], [-102.008, 75.9394], [-102.4234, 75.8692], [-102.5796, 75.7802], [-103.3147, 75.7642], [-103.0415, 75.9188], [-103.2016, 75.9585], [-103.7698, 75.8924], [-103.9853, 75.9331], [-103.8008, 76.037], [-104.2425, 76.047], [-104.4061, 76.1085], [-104.3506, 76.1823], [-103.0982, 76.3115], [-102.5841, 76.2816], [-102.4257, 76.0864], [-102.2273, 76.0149]]], [[[-104.0229, 76.5831], [-103.7228, 76.6011], [-103.5846, 76.5389], [-103.0513, 76.4499], [-103.3114, 76.3476], [-104.3575, 76.3346], [-104.5857, 76.6065], [-104.2051, 76.6661], [-103.9925, 76.657], [-103.9692, 76.6142], [-104.0229, 76.5831]]], [[[-118.3281, 75.5797], [-118.6139, 75.5154], [-118.8171, 75.5221], [-119.3946, 75.6173], [-118.6261, 75.9062], [-117.6337, 76.1151], [-117.4991, 76.0772], [-117.6264, 75.966], [-118.2265, 75.6112], [-118.3281, 75.5797]]], [[[-113.8325, 77.7546], [-114.2872, 77.7215], [-114.6084, 77.7693], [-115.0293, 77.9675], [-114.3304, 78.0775], [-114.2798, 78.0043], [-113.7214, 77.8899], [-113.6179, 77.8324], [-113.7258, 77.7758], [-113.8325, 77.7546]]], [[[-130.9271, 54.4791], [-130.9535, 54.5418], [-130.9068, 54.6318], [-130.758, 54.6138], [-130.8051, 54.5438], [-130.9271, 54.4791]]], [[[-131.0293, 51.9616], [-131.1034, 52.0139], [-131.0981, 52.1506], [-131.0106, 52.0953], [-131.0293, 51.9616]]], [[[-130.2363, 53.9585], [-130.3842, 53.8439], [-130.5898, 53.9403], [-130.6418, 53.9211], [-130.6437, 53.8445], [-130.6834, 53.8635], [-130.6957, 53.9513], [-130.4946, 54.0742], [-130.3973, 54.0857], [-130.2985, 54.0356], [-130.2363, 53.9585]]], [[[-129.8486, 53.1679], [-129.9344, 53.1767], [-130.1514, 53.3457], [-130.5176, 53.5442], [-130.452, 53.6312], [-129.9447, 53.4364], [-129.7689, 53.2173], [-129.8486, 53.1679]]], [[[-130.5753, 54.7697], [-130.2141, 55.0259], [-130.2039, 54.947], [-130.3494, 54.8146], [-130.5355, 54.7487], [-130.5753, 54.7697]]], [[[-128.5524, 52.9397], [-128.5099, 52.5186], [-128.679, 52.2896], [-128.7665, 52.5984], [-128.7463, 52.7634], [-128.8312, 52.6788], [-128.8998, 52.6738], [-129.0847, 52.8225], [-129.1843, 52.9907], [-129.0333, 53.2799], [-128.6327, 53.1125], [-128.5524, 52.9397]]], [[[-126.0921, 49.354], [-126.064, 49.2636], [-126.2296, 49.2957], [-126.2085, 49.3798], [-126.1153, 49.365], [-126.0921, 49.354]]], [[[-124.1537, 49.5312], [-124.1398, 49.5104], [-124.3623, 49.5882], [-124.6499, 49.7584], [-124.5472, 49.7649], [-124.3091, 49.6673], [-124.1537, 49.5312]]], [[[-126.6412, 49.6058], [-126.7434, 49.6135], [-126.9386, 49.7185], [-126.8969, 49.7829], [-126.9258, 49.8377], [-126.8261, 49.8724], [-126.7381, 49.8437], [-126.6499, 49.7458], [-126.6258, 49.6268], [-126.6412, 49.6058]]], [[[-125.1841, 50.0971], [-125.1951, 50.0443], [-125.3584, 50.3115], [-125.3012, 50.4141], [-125.1395, 50.3397], [-125.074, 50.2207], [-125.113, 50.1635], [-125.1841, 50.0971]]], [[[-128.9369, 52.51], [-128.9687, 52.4643], [-129.151, 52.6053], [-129.2505, 52.7222], [-129.2459, 52.8112], [-128.9403, 52.6007], [-128.9369, 52.51]]], [[[-127.9247, 51.4739], [-128.0445, 51.474], [-128.1488, 51.6267], [-128.0317, 51.7084], [-127.9164, 51.5854], [-127.9163, 51.5062], [-127.9247, 51.4739]]], [[[-128.3688, 52.4009], [-128.4454, 52.3875], [-128.4398, 52.6964], [-128.3649, 52.7819], [-128.2473, 52.7844], [-128.3436, 52.4261], [-128.3688, 52.4009]]], [[[-129.3137, 52.9922], [-129.4097, 53.0237], [-129.5011, 53.1883], [-129.3435, 53.0528], [-129.3137, 52.9922]]], [[[-129.1677, 53.1179], [-129.2769, 53.1109], [-129.3313, 53.174], [-129.2382, 53.3301], [-129.177, 53.2591], [-129.1677, 53.1179]]], [[[-123.4354, 48.7544], [-123.4772, 48.7288], [-123.5175, 48.7501], [-123.5823, 48.9258], [-123.4679, 48.8674], [-123.4068, 48.7561], [-123.4354, 48.7544]]], [[[-59.7876, 43.9396], [-60.0377, 43.9066], [-60.1175, 43.9534], [-59.8664, 43.9472], [-59.7271, 44.0028], [-59.7876, 43.9396]]], [[[-60.9616, 45.4899], [-61.0029, 45.4817], [-61.0817, 45.5578], [-60.9125, 45.5673], [-60.953, 45.5155], [-60.9616, 45.4899]]], [[[-61.9141, 47.2845], [-61.7726, 47.2598], [-61.8337, 47.2226], [-62.0083, 47.2343], [-61.9247, 47.4251], [-61.548, 47.6318], [-61.3955, 47.6376], [-61.4755, 47.564], [-61.5822, 47.56], [-61.8866, 47.3446], [-61.9141, 47.2845]]], [[[-64.5086, 47.8867], [-64.5339, 47.8138], [-64.6213, 47.7519], [-64.6846, 47.7536], [-64.6633, 47.863], [-64.5648, 47.8663], [-64.5086, 47.8867]]], [[[-64.4761, 47.9589], [-64.5913, 47.9072], [-64.4813, 48.0069], [-64.4761, 47.9589]]], [[[-66.2738, 44.2923], [-66.3241, 44.2573], [-66.2104, 44.392], [-66.2738, 44.2923]]], [[[-66.7625, 44.6818], [-66.8971, 44.6289], [-66.8021, 44.8054], [-66.7454, 44.7914], [-66.7534, 44.7098], [-66.7625, 44.6818]]], [[[-73.5665, 45.4691], [-73.9605, 45.4414], [-73.8529, 45.5157], [-73.6875, 45.5614], [-73.5225, 45.7012], [-73.4761, 45.7047], [-73.5517, 45.4898], [-73.5665, 45.4691]]], [[[-73.6953, 45.5855], [-73.8577, 45.5736], [-73.7247, 45.6718], [-73.5724, 45.6945], [-73.6953, 45.5855]]], [[[-71.0257, 46.8729], [-71.1167, 46.8648], [-70.9708, 46.9614], [-70.8258, 46.9954], [-70.9135, 46.9195], [-71.0257, 46.8729]]], [[[-55.5361, 50.7197], [-55.6293, 50.7208], [-55.6045, 50.7807], [-55.4693, 50.7964], [-55.5038, 50.7421], [-55.5361, 50.7197]]], [[[-54.5544, 49.5889], [-54.7865, 49.4961], [-54.8636, 49.5761], [-54.8131, 49.5994], [-54.7331, 49.5622], [-54.6187, 49.6221], [-54.5377, 49.62], [-54.5544, 49.5889]]], [[[-55.3612, 51.8896], [-55.4196, 51.9], [-55.3998, 51.9385], [-55.2741, 51.9952], [-55.2936, 51.93], [-55.3612, 51.8896]]], [[[-54.0937, 49.7444], [-53.9807, 49.662], [-54.2692, 49.587], [-54.2776, 49.7115], [-54.1994, 49.6885], [-54.1377, 49.7512], [-54.0937, 49.7444]]], [[[-54.2271, 47.4414], [-54.326, 47.4081], [-54.2149, 47.5851], [-54.1282, 47.6468], [-54.1476, 47.5731], [-54.2271, 47.4414]]], [[[-64.8238, 62.5587], [-64.465, 62.5359], [-64.4181, 62.4874], [-64.4783, 62.4179], [-64.6574, 62.3836], [-64.9012, 62.421], [-64.9565, 62.4584], [-64.8271, 62.505], [-64.8488, 62.5433], [-64.8238, 62.5587]]], [[[-68.2338, 60.2409], [-68.3652, 60.2541], [-68.3679, 60.3147], [-68.0876, 60.5878], [-67.9142, 60.5398], [-67.8188, 60.4495], [-67.8442, 60.3916], [-68.0123, 60.3046], [-68.2338, 60.2409]]], [[[-70.3371, 62.5487], [-70.7661, 62.5969], [-70.9861, 62.7878], [-71.1369, 62.8159], [-71.2201, 62.8739], [-70.8346, 62.8401], [-70.4426, 62.7338], [-70.2886, 62.5616], [-70.3371, 62.5487]]], [[[-64.8326, 61.3661], [-64.8798, 61.3571], [-65.3939, 61.5628], [-65.4321, 61.6495], [-65.1298, 61.6857], [-64.7896, 61.6622], [-64.6696, 61.593], [-64.6964, 61.4715], [-64.7876, 61.4133], [-64.8326, 61.3661]]], [[[-65.0306, 61.8791], [-64.8455, 61.7799], [-64.8966, 61.7333], [-65.1659, 61.7977], [-65.2303, 61.864], [-65.1739, 61.9432], [-65.0684, 61.926], [-65.0306, 61.8791]]], [[[-69.1601, 59.0402], [-69.2208, 58.9676], [-69.3528, 58.9607], [-69.3032, 59.1449], [-69.1952, 59.1461], [-69.1552, 59.0636], [-69.1601, 59.0402]]], [[[-64.407, 60.3671], [-64.4419, 60.2979], [-64.7379, 60.3756], [-64.809, 60.4104], [-64.8364, 60.501], [-64.6463, 60.5146], [-64.4998, 60.4302], [-64.407, 60.3671]]], [[[-60.9945, 56.0393], [-60.9827, 56.0151], [-61.137, 56.0326], [-61.1913, 56.0479], [-61.1882, 56.089], [-61.0869, 56.1408], [-60.9554, 56.0804], [-60.9945, 56.0393]]], [[[-61.7436, 57.5546], [-61.6595, 57.525], [-61.6375, 57.4161], [-61.7953, 57.4225], [-61.9755, 57.4954], [-62.0072, 57.5576], [-61.8483, 57.5793], [-61.7436, 57.5546]]], [[[-67.9147, 69.541], [-68.2023, 69.5804], [-68.2214, 69.6167], [-67.9088, 69.6818], [-67.7546, 69.6314], [-67.8449, 69.5917], [-67.9147, 69.541]]], [[[-62.6815, 67.0563], [-62.8054, 67.0288], [-62.8716, 67.0626], [-62.6253, 67.177], [-62.4168, 67.1885], [-62.4846, 67.1342], [-62.6815, 67.0563]]], [[[-79.0631, 75.9259], [-79.0518, 75.867], [-79.3557, 75.8312], [-79.6388, 75.8429], [-79.6987, 75.8833], [-79.5513, 75.9583], [-79.0093, 76.1459], [-78.8452, 76.1063], [-79.0566, 75.9852], [-79.0631, 75.9259]]], [[[-79.867, 56.7746], [-79.9437, 56.7768], [-79.8981, 56.8653], [-79.835, 56.816], [-79.867, 56.7746]]], [[[-79.7165, 57.5155], [-79.7752, 57.5145], [-79.8084, 57.4424], [-79.8191, 57.5416], [-79.7426, 57.608], [-79.7135, 57.555], [-79.7165, 57.5155]]], [[[-79.5182, 56.6567], [-79.5774, 56.6449], [-79.5529, 56.7987], [-79.4911, 56.7427], [-79.4965, 56.6673], [-79.5182, 56.6567]]], [[[-79.9382, 53.3041], [-79.9393, 53.2743], [-80.0041, 53.2801], [-80.0679, 53.3241], [-80.0497, 53.3645], [-79.9746, 53.3522], [-79.9382, 53.3041]]], [[[-79.3843, 51.952], [-79.5206, 51.9529], [-79.6437, 52.0101], [-79.3349, 52.0981], [-79.2702, 52.0711], [-79.3515, 51.9683], [-79.3843, 51.952]]], [[[-123.3724, 48.8861], [-123.541, 48.9459], [-123.6893, 49.0951], [-123.3779, 48.9083], [-123.3724, 48.8861]]], [[[-124.9777, 50.0296], [-125.026, 50.1341], [-124.9908, 50.2171], [-124.9084, 50.0713], [-124.9777, 50.0296]]], [[[-73.6217, 67.7838], [-74.3741, 67.7896], [-74.5734, 67.8287], [-74.746, 67.9848], [-74.7065, 68.0671], [-74.3794, 68.0935], [-73.4938, 68.0006], [-73.4072, 67.7931], [-73.6217, 67.7838]]], [[[-77.8767, 63.4706], [-77.7921, 63.4278], [-77.7037, 63.4309], [-77.5327, 63.2336], [-77.6577, 63.1646], [-77.9424, 63.1144], [-78.256, 63.2398], [-78.5368, 63.4237], [-78.2349, 63.4896], [-77.9339, 63.479], [-77.8767, 63.4706]]], [[[-94.5266, 75.7493], [-94.7515, 75.7697], [-94.9012, 75.9308], [-94.5379, 75.9964], [-94.3295, 75.7659], [-94.5266, 75.7493]]], [[[-80.2853, 59.6241], [-80.299, 59.6742], [-80.21, 59.7246], [-80.1672, 59.7089], [-80.2405, 59.6449], [-80.2853, 59.6241]]], [[[-80.0642, 59.7708], [-80.1671, 59.7639], [-80.0412, 59.8702], [-79.8986, 59.8531], [-79.9496, 59.8099], [-80.0642, 59.7708]]], [[[-96.7823, 72.9366], [-96.9438, 72.9267], [-97.0928, 72.9969], [-97.0692, 73.1302], [-96.8624, 73.1888], [-96.5985, 73.0738], [-96.7092, 72.947], [-96.7823, 72.9366]]], [[[-97.3555, 74.5263], [-97.6561, 74.4657], [-97.75, 74.5105], [-97.4165, 74.6266], [-97.3039, 74.5597], [-97.3555, 74.5263]]], [[[-98.2704, 73.8685], [-98.6911, 73.8565], [-98.9739, 73.8121], [-99.417, 73.8954], [-98.8182, 74.021], [-98.061, 74.1047], [-97.6982, 74.1087], [-97.7547, 74.0055], [-98.147, 73.8888], [-98.2704, 73.8685]]], [[[-90.1998, 69.4191], [-90.1774, 69.3571], [-90.3303, 69.2522], [-90.492, 69.3699], [-90.2286, 69.436], [-90.1998, 69.4191]]], [[[-90.4926, 69.2211], [-90.5744, 69.2094], [-90.7716, 69.2926], [-90.7424, 69.3573], [-90.5997, 69.3678], [-90.4854, 69.2466], [-90.4926, 69.2211]]], [[[-74.0004, 62.6184], [-74.2535, 62.622], [-74.62, 62.7263], [-74.1089, 62.6803], [-73.9882, 62.6361], [-74.0004, 62.6184]]], [[[-74.8809, 68.3487], [-74.9593, 68.3422], [-75.4002, 68.5255], [-75.2874, 68.6877], [-75.0747, 68.6847], [-74.9836, 68.6476], [-74.7982, 68.458], [-74.845, 68.366], [-74.8809, 68.3487]]], [[[-78.5316, 60.7286], [-78.6689, 60.7169], [-78.612, 60.7723], [-78.2417, 60.8187], [-78.3725, 60.7564], [-78.5316, 60.7286]]], [[[-78.9827, 68.1928], [-79.0641, 68.1818], [-79.174, 68.235], [-79.1535, 68.3353], [-78.9526, 68.353], [-78.8285, 68.2682], [-78.9827, 68.1928]]], [[[-76.6776, 63.3939], [-76.9219, 63.4063], [-77.3647, 63.5883], [-77.1337, 63.682], [-76.7636, 63.5736], [-76.6524, 63.5036], [-76.6776, 63.3939]]], [[[-79.4307, 69.7878], [-79.365, 69.7124], [-79.5528, 69.6309], [-79.8817, 69.6087], [-80.0475, 69.6343], [-79.9778, 69.5097], [-80.1615, 69.5359], [-80.448, 69.6497], [-80.7948, 69.6893], [-80.7266, 69.7404], [-80.4659, 69.7371], [-80.4242, 69.7976], [-80.2137, 69.802], [-80.1246, 69.7373], [-79.9708, 69.739], [-79.594, 69.8105], [-79.4307, 69.7878]]], [[[-78.0291, 69.7149], [-77.9691, 69.639], [-78.04, 69.6084], [-78.4701, 69.5025], [-78.8482, 69.4828], [-78.5786, 69.6388], [-78.2955, 69.6671], [-78.1452, 69.7392], [-78.0291, 69.7149]]], [[[-77.6421, 63.9919], [-77.7141, 63.9457], [-77.9288, 63.962], [-77.966, 63.9929], [-77.7108, 64.0356], [-77.5636, 64.0221], [-77.6421, 63.9919]]], [[[-83.1235, 66.2828], [-82.9313, 66.2573], [-83.0599, 66.1993], [-83.2139, 66.2771], [-83.2223, 66.3365], [-83.1235, 66.2828]]], [[[-79.2106, 68.8455], [-79.3614, 68.8577], [-79.4058, 68.923], [-79.2427, 69.0493], [-78.9, 69.1354], [-78.8041, 69.2351], [-78.662, 69.2624], [-78.6502, 69.3512], [-78.3326, 69.386], [-78.229, 69.304], [-78.287, 69.2627], [-78.7792, 68.9505], [-79.0536, 68.8829], [-79.2106, 68.8455]]], [[[-76.9954, 69.1437], [-77.215, 69.1381], [-77.3794, 69.274], [-77.3409, 69.4039], [-77.1875, 69.4401], [-76.7457, 69.404], [-76.6688, 69.3662], [-76.9112, 69.1747], [-76.9954, 69.1437]]], [[[-86.913, 70.1132], [-86.6127, 70.1057], [-86.5577, 69.9953], [-86.7343, 69.9763], [-87.1908, 70.0186], [-87.3231, 70.1022], [-87.1073, 70.1467], [-86.913, 70.1132]]], [[[-83.726, 65.7967], [-83.2337, 65.715], [-83.3324, 65.6311], [-83.6065, 65.7014], [-83.6495, 65.6578], [-83.7875, 65.6689], [-83.7019, 65.7562], [-83.8136, 65.7875], [-84.0085, 65.7515], [-84.1183, 65.7718], [-84.1432, 65.916], [-84.4506, 66.0644], [-84.4072, 66.131], [-83.787, 65.9658], [-83.6937, 65.8904], [-83.7651, 65.8312], [-83.726, 65.7967]]], [[[-86.5956, 67.7359], [-86.8925, 67.8366], [-86.8471, 68.0103], [-86.9598, 68.1002], [-86.7021, 68.3056], [-86.5699, 68.2877], [-86.4211, 68.1834], [-86.3824, 67.9273], [-86.546, 67.7522], [-86.5956, 67.7359]]], [[[-84.6748, 65.575], [-84.7829, 65.5701], [-85.0963, 65.7562], [-85.1496, 66.0154], [-84.9198, 65.997], [-84.6917, 65.7932], [-84.6263, 65.6041], [-84.6748, 65.575]]], [[[-93.0439, 61.8441], [-93.1967, 61.9186], [-93.0758, 61.935], [-93.0, 61.8675], [-93.0439, 61.8441]]], [[[-101.2261, 76.5793], [-101.4852, 76.575], [-101.6131, 76.6046], [-100.8865, 76.7427], [-100.2691, 76.7341], [-100.7466, 76.6492], [-101.2261, 76.5793]]], [[[-103.0034, 78.1464], [-103.1182, 78.1264], [-103.271, 78.1506], [-103.1104, 78.2459], [-102.8918, 78.2712], [-102.7883, 78.2182], [-103.0034, 78.1464]]], [[[-101.6936, 77.6966], [-102.0798, 77.6922], [-102.3778, 77.7281], [-102.4477, 77.8806], [-101.9179, 77.8996], [-101.322, 77.8542], [-101.0021, 77.7351], [-101.5846, 77.7183], [-101.6936, 77.6966]]], [[[-89.7265, 76.5074], [-89.9741, 76.4875], [-90.1646, 76.5236], [-90.5562, 76.7346], [-90.5248, 76.7878], [-90.1363, 76.837], [-89.9488, 76.8362], [-89.6954, 76.7412], [-89.8221, 76.6306], [-89.7264, 76.5208], [-89.7265, 76.5074]]], [[[-96.0786, 75.5101], [-96.1564, 75.4772], [-96.4616, 75.4942], [-96.7229, 75.3808], [-96.9151, 75.3797], [-96.9828, 75.5098], [-96.5229, 75.5836], [-96.3678, 75.6546], [-95.9686, 75.5418], [-96.0786, 75.5101]]], [[[-95.3066, 74.5054], [-95.8507, 74.5825], [-95.6604, 74.6369], [-95.5102, 74.6368], [-95.2745, 74.5192], [-95.3066, 74.5054]]], [[[-121.0762, 75.7453], [-121.2409, 75.7519], [-121.2211, 75.7775], [-120.914, 75.9375], [-121.0066, 75.7657], [-121.0762, 75.7453]]], [[[-113.5607, 76.7433], [-113.7125, 76.7105], [-114.7515, 76.7589], [-114.8353, 76.7947], [-114.4199, 76.8753], [-113.8916, 76.8949], [-113.5854, 76.8473], [-113.4876, 76.7833], [-113.5607, 76.7433]]], [[[-104.1199, 75.0363], [-104.6343, 75.0613], [-104.8874, 75.1478], [-104.6488, 75.3498], [-104.3462, 75.4299], [-104.0747, 75.4245], [-103.8041, 75.3455], [-103.6421, 75.1629], [-103.8139, 75.0797], [-104.1199, 75.0363]]], [[[-100.2172, 68.8067], [-100.3973, 68.7238], [-100.4969, 68.7922], [-100.5965, 68.7664], [-100.5655, 69.0268], [-100.414, 69.0281], [-100.1785, 68.9039], [-100.2172, 68.8067]]], [[[-99.9947, 69.0135], [-100.018, 68.954], [-100.1957, 68.9915], [-100.2474, 69.0528], [-100.1531, 69.1295], [-100.0056, 69.0471], [-99.9947, 69.0135]]], [[[-100.3084, 70.4958], [-100.6207, 70.5469], [-100.6353, 70.6703], [-100.2761, 70.5946], [-100.3055, 70.5084], [-100.3084, 70.4958]]], [[[-95.5137, 69.5736], [-95.3809, 69.5066], [-95.4375, 69.3785], [-95.5785, 69.3358], [-95.7301, 69.3476], [-95.6828, 69.5003], [-95.8062, 69.5605], [-95.8935, 69.3518], [-95.9859, 69.3919], [-95.9362, 69.567], [-95.7978, 69.6257], [-95.6025, 69.6018], [-95.5137, 69.5736]]], [[[-101.1717, 69.3971], [-101.2685, 69.3906], [-101.2073, 69.4798], [-101.3565, 69.5397], [-101.3129, 69.5761], [-101.0983, 69.5408], [-101.0312, 69.4955], [-101.0006, 69.4619], [-101.127, 69.4147], [-101.1717, 69.3971]]], [[[-101.8459, 68.5863], [-102.3082, 68.682], [-102.0134, 68.8254], [-101.733, 68.7534], [-101.7943, 68.6369], [-101.8459, 68.5863]]], [[[-104.5407, 68.4059], [-104.8511, 68.454], [-105.0514, 68.559], [-104.9073, 68.5818], [-104.602, 68.5615], [-104.4721, 68.5035], [-104.4571, 68.4312], [-104.5407, 68.4059]]], [[[-107.8999, 67.4018], [-107.9502, 67.3182], [-108.1522, 67.4294], [-108.1275, 67.6286], [-108.049, 67.6649], [-107.891, 67.4372], [-107.8999, 67.4018]]], [[[-109.1664, 67.9824], [-108.9705, 67.9797], [-108.8938, 67.8845], [-109.1836, 67.975], [-109.1664, 67.9824]]], [[[-108.0927, 67.0052], [-107.8055, 66.9986], [-107.9439, 66.8578], [-108.0597, 66.9469], [-108.0927, 67.0052]]], [[[-109.3231, 67.9909], [-109.4979, 68.047], [-109.4691, 68.098], [-109.3235, 68.0133], [-109.3231, 67.9909]]], [[[-139.0431, 69.5769], [-139.1257, 69.5393], [-139.2914, 69.5979], [-139.1396, 69.6496], [-138.8789, 69.5897], [-139.0431, 69.5769]]]]}}, {"type": "Feature", "properties": {"name": "Cayman Is.", "iso3": "CYM", "label": [-81.3012, 19.3288]}, "geometry": {"type": "MultiPolygon", "coordinates": [[[[-81.3695, 19.3489], [-81.1305, 19.3468], [-81.1071, 19.3052], [-81.4048, 19.2784], [-81.4191, 19.3748], [-81.391, 19.3849], [-81.3695, 19.3489]]], [[[-79.979, 19.7082], [-80.1259, 19.6684], [-80.0836, 19.7061], [-79.9751, 19.71], [-79.979, 19.7082]]], [[[-79.8234, 19.7119], [-79.9062, 19.7025], [-79.7852, 19.7656], [-79.7423, 19.7509], [-79.8234, 19.7119]]]]}}, {"type": "Feature", "properties": {"name": "Costa Rica", "iso3": "CRI", "label": [-84.0318, 9.7459]}, "geometry": {"type": "MultiPolygon", "coordinates": [[[[-82.5636, 9.5767], [-82.6441, 9.5059], [-82.801, 9.5918], [-82.9398, 9.4492], [-82.9403, 9.0601], [-82.8813, 9.0559], [-82.7831, 8.9903], [-82.7278, 8.9161], [-82.882, 8.8053], [-82.917, 8.7403], [-82.8557, 8.6353], [-82.8616, 8.4535], [-83.0273, 8.3377], [-82.9129, 8.1996], [-82.8793, 8.0707], [-82.9473, 8.1817], [-83.1233, 8.3531], [-83.1624, 8.5882], [-83.2858, 8.6644], [-83.3914, 8.7177], [-83.4697, 8.7068], [-83.4218, 8.6192], [-83.2978, 8.5069], [-83.2915, 8.406], [-83.6047, 8.4803], [-83.7341, 8.6145], [-83.6137, 8.8041], [-83.6373, 9.0354], [-83.7369, 9.1503], [-83.8956, 9.2764], [-84.1179, 9.3794], [-84.2224, 9.4625], [-84.5816, 9.5684], [-84.6589, 9.6467], [-84.6431, 9.7894], [-84.7149, 9.8994], [-85.025, 10.1157], [-85.2632, 10.2566], [-85.2365, 10.1074], [-85.1607, 10.0174], [-84.9628, 9.9334], [-84.8864, 9.8209], [-85.1145, 9.5818], [-85.3146, 9.8109], [-85.6249, 9.9024], [-85.7965, 10.1329], [-85.8497, 10.292], [-85.8306, 10.3981], [-85.6633, 10.6354], [-85.6672, 10.745], [-85.908, 10.8976], [-85.7522, 10.9853], [-85.7443, 11.0621], [-85.5842, 11.1895], [-84.9092, 10.9453], [-84.7012, 11.0522], [-84.3483, 10.9799], [-84.1684, 10.7804], [-83.9193, 10.7354], [-83.7129, 10.7859], [-83.6589, 10.8369], [-83.642, 10.9172], [-83.4482, 10.4659], [-83.3468, 10.3154], [-83.1246, 10.0416], [-83.0285, 9.9913], [-82.7784, 9.6695], [-82.6102, 9.616], [-82.5636, 9.5767]]]]}}, {"type": "Feature", "properties": {"name": "Cuba", "iso3": "CUB", "label": [-79.2644, 21.6165]}, "geometry": {"type": "MultiPolygon", "coordinates": [[[[-81.8375, 23.163], [-81.5754, 23.1165], [-81.2624, 23.1568], [-81.2716, 23.1286], [-81.1446, 23.0549], [-81.0077, 23.0898], [-80.6501, 23.1031], [-80.5505, 23.0166], [-80.3649, 22.9434], [-80.0752, 22.9423], [-79.9599, 22.8769], [-79.8203, 22.887], [-79.8507, 22.8272], [-79.6767, 22.7431], [-79.5492, 22.5778], [-79.2757, 22.4076], [-78.6865, 22.3668], [-78.1431, 22.1094], [-77.865, 21.9006], [-77.6368, 21.7974], [-77.4971, 21.7883], [-77.5832, 21.8893], [-77.4973, 21.8716], [-77.2995, 21.7123], [-77.1441, 21.6436], [-77.1813, 21.5977], [-77.3662, 21.6126], [-77.2696, 21.5379], [-77.2529, 21.4835], [-77.2079, 21.4789], [-77.0986, 21.589], [-76.8363, 21.3995], [-76.8674, 21.3304], [-76.7261, 21.3589], [-76.6474, 21.2845], [-76.2592, 21.2274], [-76.0736, 21.1334], [-75.7229, 21.111], [-75.6337, 21.0613], [-75.5958, 20.9947], [-75.6629, 20.8981], [-75.5973, 20.8376], [-75.7402, 20.812], [-75.7604, 20.7755], [-75.7246, 20.7146], [-75.2133, 20.7139], [-74.8826, 20.6506], [-74.7321, 20.5732], [-74.5131, 20.3846], [-74.1675, 20.2922], [-74.1368, 20.2319], [-74.1537, 20.1686], [-74.2528, 20.0797], [-74.6348, 20.0582], [-75.1164, 19.9014], [-75.1516, 20.0084], [-75.2194, 19.9236], [-75.2905, 19.8931], [-75.552, 19.8911], [-75.7651, 19.9604], [-76.1584, 19.9897], [-76.7797, 19.9402], [-76.9995, 19.8928], [-77.7151, 19.8555], [-77.5538, 20.0821], [-77.2134, 20.3004], [-77.1038, 20.4075], [-77.1079, 20.4916], [-77.2296, 20.6438], [-77.467, 20.6895], [-77.9973, 20.7154], [-78.1164, 20.7619], [-78.4908, 21.0537], [-78.5766, 21.4138], [-78.7277, 21.5927], [-78.8229, 21.6189], [-79.1892, 21.5528], [-79.3574, 21.5852], [-79.9103, 21.7426], [-80.2313, 21.8722], [-80.4854, 22.1234], [-80.4991, 22.0635], [-81.0356, 22.0736], [-81.1167, 22.1342], [-81.1855, 22.268], [-81.2224, 22.1429], [-81.2844, 22.1094], [-81.3553, 22.1041], [-81.4411, 22.1838], [-81.8494, 22.2137], [-82.0777, 22.3877], [-81.7104, 22.4967], [-81.6833, 22.5348], [-81.7027, 22.5919], [-81.8388, 22.6725], [-82.738, 22.6893], [-83.3796, 22.223], [-83.4859, 22.1871], [-83.6015, 22.2087], [-83.9007, 22.1701], [-84.031, 21.9431], [-84.2407, 21.8983], [-84.5026, 21.7762], [-84.5014, 21.9303], [-84.6269, 21.9204], [-84.8382, 21.8279], [-84.8872, 21.857], [-84.8772, 21.8941], [-84.5328, 22.0312], [-84.3731, 22.0359], [-84.3264, 22.0743], [-84.383, 22.2556], [-84.3613, 22.3789], [-84.0449, 22.666], [-83.2578, 22.9676], [-82.6658, 23.0436], [-82.3505, 23.154], [-82.1014, 23.1904], [-81.8375, 23.163]]], [[[-77.669, 21.952], [-77.7101, 21.9213], [-77.9, 22.0372], [-77.9186, 22.0881], [-77.6337, 22.054], [-77.646, 21.9965], [-77.669, 21.952]]], [[[-78.0271, 22.2852], [-78.0475, 22.2685], [-78.18, 22.322], [-78.2735, 22.4236], [-78.1506, 22.4315], [-78.0617, 22.3059], [-78.0271, 22.2852]]], [[[-78.6301, 22.5522], [-78.3512, 22.5386], [-78.2839, 22.4555], [-78.5477, 22.464], [-78.6955, 22.534], [-78.6301, 22.5522]]], [[[-77.8794, 22.1275], [-78.0417, 22.2013], [-77.9992, 22.2987], [-77.9696, 22.2407], [-77.8937, 22.2146], [-77.8425, 22.149], [-77.8794, 22.1275]]], [[[-82.5618, 21.5717], [-82.8532, 21.4439], [-82.9596, 21.4413], [-83.0673, 21.4694], [-83.1838, 21.5935], [-83.1802, 21.623], [-83.0549, 21.5494], [-82.9736, 21.5923], [-83.0825, 21.7914], [-82.9912, 21.9427], [-82.7146, 21.8903], [-82.5678, 21.6218], [-82.5618, 21.5717]]], [[[-79.3496, 22.6639], [-79.3479, 22.6377], [-79.5228, 22.7111], [-79.6282, 22.8052], [-79.5792, 22.8067], [-79.3822, 22.6813], [-79.3496, 22.6639]]]]}}, {"type": "Feature", "properties": {"name": "Cura\u00e7ao", "iso3": "CUW", "label": [-68.9649, 12.2091]}, "geometry": {"type": "MultiPolygon", "coordinates": [[[[-68.7511, 12.0598], [-68.8033, 12.0455], [-68.9951, 12.1418], [-69.1538, 12.2984], [-69.1589, 12.3803], [-69.0768, 12.342], [-69.0131, 12.2313], [-68.8274, 12.1585], [-68.7511, 12.0598]]]]}}, {"type": "Feature", "properties": {"name": "Dominica", "iso3": "DMA", "label": [-61.3612, 15.4372]}, "geometry": {"type": "MultiPolygon", "coordinates": [[[[-61.2817, 15.249], [-61.3754, 15.2273], [-61.4812, 15.5251], [-61.4581, 15.6331], [-61.32, 15.5851], [-61.2772, 15.5267], [-61.2511, 15.3731], [-61.2817, 15.249]]]]}}, {"type": "Feature", "properties": {"name": "Dominican Rep.", "iso3": "DOM", "label": [-70.5056, 18.8252]}, "geometry": {"type": "MultiPolygon", "coordinates": [[[[-71.7683, 18.0392], [-71.7373, 18.2708], [-71.7619, 18.3413], [-71.8726, 18.4162], [-72.0004, 18.5979], [-71.8665, 18.6142], [-71.7432, 18.7329], [-71.7336, 18.8564], [-71.8071, 18.987], [-71.6453, 19.1635], [-71.7465, 19.2858], [-71.7115, 19.4866], [-71.7792, 19.7182], [-71.7351, 19.7351], [-71.6674, 19.8486], [-71.5578, 19.8954], [-71.2359, 19.8481], [-70.9541, 19.914], [-70.8339, 19.8873], [-70.6362, 19.7756], [-70.4364, 19.7712], [-70.1938, 19.638], [-69.9568, 19.6719], [-69.8912, 19.5897], [-69.8783, 19.4733], [-69.8234, 19.3671], [-69.7394, 19.2992], [-69.325, 19.3277], [-69.2325, 19.2718], [-69.3228, 19.2011], [-69.606, 19.2065], [-69.6236, 19.1178], [-68.9014, 18.9885], [-68.6848, 18.9048], [-68.3392, 18.6115], [-68.4448, 18.4177], [-68.5638, 18.3555], [-68.6874, 18.2149], [-68.935, 18.408], [-69.0723, 18.3992], [-69.2745, 18.4398], [-69.5194, 18.4157], [-69.7707, 18.4436], [-70.0183, 18.3736], [-70.1831, 18.2518], [-70.4799, 18.2173], [-70.6447, 18.3362], [-70.7588, 18.3456], [-71.0278, 18.2732], [-71.0822, 18.2244], [-71.106, 18.07], [-71.3583, 17.6941], [-71.439, 17.6356], [-71.5184, 17.725], [-71.6317, 17.7736], [-71.7125, 18.0055], [-71.7683, 18.0392]]]]}}, {"type": "Feature", "properties": {"name": "El Salvador", "iso3": "SLV", "label": [-88.816, 13.8507]}, "geometry": {"type": "MultiPolygon", "coordinates": [[[[-89.3626, 14.416], [-89.1205, 14.3702], [-88.7076, 14.0321], [-88.5125, 13.979], [-88.4827, 13.8542], [-88.151, 13.9874], [-87.991, 13.8796], [-87.8022, 13.89], [-87.7314, 13.8411], [-87.7819, 13.5214], [-87.7316, 13.4831], [-87.8384, 13.3858], [-87.8207, 13.2852], [-87.9309, 13.1807], [-88.1807, 13.164], [-88.5916, 13.2811], [-88.6856, 13.2815], [-88.4839, 13.1972], [-88.512, 13.1839], [-88.867, 13.2833], [-89.2776, 13.4781], [-89.8042, 13.5601], [-90.0952, 13.7365], [-90.1047, 13.8348], [-90.0481, 13.9041], [-89.8727, 14.0456], [-89.7494, 14.077], [-89.6713, 14.1827], [-89.5472, 14.2413], [-89.5736, 14.3901], [-89.3833, 14.4276], [-89.3626, 14.416]]]]}}, {"type": "Feature", "properties": {"name": "Greenland", "iso3": "GRL", "label": [-41.7774, 72.4688]}, "geometry": {"type": "MultiPolygon", "coordinates": [[[[-29.9529, 83.5648], [-28.992, 83.5048], [-28.4838, 83.4349], [-27.0344, 83.3769], [-25.7951, 83.261], [-26.1827, 83.2214], [-30.092, 83.1574], [-31.9927, 83.0854], [-32.0327, 82.9834], [-31.5156, 82.9917], [-29.9636, 83.1105], [-28.1515, 83.0637], [-27.0021, 83.0672], [-25.1234, 83.1596], [-24.4703, 82.8774], [-23.9195, 82.8851], [-23.6946, 82.8191], [-22.5249, 82.7892], [-21.6918, 82.6825], [-21.5207, 82.5954], [-21.6158, 82.5477], [-22.4726, 82.3847], [-23.1181, 82.3247], [-29.5794, 82.1612], [-29.7728, 82.1312], [-29.8874, 82.0548], [-29.811, 81.9555], [-29.5438, 81.9399], [-27.8395, 82.0489], [-25.1488, 82.0011], [-24.5892, 81.8828], [-24.2931, 81.701], [-23.4961, 81.773], [-23.1037, 82.0118], [-22.5634, 82.053], [-21.338, 82.0687], [-21.1303, 81.9342], [-21.2305, 81.6014], [-21.7236, 81.3482], [-23.0725, 80.9267], [-23.1964, 80.8474], [-23.2037, 80.7893], [-23.1177, 80.7782], [-22.8257, 80.9126], [-22.0894, 81.0202], [-20.8897, 81.2764], [-20.0157, 81.5644], [-19.6299, 81.6399], [-19.2248, 81.64], [-19.153, 81.5122], [-18.4565, 81.4979], [-17.4561, 81.3977], [-17.2262, 81.4304], [-16.1207, 81.7766], [-15.4506, 81.837], [-14.242, 81.8139], [-12.4344, 81.6825], [-11.8411, 81.5775], [-11.4307, 81.4568], [-12.2313, 81.3092], [-13.1262, 81.0878], [-13.4512, 81.0381], [-14.4523, 80.9931], [-14.2286, 80.8705], [-14.2402, 80.8324], [-14.5036, 80.7633], [-15.1942, 80.7214], [-15.5427, 80.6504], [-16.3189, 80.6498], [-16.7606, 80.5734], [-16.5878, 80.5112], [-15.9373, 80.4276], [-15.9326, 80.3951], [-16.4888, 80.252], [-17.0111, 80.1902], [-18.0709, 80.1721], [-19.4292, 80.2577], [-19.8668, 80.1447], [-20.1501, 80.0112], [-20.1813, 79.858], [-20.0688, 79.7738], [-19.353, 79.7342], [-19.2836, 79.6832], [-19.414, 79.3488], [-19.1522, 79.3254], [-18.992, 79.1784], [-19.723, 79.065], [-20.0505, 78.8418], [-20.6156, 78.8039], [-21.1337, 78.6586], [-20.9475, 78.5959], [-20.9557, 78.555], [-21.7476, 77.7906], [-21.7296, 77.7085], [-21.5789, 77.6514], [-21.3797, 77.6976], [-21.1319, 77.8472], [-20.8626, 77.9119], [-20.3186, 77.862], [-19.4904, 77.7189], [-19.2969, 77.6213], [-19.2961, 77.5853], [-19.4675, 77.5658], [-20.1621, 77.6898], [-20.6808, 77.619], [-20.4638, 77.4473], [-20.2319, 77.3684], [-19.8086, 77.3324], [-19.3003, 77.2224], [-18.9034, 77.2805], [-18.4426, 77.2594], [-18.2924, 77.1329], [-18.3373, 76.9212], [-18.6058, 76.7633], [-19.8649, 76.9144], [-20.4867, 76.9208], [-20.9421, 76.887], [-20.9599, 76.8427], [-21.6147, 76.6879], [-22.1853, 76.7941], [-22.3343, 76.7937], [-22.6066, 76.6808], [-22.3786, 76.6122], [-21.8773, 76.5735], [-21.7581, 76.4005], [-21.4882, 76.2719], [-20.8874, 76.304], [-20.5638, 76.2398], [-20.1036, 76.2191], [-19.8629, 76.1207], [-19.9577, 75.9967], [-19.509, 75.7575], [-19.3995, 75.4944], [-19.3753, 75.2982], [-19.5264, 75.1802], [-19.7985, 75.1575], [-20.1987, 75.308], [-20.485, 75.3143], [-20.9059, 75.1569], [-21.2465, 75.1334], [-21.6493, 75.0234], [-22.2329, 75.1197], [-21.6951, 74.9645], [-20.9858, 75.0744], [-20.7857, 74.8917], [-20.7953, 74.806], [-21.0385, 74.6542], [-20.8616, 74.6359], [-20.6111, 74.7282], [-20.4171, 74.9752], [-20.2143, 75.0192], [-19.9849, 74.9752], [-19.5378, 74.6246], [-19.287, 74.5464], [-19.2716, 74.3426], [-19.3691, 74.284], [-19.6462, 74.258], [-20.2564, 74.2828], [-20.2306, 74.2046], [-20.6531, 74.1374], [-21.1294, 74.1109], [-21.9549, 74.2443], [-21.762, 74.4828], [-21.9826, 74.5675], [-21.9727, 74.39], [-22.3343, 74.2864], [-22.1957, 74.2057], [-22.3353, 74.0634], [-21.9877, 73.971], [-21.2983, 73.9625], [-20.3673, 73.8482], [-20.5097, 73.4929], [-20.6367, 73.4636], [-21.548, 73.4317], [-22.1851, 73.2699], [-22.3469, 73.2692], [-23.2332, 73.3977], [-23.7606, 73.5431], [-24.1577, 73.7645], [-24.4513, 73.6285], [-24.6772, 73.6022], [-25.5213, 73.8516], [-24.7913, 73.5113], [-25.3107, 73.431], [-25.6654, 73.2928], [-26.0623, 73.253], [-27.2704, 73.4363], [-27.1694, 73.3742], [-26.5418, 73.249], [-26.7286, 73.1714], [-27.2649, 73.1765], [-27.5616, 73.1385], [-27.348, 73.0678], [-27.1899, 73.1324], [-26.7532, 73.1211], [-25.399, 73.2758], [-25.2683, 73.362], [-25.057, 73.3965], [-24.1327, 73.4094], [-23.899, 73.3983], [-23.2441, 73.1933], [-22.996, 73.1716], [-22.8523, 73.084], [-22.0363, 72.9185], [-22.0748, 72.3992], [-22.2802, 72.3448], [-22.2932, 72.1195], [-24.069, 72.4987], [-24.3586, 72.6873], [-24.63, 73.0376], [-24.9925, 73.0131], [-25.2559, 72.9241], [-26.6576, 72.7158], [-26.3921, 72.6728], [-25.688, 72.7974], [-25.3574, 72.8103], [-24.8133, 72.9015], [-24.65, 72.5825], [-24.7007, 72.5063], [-25.2037, 72.393], [-25.1179, 72.347], [-24.6668, 72.4374], [-24.5724, 72.4202], [-24.4172, 72.3482], [-23.5871, 72.1398], [-22.4969, 71.9138], [-22.3702, 71.7698], [-21.9597, 71.7447], [-22.5032, 71.5004], [-22.4796, 71.3834], [-22.4176, 71.2487], [-22.299, 71.4323], [-21.9614, 71.5082], [-21.7522, 71.4783], [-21.6745, 70.8563], [-21.5227, 70.5262], [-21.6255, 70.4686], [-21.9435, 70.4435], [-22.0693, 70.4719], [-22.3841, 70.4624], [-22.437, 70.86], [-22.6907, 70.4373], [-23.3278, 70.451], [-23.7918, 70.5552], [-23.9714, 70.6495], [-24.2657, 71.0463], [-24.5622, 71.2235], [-25.8852, 71.5719], [-26.6885, 71.5833], [-27.0872, 71.6266], [-27.1623, 71.6022], [-27.107, 71.5327], [-25.8427, 71.4802], [-25.6994, 71.3683], [-25.7422, 71.1836], [-26.1575, 71.0503], [-26.7179, 70.9505], [-27.3357, 70.9528], [-27.8889, 71.0017], [-28.3984, 70.9929], [-27.9922, 70.8952], [-28.0699, 70.699], [-28.4175, 70.5735], [-29.0721, 70.445], [-28.5409, 70.4769], [-28.015, 70.4022], [-26.6218, 70.4634], [-26.5084, 70.3966], [-26.5768, 70.3571], [-27.2032, 70.2557], [-27.5608, 70.1245], [-27.6289, 70.0282], [-27.3842, 69.9916], [-27.0277, 70.2012], [-26.7521, 70.2422], [-26.4157, 70.2213], [-26.1557, 70.2456], [-25.5299, 70.3532], [-24.7488, 70.2951], [-23.6673, 70.1393], [-22.2845, 70.1258], [-22.2066, 70.1079], [-22.2871, 70.0334], [-23.0336, 69.9008], [-23.0496, 69.7927], [-23.8657, 69.7367], [-23.7394, 69.5886], [-23.9437, 69.5581], [-24.2967, 69.5855], [-24.2209, 69.4793], [-24.2956, 69.4393], [-24.8666, 69.2931], [-25.1886, 69.2605], [-25.0924, 69.1652], [-25.544, 69.0457], [-25.698, 68.8899], [-26.4829, 68.6759], [-28.1265, 68.479], [-29.2495, 68.2988], [-29.8685, 68.3116], [-30.1955, 68.199], [-30.72, 68.2512], [-30.6107, 68.1179], [-30.9786, 68.0613], [-31.4195, 68.1285], [-32.3274, 68.4373], [-32.1801, 68.2573], [-32.3668, 68.213], [-32.156, 68.0632], [-32.1646, 67.9911], [-32.3695, 67.8828], [-33.1082, 67.6582], [-33.5044, 67.377], [-33.528, 67.2582], [-34.1017, 66.7259], [-34.2689, 66.625], [-34.4229, 66.6302], [-34.6328, 66.4348], [-35.1886, 66.2503], [-35.4117, 66.2615], [-35.8672, 66.4414], [-35.6301, 66.1399], [-36.3792, 65.8308], [-36.389, 65.9597], [-36.5272, 66.0077], [-36.6652, 65.7901], [-36.9324, 65.7826], [-37.0628, 65.8714], [-37.316, 65.7902], [-37.4101, 65.6563], [-37.7542, 65.5931], [-37.9548, 65.6336], [-38.0013, 65.7096], [-37.7974, 65.8568], [-37.7878, 65.978], [-37.2787, 66.3044], [-37.8139, 66.3855], [-38.1566, 66.3856], [-37.7523, 66.2615], [-37.9694, 66.1411], [-38.1399, 65.9035], [-38.5204, 66.0097], [-38.4427, 65.9217], [-38.2164, 65.8383], [-38.2034, 65.7117], [-38.6367, 65.6244], [-40.1735, 65.5562], [-40.1916, 65.5225], [-39.5779, 65.3408], [-39.6525, 65.2878], [-40.028, 65.1025], [-40.2531, 65.0489], [-40.6676, 65.1087], [-40.8806, 65.082], [-41.0844, 65.1008], [-41.0887, 65.0354], [-40.966, 64.8688], [-40.6555, 64.9153], [-40.1822, 64.4799], [-40.4776, 64.3444], [-40.6985, 64.3297], [-40.7817, 64.2218], [-41.1777, 64.2814], [-41.581, 64.2983], [-41.0306, 64.121], [-40.8257, 64.1625], [-40.6178, 64.1317], [-40.6523, 63.9277], [-40.5504, 63.7252], [-40.7715, 63.6262], [-40.7752, 63.5336], [-41.0487, 63.5138], [-41.1077, 63.2738], [-41.3879, 63.0619], [-41.8445, 63.0703], [-42.1745, 63.2088], [-42.094, 63.1167], [-41.6345, 62.9725], [-41.909, 62.7371], [-42.0583, 62.694], [-42.9417, 62.7202], [-42.6737, 62.6375], [-42.153, 62.5685], [-42.3215, 62.1527], [-42.1431, 62.0135], [-42.1102, 61.8572], [-42.2497, 61.7714], [-42.5304, 61.7553], [-42.5853, 61.7175], [-42.3236, 61.6817], [-42.3474, 61.6174], [-42.717, 60.7675], [-43.0441, 60.5237], [-43.3483, 60.5198], [-43.5983, 60.576], [-43.9227, 60.5954], [-43.8312, 60.522], [-43.2957, 60.445], [-43.213, 60.3907], [-43.1229, 60.0612], [-43.3201, 59.9281], [-43.6169, 59.9369], [-43.955, 60.0255], [-43.6579, 59.8586], [-43.9065, 59.8155], [-44.117, 59.8319], [-44.0655, 59.9248], [-44.2689, 59.8929], [-44.4129, 59.9226], [-44.4535, 60.0146], [-44.2313, 60.1803], [-44.2244, 60.2735], [-44.6133, 60.0166], [-45.3792, 60.2029], [-45.3678, 60.3729], [-45.2025, 60.3827], [-44.9747, 60.4572], [-44.7567, 60.6646], [-45.0827, 60.5072], [-45.3805, 60.4449], [-46.0466, 60.6157], [-46.1419, 60.7765], [-45.8702, 61.2183], [-46.0117, 61.0968], [-46.5824, 60.9621], [-46.8745, 60.8164], [-47.2244, 60.7829], [-47.4646, 60.8426], [-47.7962, 60.8289], [-47.7299, 60.7295], [-47.8279, 60.7248], [-48.014, 60.722], [-48.1808, 60.7692], [-48.2052, 60.8559], [-47.7703, 60.9978], [-48.3864, 61.0047], [-48.4282, 61.1874], [-48.5972, 61.2474], [-48.9221, 61.2774], [-49.0492, 61.5239], [-49.2891, 61.5899], [-49.1931, 61.6856], [-49.3803, 61.8902], [-49.0396, 62.0394], [-48.8287, 62.0797], [-49.1205, 62.1126], [-49.3485, 62.0102], [-49.6238, 61.9986], [-49.6677, 62.1509], [-49.5535, 62.2327], [-49.9434, 62.3245], [-50.3192, 62.4732], [-50.2987, 62.722], [-49.7931, 63.0446], [-50.0922, 62.9768], [-50.3901, 62.822], [-51.4688, 63.6423], [-51.5382, 63.758], [-51.4511, 63.9048], [-51.5475, 64.0061], [-50.6994, 64.1493], [-50.3419, 64.1704], [-50.2607, 64.2143], [-50.4866, 64.2089], [-50.4371, 64.3128], [-50.721, 64.2233], [-51.5423, 64.097], [-51.7079, 64.2051], [-51.2315, 64.5606], [-50.8349, 64.559], [-50.8492, 64.6447], [-50.6843, 64.6782], [-50.3551, 64.6826], [-50.1582, 64.4896], [-50.009, 64.4473], [-50.1216, 64.7038], [-50.2989, 64.7786], [-50.517, 64.7665], [-50.9606, 65.2011], [-50.7216, 64.7976], [-50.8911, 64.6952], [-51.2206, 64.6285], [-51.139, 64.7857], [-51.2554, 64.7581], [-51.7581, 64.2799], [-51.9226, 64.2188], [-52.0934, 64.4159], [-52.259, 65.1549], [-52.4476, 65.2051], [-52.5377, 65.3288], [-52.1796, 65.4419], [-51.6191, 65.7132], [-51.0904, 65.751], [-51.0919, 65.7758], [-51.3938, 65.7792], [-51.7234, 65.7235], [-52.3482, 65.4613], [-52.5513, 65.4614], [-52.7609, 65.5908], [-52.9949, 65.566], [-53.199, 65.594], [-53.2337, 65.7708], [-53.1063, 65.9771], [-53.2438, 65.9791], [-53.392, 66.0483], [-52.0561, 66.5073], [-51.8912, 66.6231], [-51.5171, 66.732], [-51.225, 66.8815], [-51.823, 66.6979], [-53.0358, 66.2014], [-53.5388, 66.1394], [-53.6147, 66.1545], [-53.6347, 66.4137], [-53.4188, 66.6485], [-53.1146, 66.7538], [-53.0383, 66.8268], [-52.4911, 66.8501], [-52.3869, 66.8812], [-52.5601, 66.9091], [-53.4436, 66.9247], [-53.6872, 66.9865], [-53.8844, 67.1355], [-53.7986, 67.4182], [-52.9695, 67.6873], [-52.512, 67.7613], [-51.9091, 67.6637], [-51.4506, 67.6677], [-51.1814, 67.6365], [-50.7054, 67.5089], [-50.6135, 67.5279], [-51.171, 67.6936], [-51.168, 67.7338], [-50.887, 67.7835], [-50.9688, 67.8066], [-51.7652, 67.7378], [-52.3448, 67.8369], [-52.9796, 67.7578], [-53.4188, 67.5746], [-53.6036, 67.5365], [-53.7352, 67.549], [-53.578, 67.8368], [-53.3529, 67.9705], [-53.1516, 68.2078], [-52.8898, 68.2045], [-52.0585, 68.0755], [-51.5969, 68.0548], [-51.2073, 68.3255], [-51.2102, 68.4199], [-51.4561, 68.3935], [-51.6324, 68.273], [-52.1985, 68.2208], [-52.6984, 68.2615], [-52.78, 68.3099], [-53.3832, 68.2974], [-53.0395, 68.6109], [-52.6046, 68.7087], [-52.3028, 68.7011], [-51.6231, 68.5348], [-51.1333, 68.5984], [-50.8006, 68.7913], [-50.8077, 68.817], [-51.2494, 68.7399], [-51.0849, 69.1283], [-50.3927, 69.1374], [-50.2974, 69.1706], [-50.5366, 69.2479], [-51.077, 69.2095], [-50.8041, 69.663], [-50.7203, 69.7253], [-50.3495, 69.7962], [-50.5, 69.9358], [-50.3229, 70.0271], [-50.8023, 70.0032], [-51.1057, 70.0574], [-51.4991, 69.9872], [-52.2546, 70.0589], [-53.023, 70.3019], [-54.0145, 70.4217], [-54.5308, 70.6993], [-54.1658, 70.8201], [-52.802, 70.7506], [-52.4052, 70.6868], [-51.5245, 70.4395], [-50.9469, 70.3636], [-50.6821, 70.3969], [-51.3229, 70.5888], [-51.2566, 70.8527], [-51.7743, 71.0104], [-51.1301, 70.9717], [-51.0189, 71.0013], [-51.3767, 71.119], [-52.0614, 71.1216], [-52.5346, 71.2004], [-53.0076, 71.18], [-53.117, 71.3129], [-52.8918, 71.4577], [-51.9673, 71.5991], [-51.7786, 71.6829], [-52.1958, 71.63], [-52.6563, 71.6723], [-53.1675, 71.5359], [-53.4401, 71.579], [-53.476, 71.6402], [-53.2497, 71.7102], [-53.1445, 71.8074], [-53.3337, 71.7897], [-53.4201, 71.9998], [-53.6929, 72.1597], [-53.8099, 72.2926], [-53.6521, 72.3626], [-53.9277, 72.3188], [-53.4625, 71.8936], [-53.7797, 71.6785], [-53.8941, 71.642], [-54.0199, 71.6579], [-53.9121, 71.5259], [-53.963, 71.459], [-54.3177, 71.3845], [-54.6891, 71.3672], [-55.3364, 71.4268], [-55.594, 71.5535], [-55.6693, 71.6915], [-55.3156, 72.1107], [-54.8401, 72.3561], [-54.8963, 72.3942], [-55.3201, 72.1996], [-55.5814, 72.1789], [-55.6358, 72.3004], [-55.3779, 72.3111], [-55.2957, 72.3544], [-55.6017, 72.4535], [-55.4568, 72.5033], [-55.1219, 72.4996], [-54.925, 72.572], [-54.74, 72.7002], [-54.7379, 72.8725], [-54.8662, 72.9668], [-55.0731, 73.0151], [-55.2889, 72.9332], [-55.6686, 73.0079], [-55.6928, 73.1128], [-55.3587, 73.2029], [-55.2883, 73.3271], [-55.4457, 73.4605], [-55.7389, 73.384], [-55.8755, 73.5046], [-56.1041, 73.5582], [-55.9684, 73.7596], [-55.8383, 73.7597], [-56.2254, 74.1291], [-56.4932, 74.1822], [-57.2306, 74.1253], [-56.7063, 74.2192], [-56.639, 74.2784], [-56.7177, 74.4292], [-56.2555, 74.5268], [-56.8711, 74.695], [-57.1909, 74.8937], [-57.8132, 75.04], [-58.2533, 75.279], [-58.5655, 75.3527], [-58.6035, 75.3853], [-58.2497, 75.5067], [-58.5162, 75.6891], [-59.0816, 75.7647], [-59.4453, 75.8586], [-61.1882, 76.1579], [-62.0967, 76.2423], [-62.7429, 76.2521], [-63.2913, 76.3521], [-63.8431, 76.2171], [-63.9604, 76.2089], [-64.3073, 76.3165], [-64.912, 76.1725], [-65.3699, 76.1306], [-65.5737, 76.1442], [-65.8757, 76.2383], [-66.134, 76.2196], [-66.4658, 76.1392], [-66.9926, 76.2129], [-67.0548, 76.1519], [-66.6748, 75.9774], [-66.8262, 75.9688], [-68.3173, 76.0908], [-69.3729, 76.3319], [-69.4841, 76.3992], [-68.865, 76.5614], [-68.1143, 76.6506], [-68.2234, 76.6777], [-69.2521, 76.6861], [-69.6738, 76.7359], [-69.8881, 76.8271], [-69.6942, 76.9895], [-70.4413, 76.8074], [-70.6131, 76.8218], [-70.7928, 76.8691], [-70.7347, 76.929], [-71.015, 76.9849], [-71.1549, 77.0739], [-70.8628, 77.1754], [-70.6037, 77.1938], [-69.6565, 77.229], [-68.9783, 77.1953], [-68.5916, 77.3425], [-68.1355, 77.3796], [-66.938, 77.3642], [-66.3895, 77.2803], [-66.4531, 77.3931], [-66.2665, 77.5154], [-66.3064, 77.5645], [-66.6912, 77.6812], [-66.8235, 77.6866], [-67.6881, 77.5238], [-68.1373, 77.5305], [-68.6215, 77.6019], [-68.9746, 77.4926], [-69.3514, 77.4671], [-69.9768, 77.5477], [-70.3183, 77.6904], [-70.5354, 77.6996], [-70.1145, 77.8414], [-70.4124, 77.8431], [-70.7287, 77.7927], [-71.2716, 77.8131], [-71.6499, 77.8998], [-72.1585, 77.9569], [-72.8181, 78.1943], [-72.5813, 78.2791], [-72.7148, 78.3623], [-72.4725, 78.482], [-71.6513, 78.6231], [-70.9058, 78.6385], [-69.9735, 78.7777], [-68.9935, 78.8574], [-68.9239, 78.8819], [-69.0305, 78.9429], [-68.3771, 79.0378], [-67.3545, 79.1233], [-66.0753, 79.1182], [-65.8255, 79.1737], [-65.2878, 79.4373], [-64.7923, 80.0006], [-64.1792, 80.0993], [-64.4399, 80.1418], [-65.8104, 80.0241], [-66.4477, 80.0803], [-66.8437, 80.0762], [-67.0606, 80.1231], [-67.2015, 80.2222], [-66.9959, 80.413], [-66.3723, 80.5842], [-65.6452, 80.6851], [-64.5155, 81], [-63.722, 81.0573], [-63.0287, 80.8896], [-63.2352, 81.0833], [-63.2125, 81.1431], [-62.9933, 81.207], [-62.2989, 81.1944], [-61.6356, 81.1157], [-61.436, 81.1336], [-61.1621, 81.2815], [-61.1, 81.3961], [-61.2029, 81.7469], [-60.8429, 81.8554], [-60.4324, 81.9202], [-59.9019, 81.933], [-59.2819, 81.884], [-56.8621, 81.3827], [-56.6151, 81.3629], [-56.8597, 81.46], [-57.853, 81.662], [-58.8167, 81.9204], [-59.268, 81.9821], [-59.2618, 82.0066], [-58.7174, 82.0931], [-57.7169, 82.1683], [-55.5487, 82.2458], [-55.3436, 82.2996], [-54.5489, 82.3506], [-53.9873, 82.2792], [-53.6713, 82.1641], [-53.5557, 81.6533], [-53.0412, 81.871], [-52.9255, 82.0384], [-53.102, 82.1189], [-53.0226, 82.3217], [-52.7756, 82.3217], [-51.754, 82.0782], [-51.3519, 82.0256], [-50.8944, 81.8952], [-49.5411, 81.9181], [-50.3948, 82.1207], [-50.7131, 82.2374], [-50.9899, 82.4602], [-50.0371, 82.4724], [-48.8612, 82.4054], [-47.3574, 82.1736], [-46.6173, 82.097], [-45.2911, 81.8288], [-44.7295, 81.7798], [-44.5324, 81.8489], [-44.6371, 82.1044], [-44.5471, 82.2601], [-44.2389, 82.3682], [-44.3266, 82.4717], [-45.5565, 82.747], [-45.0674, 82.785], [-42.6507, 82.7415], [-41.8765, 82.6803], [-41.3573, 82.705], [-41.3696, 82.75], [-41.4344, 82.7786], [-44.762, 82.8835], [-46.1368, 82.8588], [-46.4782, 82.9519], [-46.169, 83.0639], [-45.4146, 83.0177], [-44.6569, 83.1291], [-43.0093, 83.2646], [-42.2595, 83.232], [-41.8198, 83.1478], [-41.3001, 83.1008], [-40.3568, 83.3322], [-38.9311, 83.1753], [-38.2784, 82.9989], [-38.1562, 82.9986], [-37.9348, 83.1607], [-38.5396, 83.2582], [-38.7496, 83.3709], [-38.5415, 83.4148], [-38.0711, 83.4121], [-37.7233, 83.4978], [-36.8045, 83.4658], [-36.6065, 83.537], [-34.6678, 83.5711], [-33.8374, 83.53], [-32.9844, 83.5996], [-30.7029, 83.5934], [-29.9529, 83.5648]]], [[[-52.7312, 69.9447], [-52.0453, 69.8072], [-51.9002, 69.6048], [-52.1126, 69.4891], [-52.7705, 69.3639], [-53.5784, 69.2566], [-53.7932, 69.2642], [-54.1827, 69.4035], [-54.1582, 69.4278], [-53.6583, 69.4651], [-53.825, 69.5403], [-54.497, 69.5772], [-54.8658, 69.665], [-54.9191, 69.7136], [-54.7879, 69.9499], [-54.3226, 69.9419], [-54.7736, 70.0525], [-54.8156, 70.1894], [-54.706, 70.2562], [-54.3716, 70.3173], [-53.3751, 70.2213], [-53.1029, 70.1409], [-52.7312, 69.9447]]], [[[-51.0137, 69.5525], [-51.2021, 69.525], [-51.3389, 69.732], [-51.3503, 69.8548], [-51.0946, 69.9242], [-50.679, 69.8485], [-50.9117, 69.7567], [-50.9704, 69.583], [-51.0137, 69.5525]]], [[[-53.5352, 71.0408], [-53.8976, 71.0852], [-53.9578, 71.1277], [-53.701, 71.283], [-53.5845, 71.2971], [-53.4414, 71.1858], [-53.4878, 71.0563], [-53.5352, 71.0408]]], [[[-55.0169, 72.7911], [-55.5666, 72.5644], [-55.869, 72.6621], [-56.1409, 72.6685], [-56.2148, 72.7192], [-55.9936, 72.7823], [-55.5163, 72.7807], [-55.2058, 72.8417], [-55.033, 72.8205], [-55.0169, 72.7911]]], [[[-71.6673, 77.3253], [-72.0235, 77.3165], [-72.3744, 77.3554], [-72.4896, 77.4316], [-71.9828, 77.46], [-71.4334, 77.3944], [-71.4671, 77.3537], [-71.6673, 77.3253]]], [[[-44.8646, 82.0836], [-45.0674, 82.066], [-45.4908, 82.1718], [-46.7519, 82.3482], [-47.3075, 82.5334], [-47.2723, 82.6569], [-46.3992, 82.6921], [-45.4114, 82.5775], [-44.9175, 82.4805], [-44.7499, 82.4011], [-44.7764, 82.2424], [-44.8646, 82.0836]]], [[[-25.4323, 70.9213], [-25.4022, 70.6527], [-25.9113, 70.573], [-26.2179, 70.4541], [-26.3392, 70.5114], [-26.6047, 70.5534], [-27.898, 70.454], [-28.0353, 70.4868], [-27.9396, 70.6153], [-27.7142, 70.7128], [-27.7089, 70.8971], [-27.6172, 70.9138], [-27.2389, 70.8676], [-26.6218, 70.8756], [-25.8189, 71.0437], [-25.4583, 70.9425], [-25.4323, 70.9213]]], [[[-18.6647, 81.8465], [-18.7677, 81.8143], [-19.0314, 81.8272], [-19.3693, 81.9173], [-19.5945, 81.9913], [-19.4947, 82.1167], [-19.3146, 82.1232], [-18.8127, 81.9495], [-18.6647, 81.8465]]], [[[-17.6125, 79.8259], [-18.0358, 79.7112], [-18.662, 79.72], [-19.0324, 79.7729], [-19.1383, 79.8523], [-18.9972, 79.9405], [-17.9829, 80.0552], [-17.4714, 80.0287], [-17.4008, 79.9405], [-17.6125, 79.8259]]], [[[-18.9972, 77.9738], [-19.1295, 77.9385], [-19.3147, 78.3442], [-19.006, 78.4412], [-18.8825, 78.1149], [-18.9972, 77.9738]]], [[[-18.5826, 76.0423], [-18.6973, 76.0159], [-19.0854, 76.4304], [-19.0589, 76.695], [-18.8825, 76.7038], [-18.7326, 76.642], [-18.662, 76.4039], [-18.5826, 76.0423]]], [[[-18.0005, 75.4073], [-17.8859, 75.2044], [-17.7624, 75.1428], [-17.4979, 75.1515], [-17.392, 75.0369], [-17.586, 74.9928], [-18.6708, 75.0017], [-18.8913, 75.0722], [-18.8561, 75.3191], [-18.6355, 75.3896], [-18.4503, 75.328], [-18.2299, 75.3721], [-18.0005, 75.4073]]], [[[-17.9537, 77.6423], [-18.22, 77.6684], [-17.8136, 77.8746], [-17.6814, 77.8586], [-17.6414, 77.7825], [-17.7295, 77.7064], [-17.9537, 77.6423]]], [[[-37.0312, 65.532], [-37.1868, 65.5313], [-37.2229, 65.6955], [-37.0475, 65.7223], [-36.9531, 65.6633], [-36.9869, 65.5756], [-37.0312, 65.532]]], [[[-46.2667, 60.7814], [-46.3815, 60.6603], [-46.5531, 60.7408], [-46.7881, 60.7584], [-46.3939, 60.9088], [-46.2052, 60.9435], [-46.2545, 60.8416], [-46.2667, 60.7814]]], [[[-51.6751, 70.8552], [-52.1194, 70.8707], [-52.1067, 70.968], [-51.9698, 70.9765], [-51.6069, 70.8688], [-51.6751, 70.8552]]]]}}, {"type": "Feature", "properties": {"name": "Grenada", "iso3": "GRD", "label": [-61.7032, 12.0986]}, "geometry": {"type": "MultiPolygon", "coordinates": [[[[-61.7155, 12.0126], [-61.7822, 12.0084], [-61.715, 12.1852], [-61.6604, 12.237], [-61.607, 12.2233], [-61.6271, 12.054], [-61.7155, 12.0126]]]]}}, {"type": "Feature", "properties": {"name": "Guatemala", "iso3": "GTM", "label": [-90.2267, 15.5569]}, "geometry": {"type": "MultiPolygon", "coordinates": [[[[-92.2352, 14.5454], [-92.1599, 14.691], [-92.1864, 14.8184], [-92.1585, 14.9636], [-92.0748, 15.0742], [-92.2042, 15.275], [-91.7366, 16.0702], [-90.4472, 16.0727], [-90.4599, 16.1624], [-90.417, 16.391], [-90.6341, 16.5107], [-90.7107, 16.7081], [-90.9758, 16.8678], [-91.4096, 17.2559], [-90.993, 17.2524], [-90.9892, 17.8164], [-89.1615, 17.8148], [-89.2375, 15.8944], [-88.894, 15.8906], [-88.6034, 15.7642], [-88.5362, 15.8496], [-88.5939, 15.9503], [-88.2283, 15.729], [-88.961, 15.1524], [-89.1426, 15.0723], [-89.2224, 14.8661], [-89.1622, 14.6692], [-89.1718, 14.6069], [-89.2867, 14.53], [-89.3626, 14.416], [-89.4188, 14.4311], [-89.5736, 14.3901], [-89.5472, 14.2413], [-89.6713, 14.1827], [-89.7494, 14.077], [-89.8727, 14.0456], [-90.0481, 13.9041], [-90.1047, 13.8348], [-90.0952, 13.7365], [-90.6069, 13.929], [-91.146, 13.9256], [-91.3773, 13.9902], [-91.8191, 14.2282], [-92.2352, 14.5454]]]]}}, {"type": "Feature", "properties": {"name": "Haiti", "iso3": "HTI", "label": [-72.7241, 18.8065]}, "geometry": {"type": "MultiPolygon", "coordinates": [[[[-71.7792, 19.7182], [-71.7115, 19.4866], [-71.7465, 19.2858], [-71.6453, 19.1635], [-71.8071, 18.987], [-71.7336, 18.8564], [-71.7432, 18.7329], [-71.8665, 18.6142], [-72.0004, 18.5979], [-71.8726, 18.4162], [-71.7619, 18.3413], [-71.7373, 18.2708], [-71.7683, 18.0392], [-71.9461, 18.1861], [-72.0599, 18.2286], [-72.5036, 18.2199], [-72.8767, 18.1518], [-73.3852, 18.2512], [-73.644, 18.2291], [-73.7473, 18.1902], [-73.8247, 18.1218], [-73.8392, 18.0582], [-73.885, 18.0419], [-74.0854, 18.2151], [-74.419, 18.3462], [-74.46, 18.3931], [-74.4781, 18.45], [-74.3875, 18.6247], [-74.2277, 18.6627], [-73.8625, 18.5754], [-73.687, 18.5653], [-73.5916, 18.5224], [-72.7894, 18.4348], [-72.696, 18.4682], [-72.6181, 18.5508], [-72.3761, 18.5745], [-72.3477, 18.675], [-72.6491, 18.8941], [-72.8111, 19.0716], [-72.7412, 19.1313], [-72.768, 19.2406], [-72.7032, 19.4411], [-73.0527, 19.6107], [-73.3963, 19.6587], [-73.4384, 19.7221], [-73.4005, 19.8074], [-73.3153, 19.8546], [-72.8765, 19.9281], [-72.637, 19.9009], [-72.2198, 19.7446], [-71.8347, 19.6967], [-71.7792, 19.7182]]], [[[-72.8046, 18.7777], [-72.8222, 18.7071], [-73.078, 18.7909], [-73.2853, 18.8967], [-73.2764, 18.9541], [-73.1706, 18.9673], [-72.9192, 18.8615], [-72.8046, 18.7777]]], [[[-72.6641, 20.0375], [-72.6235, 20.0142], [-72.6389, 19.9858], [-72.9604, 20.0623], [-72.791, 20.0919], [-72.6641, 20.0375]]]]}}, {"type": "Feature", "properties": {"name": "Honduras", "iso3": "HND", "label": [-86.2479, 14.6243]}, "geometry": {"type": "MultiPolygon", "coordinates": [[[[-83.1575, 14.9931], [-83.415, 15.0081], [-83.5365, 14.977], [-83.6355, 14.8764], [-83.9723, 14.7711], [-84.0658, 14.7861], [-84.1508, 14.7204], [-84.2392, 14.7479], [-84.2666, 14.6981], [-84.3937, 14.6917], [-84.4536, 14.6437], [-84.6459, 14.6611], [-84.7892, 14.7904], [-84.8604, 14.8098], [-84.9852, 14.7524], [-85.0374, 14.6855], [-85.0365, 14.6077], [-85.1613, 14.5251], [-85.1915, 14.4466], [-85.1795, 14.3433], [-85.3738, 14.2239], [-85.5798, 14.0282], [-85.6819, 13.9826], [-85.7312, 13.9318], [-85.7339, 13.8587], [-85.7867, 13.8444], [-85.9838, 13.9657], [-86.0404, 14.0501], [-86.1512, 13.9946], [-86.3317, 13.7701], [-86.6103, 13.7749], [-86.759, 13.7461], [-86.7107, 13.3134], [-86.7293, 13.2844], [-86.8735, 13.2665], [-86.9182, 13.2236], [-86.9589, 13.0537], [-87.0592, 12.9915], [-87.3373, 12.9792], [-87.3325, 13.0847], [-87.4128, 13.1274], [-87.4984, 13.2749], [-87.4891, 13.3529], [-87.6022, 13.3856], [-87.7083, 13.3601], [-87.8142, 13.3992], [-87.737, 13.4514], [-87.7316, 13.4831], [-87.7819, 13.5214], [-87.7153, 13.8127], [-87.8022, 13.89], [-87.991, 13.8796], [-88.151, 13.9874], [-88.4827, 13.8542], [-88.5125, 13.979], [-88.7076, 14.0321], [-89.1205, 14.3702], [-89.3626, 14.416], [-89.2867, 14.53], [-89.1718, 14.6069], [-89.1622, 14.6692], [-89.2224, 14.8661], [-89.1426, 15.0723], [-88.961, 15.1524], [-88.2283, 15.729], [-88.1311, 15.701], [-87.875, 15.8793], [-87.7019, 15.9106], [-87.6182, 15.9099], [-87.4869, 15.7902], [-87.2859, 15.8344], [-86.9072, 15.7624], [-86.757, 15.7942], [-86.3566, 15.7832], [-86.1812, 15.8852], [-85.9363, 15.9534], [-85.9856, 16.0242], [-85.784, 16.0028], [-85.4837, 15.8995], [-85.1637, 15.9182], [-84.9737, 15.9899], [-84.6461, 15.8836], [-84.5597, 15.802], [-84.4923, 15.7939], [-84.426, 15.8295], [-84.5196, 15.8728], [-84.2614, 15.8226], [-83.7653, 15.4055], [-83.9728, 15.5196], [-84.1113, 15.4924], [-84.0951, 15.4009], [-83.9274, 15.394], [-83.7604, 15.2204], [-83.5896, 15.2658], [-83.4979, 15.2221], [-83.5511, 15.294], [-83.6761, 15.3654], [-83.6464, 15.3684], [-83.3692, 15.24], [-83.2909, 15.0789], [-83.2256, 15.0423], [-83.1575, 14.9931]]], [[[-86.4199, 16.3784], [-86.6304, 16.3018], [-86.4383, 16.4139], [-86.2555, 16.4282], [-86.4199, 16.3784]]], [[[-85.8709, 16.4615], [-85.9472, 16.4036], [-85.9242, 16.4833], [-85.8782, 16.514], [-85.8338, 16.5109], [-85.8444, 16.4877], [-85.8709, 16.4615]]]]}}, {"type": "Feature", "properties": {"name": "Jamaica", "iso3": "JAM", "label": [-77.2798, 18.1167]}, "geometry": {"type": "MultiPolygon", "coordinates": [[[[-77.2615, 18.4574], [-76.9082, 18.3904], [-76.7007, 18.2572], [-76.3499, 18.1519], [-76.2108, 17.9135], [-76.5246, 17.8662], [-76.7743, 17.9404], [-76.7483, 17.9649], [-76.8532, 17.9737], [-76.9441, 17.8488], [-77.0359, 17.8541], [-77.0713, 17.9013], [-77.1195, 17.8801], [-77.205, 17.7149], [-77.3614, 17.8337], [-77.7682, 17.8774], [-77.8813, 18.019], [-77.963, 18.0476], [-78.0445, 18.1738], [-78.2941, 18.2181], [-78.3395, 18.2872], [-78.326, 18.3498], [-78.2167, 18.4481], [-77.9782, 18.4678], [-77.8734, 18.5222], [-77.3542, 18.4665], [-77.2615, 18.4574]]]]}}, {"type": "Feature", "properties": {"name": "Mexico", "iso3": "MEX", "label": [-102.8994, 24.0611]}, "geometry": {"type": "MultiPolygon", "coordinates": [[[[-117.1283, 32.5333], [-114.7248, 32.7153], [-114.8359, 32.5083], [-111.042, 31.3242], [-108.2145, 31.3294], [-108.2118, 31.7793], [-106.4532, 31.7702], [-106.148, 31.4509], [-106.0241, 31.3978], [-105.514, 30.9808], [-104.9179, 30.5833], [-104.6813, 30.1344], [-104.6813, 29.9905], [-104.6222, 29.8543], [-104.4006, 29.5737], [-103.9897, 29.3231], [-103.8529, 29.2911], [-103.2577, 29.0011], [-103.1683, 28.9982], [-103.09, 29.0419], [-103.0229, 29.1322], [-102.892, 29.2164], [-102.834, 29.4439], [-102.7342, 29.6439], [-102.6149, 29.7523], [-102.4763, 29.7691], [-102.3856, 29.8066], [-102.3431, 29.865], [-102.2689, 29.8712], [-101.9909, 29.7957], [-101.6116, 29.787], [-101.5687, 29.8092], [-101.5093, 29.7731], [-101.4404, 29.7769], [-101.3035, 29.6341], [-101.0386, 29.4603], [-101.0163, 29.4007], [-100.7546, 29.1825], [-100.3317, 28.5025], [-100.296, 28.3277], [-100.112, 28.1729], [-99.7542, 27.7299], [-99.5053, 27.5483], [-99.4858, 27.398], [-99.5101, 27.3403], [-99.4402, 27.1701], [-99.4565, 27.0567], [-99.2299, 26.7619], [-99.1078, 26.4469], [-98.7652, 26.3404], [-98.6914, 26.2765], [-98.3781, 26.1824], [-98.275, 26.1112], [-97.8014, 26.042], [-97.5873, 25.9842], [-97.3756, 25.8718], [-97.2818, 25.9416], [-97.1462, 25.9615], [-97.1645, 25.7549], [-97.5071, 25.0146], [-97.6677, 24.39], [-97.7427, 23.7606], [-97.7452, 22.9424], [-97.8578, 22.6245], [-97.8425, 22.5103], [-97.7633, 22.1059], [-97.5848, 21.8085], [-97.3145, 21.5642], [-97.4092, 21.2726], [-97.4341, 21.3565], [-97.3834, 21.5667], [-97.5904, 21.762], [-97.7538, 22.0267], [-97.6375, 21.6037], [-97.5146, 21.478], [-97.195, 20.8001], [-97.1863, 20.717], [-96.4561, 19.8698], [-96.2896, 19.3438], [-96.124, 19.1991], [-96.0734, 19.1057], [-95.9847, 19.0538], [-95.913, 18.8972], [-95.7781, 18.8055], [-95.9282, 18.8501], [-95.9204, 18.8196], [-95.6268, 18.6906], [-95.5783, 18.6904], [-95.7198, 18.7684], [-95.5614, 18.7191], [-95.1818, 18.7007], [-95.0147, 18.5706], [-94.7981, 18.5146], [-94.5462, 18.1749], [-94.4598, 18.1667], [-94.189, 18.1953], [-93.5523, 18.4305], [-93.1273, 18.4234], [-92.8848, 18.4687], [-92.7691, 18.5241], [-92.7101, 18.6117], [-92.441, 18.6753], [-91.9738, 18.7159], [-91.8804, 18.6378], [-91.8805, 18.5997], [-91.9427, 18.5634], [-91.9136, 18.5285], [-91.803, 18.4706], [-91.534, 18.4565], [-91.4405, 18.5418], [-91.2752, 18.6245], [-91.2788, 18.7207], [-91.3678, 18.8061], [-91.3431, 18.9006], [-91.4692, 18.833], [-91.4367, 18.8898], [-90.955, 19.1517], [-90.7393, 19.3522], [-90.6932, 19.7299], [-90.4917, 19.9468], [-90.4841, 20.5563], [-90.3531, 21.0094], [-90.1829, 21.1209], [-89.8198, 21.2746], [-88.8787, 21.4141], [-88.4667, 21.5694], [-88.251, 21.5669], [-88.1316, 21.6159], [-88.0068, 21.6041], [-87.4805, 21.4725], [-87.2509, 21.447], [-87.1643, 21.5142], [-87.1883, 21.5464], [-87.2958, 21.525], [-87.3867, 21.5515], [-87.1285, 21.6215], [-87.0348, 21.5922], [-86.9117, 21.4628], [-86.8241, 21.4217], [-86.8171, 21.2342], [-86.7718, 21.1505], [-86.9262, 20.7865], [-87.0596, 20.6313], [-87.2212, 20.5073], [-87.4214, 20.2314], [-87.4672, 20.1021], [-87.4417, 19.8615], [-87.5858, 19.7795], [-87.6877, 19.6371], [-87.6901, 19.5937], [-87.6453, 19.5539], [-87.4248, 19.5833], [-87.4347, 19.5017], [-87.4827, 19.4438], [-87.6587, 19.3523], [-87.6558, 19.2579], [-87.6221, 19.2505], [-87.5508, 19.3209], [-87.5011, 19.2878], [-87.653, 18.7985], [-87.7335, 18.655], [-87.7618, 18.4461], [-87.8532, 18.269], [-87.882, 18.2739], [-87.9597, 18.4409], [-88.0564, 18.5245], [-88.0111, 18.7269], [-88.0317, 18.8389], [-88.0738, 18.8345], [-88.1968, 18.7197], [-88.1953, 18.6426], [-88.2957, 18.4724], [-88.4613, 18.4768], [-88.523, 18.4459], [-88.5862, 18.2905], [-88.8063, 17.9655], [-88.8978, 17.9146], [-89.0504, 17.9997], [-89.1335, 17.9708], [-89.1615, 17.8148], [-90.9892, 17.8164], [-90.993, 17.2524], [-91.4096, 17.2559], [-90.9758, 16.8678], [-90.7107, 16.7081], [-90.6341, 16.5107], [-90.417, 16.391], [-90.4472, 16.0727], [-91.7366, 16.0702], [-92.2042, 15.275], [-92.0748, 15.0742], [-92.1585, 14.9636], [-92.1864, 14.8184], [-92.1599, 14.691], [-92.2352, 14.5454], [-92.8089, 15.1386], [-93.1669, 15.448], [-93.9161, 16.0536], [-94.3742, 16.2848], [-94.409, 16.2874], [-94.4264, 16.2263], [-94.1934, 16.1456], [-94.0283, 16.0621], [-94.0013, 16.0189], [-94.4708, 16.1866], [-94.6615, 16.2019], [-94.6823, 16.2282], [-94.5871, 16.3158], [-94.6168, 16.3476], [-94.7908, 16.2872], [-94.7929, 16.3646], [-94.8587, 16.4197], [-94.9004, 16.4175], [-95.0208, 16.2776], [-94.7858, 16.2291], [-94.7994, 16.2097], [-95.1344, 16.177], [-95.4644, 15.9747], [-95.7718, 15.8878], [-96.2136, 15.6931], [-96.5108, 15.6519], [-96.808, 15.7264], [-97.1847, 15.9093], [-97.7548, 15.9668], [-98.139, 16.2063], [-98.5203, 16.3048], [-98.7622, 16.5348], [-99.6907, 16.7196], [-100.0245, 16.9205], [-100.8478, 17.2005], [-101.3855, 17.5142], [-101.4871, 17.6153], [-101.6003, 17.6516], [-101.7624, 17.842], [-101.9187, 17.9598], [-102.2166, 17.9574], [-102.6996, 18.0628], [-103.4416, 18.3254], [-103.6989, 18.633], [-103.9125, 18.8285], [-104.4052, 19.0912], [-104.9385, 19.3094], [-105.1077, 19.5622], [-105.2864, 19.7065], [-105.4821, 19.9761], [-105.5704, 20.2278], [-105.6694, 20.3856], [-105.5426, 20.4979], [-105.3771, 20.5119], [-105.2602, 20.5791], [-105.2523, 20.6685], [-105.3271, 20.753], [-105.4924, 20.7766], [-105.5108, 20.8087], [-105.2371, 21.1192], [-105.2087, 21.4908], [-105.4314, 21.6183], [-105.6491, 21.9881], [-105.6455, 22.3269], [-105.7918, 22.6275], [-106.4022, 23.1956], [-106.5665, 23.4495], [-106.9355, 23.8813], [-107.0849, 24.0161], [-107.7649, 24.4719], [-107.5272, 24.3601], [-107.4937, 24.3694], [-107.5119, 24.4892], [-107.8167, 24.539], [-107.9512, 24.6149], [-108.0088, 24.6936], [-108.0151, 24.7834], [-108.2808, 25.0815], [-108.1401, 25.0184], [-108.0357, 25.0354], [-108.0515, 25.067], [-108.3737, 25.1943], [-108.6964, 25.3829], [-108.751, 25.4242], [-108.7873, 25.538], [-109.0288, 25.4805], [-109.0685, 25.5516], [-108.9728, 25.5885], [-108.8866, 25.7334], [-109.0083, 25.642], [-109.1965, 25.5925], [-109.3043, 25.6332], [-109.385, 25.7271], [-109.4256, 26.0326], [-109.1997, 26.3052], [-109.1167, 26.2527], [-109.216, 26.3553], [-109.2763, 26.5339], [-109.4829, 26.7104], [-109.7548, 26.7029], [-109.8909, 26.8834], [-109.944, 27.0793], [-110.2771, 27.1622], [-110.4778, 27.3227], [-110.5606, 27.4501], [-110.6155, 27.6539], [-110.5299, 27.8642], [-110.759, 27.9152], [-110.9208, 27.8889], [-111.1214, 27.967], [-111.2824, 28.1152], [-111.4717, 28.384], [-111.6801, 28.4706], [-111.9408, 28.8232], [-112.1618, 29.0189], [-112.2235, 29.2695], [-112.3782, 29.3477], [-112.4146, 29.5364], [-112.5729, 29.7195], [-112.7384, 29.9854], [-112.8248, 30.3001], [-113.0577, 30.651], [-113.1104, 30.7933], [-113.087, 30.9381], [-113.1186, 31.0481], [-113.108, 31.0773], [-113.0728, 31.0609], [-113.0429, 31.087], [-113.0467, 31.1792], [-113.2314, 31.256], [-113.6235, 31.3459], [-113.633, 31.4676], [-113.7594, 31.5578], [-113.9478, 31.6293], [-114.0027, 31.5251], [-114.1493, 31.5074], [-114.5487, 31.7335], [-114.9336, 31.9007], [-114.8395, 31.7985], [-114.7899, 31.6471], [-114.8481, 31.5379], [-114.8819, 31.1564], [-114.761, 30.9587], [-114.7034, 30.7652], [-114.6333, 30.5069], [-114.6498, 30.2381], [-114.5505, 30.0223], [-114.4034, 29.8965], [-114.3726, 29.8302], [-114.1792, 29.7343], [-113.7555, 29.3675], [-113.5453, 29.1022], [-113.4997, 28.9267], [-113.3818, 28.9467], [-113.3207, 28.8131], [-113.2056, 28.7988], [-113.0937, 28.5118], [-112.8709, 28.4242], [-112.8685, 28.292], [-112.7957, 28.2071], [-112.8081, 28.0922], [-112.7493, 27.9949], [-112.734, 27.826], [-112.5526, 27.6575], [-112.3292, 27.5234], [-112.2826, 27.3475], [-112.1915, 27.1867], [-112.004, 27.0791], [-112.0091, 26.9671], [-111.8832, 26.8402], [-111.8626, 26.6785], [-111.754, 26.5727], [-111.6994, 26.581], [-111.8168, 26.7563], [-111.8218, 26.8651], [-111.7953, 26.8797], [-111.5697, 26.7076], [-111.5459, 26.5792], [-111.4702, 26.5066], [-111.4645, 26.4084], [-111.3321, 26.1254], [-111.2916, 25.7898], [-111.1496, 25.5726], [-111.0344, 25.527], [-110.8939, 25.1442], [-110.6868, 24.8677], [-110.6772, 24.7885], [-110.7345, 24.5898], [-110.6593, 24.3415], [-110.547, 24.2142], [-110.4215, 24.1834], [-110.3674, 24.1005], [-110.2968, 24.1949], [-110.3251, 24.306], [-110.2629, 24.3445], [-110.0228, 24.1746], [-109.8113, 23.939], [-109.7105, 23.8038], [-109.6766, 23.6616], [-109.5096, 23.5979], [-109.4209, 23.4801], [-109.4581, 23.2147], [-109.4957, 23.1598], [-109.7284, 22.9818], [-109.9234, 22.8859], [-110.0062, 22.894], [-110.086, 23.0055], [-110.1806, 23.3415], [-110.3627, 23.6049], [-110.63, 23.7373], [-111.0362, 24.1053], [-111.4193, 24.329], [-111.6829, 24.5558], [-111.8025, 24.5425], [-111.8482, 24.6701], [-112.0726, 24.84], [-112.1285, 25.0431], [-112.0558, 25.4882], [-112.0699, 25.5729], [-112.1146, 25.6304], [-112.1198, 25.7655], [-112.1738, 25.9126], [-112.3772, 26.2139], [-112.6584, 26.3167], [-113.0208, 26.5833], [-113.1192, 26.7165], [-113.1558, 26.9462], [-113.2723, 26.791], [-113.4259, 26.7958], [-113.5985, 26.7213], [-113.7013, 26.7914], [-113.841, 26.9665], [-113.9965, 26.9877], [-114.1101, 27.106], [-114.3334, 27.158], [-114.4453, 27.2182], [-114.5399, 27.4311], [-114.9935, 27.736], [-115.0365, 27.8418], [-114.57, 27.7839], [-114.4485, 27.7969], [-114.3006, 27.873], [-114.3022, 27.7757], [-114.1372, 27.6714], [-114.0693, 27.6757], [-114.1351, 27.7266], [-114.1754, 27.8306], [-114.1584, 27.9197], [-114.2526, 27.908], [-114.2659, 27.9345], [-114.1853, 28.0133], [-114.0927, 28.2213], [-114.0485, 28.4262], [-114.1455, 28.6054], [-114.3092, 28.7299], [-114.9373, 29.3516], [-115.1664, 29.4272], [-115.6738, 29.7564], [-115.7487, 29.9357], [-115.8083, 29.9602], [-115.8156, 30.3036], [-115.8582, 30.3598], [-115.9958, 30.4145], [-116.0622, 30.8041], [-116.2963, 30.9705], [-116.3334, 31.2028], [-116.6622, 31.5649], [-116.6685, 31.6986], [-116.7221, 31.7346], [-116.6239, 31.758], [-116.6208, 31.8511], [-116.848, 31.9974], [-116.9137, 32.1985], [-117.0631, 32.3436], [-117.1283, 32.5333]]], [[[-86.9396, 20.3033], [-86.9914, 20.2722], [-87.0194, 20.3823], [-86.978, 20.4898], [-86.9278, 20.5515], [-86.7633, 20.5791], [-86.8088, 20.4685], [-86.9396, 20.3033]]], [[[-106.5022, 21.6108], [-106.5313, 21.5285], [-106.607, 21.5615], [-106.6394, 21.6979], [-106.5974, 21.7122], [-106.5238, 21.6523], [-106.5022, 21.6108]]], [[[-110.9145, 18.7415], [-110.9748, 18.7204], [-111.0637, 18.7816], [-110.9894, 18.8631], [-110.9421, 18.8017], [-110.9145, 18.7415]]], [[[-110.5674, 25.0035], [-110.5389, 24.8916], [-110.6574, 24.9688], [-110.6993, 25.0814], [-110.5952, 25.0421], [-110.5674, 25.0035]]], [[[-113.1556, 29.0522], [-113.2647, 29.0967], [-113.4963, 29.3076], [-113.5806, 29.4132], [-113.5872, 29.573], [-113.508, 29.5599], [-113.4159, 29.4859], [-113.3738, 29.3389], [-113.2021, 29.3019], [-113.1779, 29.1319], [-113.1556, 29.0522]]], [[[-115.1706, 28.0694], [-115.1843, 28.0373], [-115.3529, 28.104], [-115.2604, 28.2206], [-115.274, 28.3428], [-115.2335, 28.3684], [-115.1485, 28.1721], [-115.1706, 28.0694]]], [[[-112.2031, 29.0053], [-112.2784, 28.7693], [-112.3553, 28.7731], [-112.5141, 28.8476], [-112.531, 28.894], [-112.4698, 29.1677], [-112.2851, 29.2404], [-112.2487, 29.126], [-112.2031, 29.0053]]], [[[-118.2428, 28.9419], [-118.2855, 28.9038], [-118.4014, 29.1627], [-118.3123, 29.1829], [-118.2474, 29.0434], [-118.2428, 28.9419]]], [[[-86.714, 21.2393], [-86.6963, 21.191], [-86.7529, 21.2788], [-86.7269, 21.2643], [-86.714, 21.2393]]], [[[-91.6837, 18.6773], [-91.7961, 18.6542], [-91.8161, 18.6759], [-91.5891, 18.778], [-91.5367, 18.76], [-91.6542, 18.7115], [-91.6837, 18.6773]]], [[[-109.8051, 24.1511], [-109.8779, 24.2006], [-109.8903, 24.3448], [-109.7956, 24.1636], [-109.8051, 24.1511]]], [[[-114.6941, 31.7056], [-114.7892, 31.7474], [-114.7846, 31.7898], [-114.6879, 31.7242], [-114.6941, 31.7056]]], [[[-111.1003, 26.0206], [-111.0944, 25.9741], [-111.1353, 25.9992], [-111.2247, 25.8359], [-111.1829, 26.0406], [-111.0909, 26.0757], [-111.1003, 26.0206]]], [[[-111.6989, 24.3936], [-111.7123, 24.3464], [-112.0133, 24.5334], [-111.8568, 24.538], [-111.6989, 24.3936]]], [[[-112.0573, 24.5457], [-112.0773, 24.5346], [-112.1629, 24.6503], [-112.1755, 24.7296], [-112.2968, 24.7896], [-112.2223, 24.9511], [-112.1594, 25.2856], [-112.1317, 25.2244], [-112.195, 24.8411], [-112.0675, 24.5836], [-112.0573, 24.5457]]]]}}, {"type": "Feature", "properties": {"name": "Montserrat", "iso3": "MSR", "label": [-62.1804, 16.7467]}, "geometry": {"type": "MultiPolygon", "coordinates": [[[[-62.1484, 16.7403], [-62.1542, 16.6812], [-62.2216, 16.6995], [-62.223, 16.7516], [-62.1758, 16.8096], [-62.1484, 16.7403]]]]}}, {"type": "Feature", "properties": {"name": "Nicaragua", "iso3": "NIC", "label": [-84.8186, 13.0755]}, "geometry": {"type": "MultiPolygon", "coordinates": [[[[-83.1575, 14.9931], [-83.2799, 14.8128], [-83.302, 14.8021], [-83.3063, 14.8905], [-83.3444, 14.9021], [-83.4137, 14.8253], [-83.3749, 14.7661], [-83.2992, 14.749], [-83.1877, 14.3401], [-83.2808, 14.1536], [-83.4123, 13.9965], [-83.4938, 13.7388], [-83.5673, 13.3203], [-83.5145, 12.9439], [-83.5412, 12.5963], [-83.5109, 12.4118], [-83.5959, 12.3965], [-83.6272, 12.4593], [-83.5781, 12.6671], [-83.5934, 12.7131], [-83.6253, 12.6129], [-83.7542, 12.502], [-83.6513, 12.2871], [-83.6804, 12.0243], [-83.7672, 12.0593], [-83.7693, 11.9316], [-83.8289, 11.861], [-83.7046, 11.8246], [-83.6518, 11.642], [-83.745, 11.5665], [-83.8679, 11.3], [-83.8318, 11.1305], [-83.7679, 11.0103], [-83.7141, 10.9338], [-83.642, 10.9172], [-83.6589, 10.8369], [-83.7129, 10.7859], [-83.9193, 10.7354], [-84.1684, 10.7804], [-84.3483, 10.9799], [-84.7012, 11.0522], [-84.9092, 10.9453], [-85.5842, 11.1895], [-85.7443, 11.0621], [-85.9611, 11.3313], [-86.4689, 11.7383], [-86.7556, 12.1566], [-87.6675, 12.9036], [-87.6702, 12.9657], [-87.5851, 13.0433], [-87.3896, 12.9207], [-87.3373, 12.9792], [-87.0592, 12.9915], [-86.9589, 13.0537], [-86.9182, 13.2236], [-86.8735, 13.2665], [-86.7293, 13.2844], [-86.7107, 13.3134], [-86.7706, 13.6987], [-86.7336, 13.7635], [-86.3317, 13.7701], [-86.1512, 13.9946], [-86.0404, 14.0501], [-85.9838, 13.9657], [-85.7867, 13.8444], [-85.7339, 13.8587], [-85.7312, 13.9318], [-85.6819, 13.9826], [-85.5798, 14.0282], [-85.3738, 14.2239], [-85.1795, 14.3433], [-85.1915, 14.4466], [-85.1613, 14.5251], [-85.0365, 14.6077], [-85.0374, 14.6855], [-84.9852, 14.7524], [-84.8604, 14.8098], [-84.7892, 14.7904], [-84.6459, 14.6611], [-84.4536, 14.6437], [-84.3937, 14.6917], [-84.2666, 14.6981], [-84.2392, 14.7479], [-84.1508, 14.7204], [-84.0658, 14.7861], [-83.8673, 14.7945], [-83.6355, 14.8764], [-83.5365, 14.977], [-83.415, 15.0081], [-83.1575, 14.9931]]]]}}, {"type": "Feature", "properties": {"name": "Panama", "iso3": "PAN", "label": [-80.1839, 8.4961]}, "geometry": {"type": "MultiPolygon", "coordinates": [[[[-77.3742, 8.6583], [-77.4785, 8.4984], [-77.4073, 8.4272], [-77.196, 7.9725], [-77.3456, 7.8365], [-77.3508, 7.7059], [-77.5383, 7.5663], [-77.5866, 7.5431], [-77.7063, 7.6912], [-77.7619, 7.6988], [-77.7439, 7.537], [-77.8283, 7.4428], [-77.9012, 7.2293], [-78.1701, 7.5438], [-78.3782, 7.8999], [-78.4216, 8.061], [-78.2874, 8.0918], [-78.2549, 8.1386], [-78.2812, 8.2476], [-78.1419, 8.3861], [-78.0478, 8.2848], [-77.7605, 8.1333], [-78.0125, 8.3254], [-78.0995, 8.497], [-78.223, 8.3966], [-78.2561, 8.4537], [-78.3501, 8.46], [-78.3992, 8.5057], [-78.3694, 8.4049], [-78.3793, 8.3586], [-78.4099, 8.3553], [-78.4694, 8.4467], [-78.5141, 8.6282], [-79.0864, 8.9972], [-79.2467, 9.0201], [-79.4415, 9.006], [-79.5071, 8.9701], [-79.6875, 8.851], [-79.8159, 8.6392], [-79.7504, 8.5955], [-80.1258, 8.3497], [-80.3687, 8.2888], [-80.459, 8.2139], [-80.4581, 8.0771], [-80.0752, 7.667], [-80.0112, 7.5], [-80.1106, 7.4334], [-80.2873, 7.4256], [-80.4389, 7.275], [-80.6667, 7.2257], [-80.8456, 7.2201], [-80.9012, 7.2771], [-80.9146, 7.4375], [-81.0351, 7.7111], [-81.0639, 7.8998], [-81.1578, 7.8544], [-81.1955, 7.6684], [-81.219, 7.6209], [-81.2684, 7.6255], [-81.5041, 7.7212], [-81.7276, 8.1375], [-81.9733, 8.2151], [-82.0967, 8.2228], [-82.1599, 8.1948], [-82.2243, 8.2304], [-82.2354, 8.311], [-82.3648, 8.2749], [-82.6795, 8.322], [-82.7812, 8.3035], [-82.8661, 8.2463], [-82.8543, 8.0995], [-82.8793, 8.0707], [-82.9129, 8.1996], [-83.0273, 8.3377], [-82.8616, 8.4535], [-82.8557, 8.6353], [-82.917, 8.7403], [-82.882, 8.8053], [-82.7278, 8.9161], [-82.7831, 8.9903], [-82.8813, 9.0559], [-82.9403, 9.0601], [-82.9398, 9.4492], [-82.801, 9.5918], [-82.6441, 9.5059], [-82.5636, 9.5767], [-82.3708, 9.4286], [-82.3397, 9.2092], [-82.2725, 9.1906], [-82.2049, 9.2154], [-82.1881, 9.1917], [-82.2354, 9.1417], [-82.2442, 9.0315], [-82.0779, 8.9349], [-81.7802, 8.9572], [-81.9001, 9.111], [-81.8945, 9.1404], [-81.7122, 9.0189], [-81.5456, 8.827], [-81.3548, 8.7806], [-81.0631, 8.8126], [-80.8387, 8.8872], [-80.6765, 9.0219], [-80.5469, 9.0819], [-80.1271, 9.2099], [-79.978, 9.3437], [-79.8551, 9.3781], [-79.5773, 9.5979], [-79.1123, 9.5368], [-79.0167, 9.5104], [-78.9316, 9.4285], [-78.5043, 9.4063], [-78.0828, 9.2363], [-77.8308, 9.0681], [-77.6972, 8.8895], [-77.3742, 8.6583]]], [[[-78.8983, 8.2743], [-78.9181, 8.2319], [-78.9649, 8.3263], [-78.9606, 8.4358], [-78.8562, 8.4482], [-78.8532, 8.3024], [-78.8983, 8.2743]]], [[[-81.6033, 7.3328], [-81.7701, 7.3704], [-81.8521, 7.4533], [-81.8122, 7.5924], [-81.7288, 7.6212], [-81.6714, 7.5234], [-81.7104, 7.4855], [-81.6947, 7.425], [-81.6134, 7.3802], [-81.6033, 7.3328]]], [[[-82.2335, 9.3807], [-82.2444, 9.3341], [-82.3217, 9.4181], [-82.2594, 9.4303], [-82.2335, 9.3807]]], [[[-79.0654, 8.2542], [-79.1104, 8.2098], [-79.1275, 8.2519], [-79.0853, 8.2958], [-79.0654, 8.2542]]]]}}, {"type": "Feature", "properties": {"name": "Puerto Rico", "iso3": "PRI", "label": [-66.5131, 18.2231]}, "geometry": {"type": "MultiPolygon", "coordinates": [[[[-66.1294, 18.4449], [-66.0684, 18.428], [-66.0927, 18.469], [-66.0704, 18.469], [-65.6288, 18.3814], [-65.6209, 18.2423], [-65.9708, 17.9744], [-66.245, 17.9473], [-66.7724, 17.9866], [-66.9, 17.9479], [-67.1969, 17.9942], [-67.1725, 18.2242], [-67.2641, 18.3646], [-67.1718, 18.4358], [-67.1586, 18.4992], [-67.0596, 18.5222], [-66.1531, 18.4707], [-66.1294, 18.4449]]], [[[-65.4256, 18.1056], [-65.5551, 18.1077], [-65.5722, 18.1373], [-65.4771, 18.165], [-65.2949, 18.1334], [-65.4256, 18.1056]]], [[[-67.8725, 18.0599], [-67.9306, 18.1151], [-67.8552, 18.1211], [-67.8681, 18.0628], [-67.8725, 18.0599]]]]}}, {"type": "Feature", "properties": {"name": "Saint Lucia", "iso3": "LCA", "label": [-60.9675, 13.9114]}, "geometry": {"type": "MultiPolygon", "coordinates": [[[[-60.8952, 13.822], [-60.9514, 13.7176], [-61.0606, 13.7831], [-61.0731, 13.8656], [-60.9967, 14.0109], [-60.9081, 14.0934], [-60.8868, 14.0111], [-60.8952, 13.822]]]]}}, {"type": "Feature", "properties": {"name": "Sint Maarten", "iso3": "SXM", "label": [-63.0725, 18.0539]}, "geometry": {"type": "MultiPolygon", "coordinates": [[[[-63.123, 18.0689], [-63.0112, 18.0689], [-63.0123, 18.0454], [-63.023, 18.0192], [-63.1247, 18.0643], [-63.123, 18.0689]]]]}}, {"type": "Feature", "properties": {"name": "St-Barth\u00e9lemy", "iso3": "BLM", "label": [-62.8436, 17.896]}, "geometry": {"type": "MultiPolygon", "coordinates": [[[[-62.8319, 17.8765], [-62.8742, 17.9223], [-62.7997, 17.9087], [-62.8182, 17.8854], [-62.8319, 17.8765]]]]}}, {"type": "Feature", "properties": {"name": "St-Martin", "iso3": "MAF", "label": [-63.0511, 18.09]}, "geometry": {"type": "MultiPolygon", "coordinates": [[[[-63.0112, 18.0689], [-63.123, 18.0689], [-63.0631, 18.1153], [-63.0094, 18.1043], [-63.0112, 18.0689]]]]}}, {"type": "Feature", "properties": {"name": "St. Kitts and Nevis", "iso3": "KNA", "label": [-62.7358, 17.3108]}, "geometry": {"type": "MultiPolygon", "coordinates": [[[[-62.5322, 17.1219], [-62.5824, 17.1006], [-62.6249, 17.1296], [-62.6153, 17.1991], [-62.5342, 17.1701], [-62.5322, 17.1219]]], [[[-62.6307, 17.24], [-62.6565, 17.2244], [-62.702, 17.286], [-62.8389, 17.3393], [-62.8271, 17.3864], [-62.7946, 17.4026], [-62.7137, 17.3533], [-62.6405, 17.2623], [-62.6307, 17.24]]]]}}, {"type": "Feature", "properties": {"name": "St. Pierre and Miquelon", "iso3": "SPM", "label": [-56.3248, 46.9379]}, "geometry": {"type": "MultiPolygon", "coordinates": [[[[-56.1507, 46.7624], [-56.2433, 46.7672], [-56.1526, 46.8111], [-56.1393, 46.7787], [-56.1507, 46.7624]]], [[[-56.2671, 46.8385], [-56.3542, 46.7953], [-56.3848, 46.8194], [-56.3326, 46.916], [-56.3646, 47.099], [-56.2874, 47.071], [-56.3149, 46.9539], [-56.2555, 46.861], [-56.2671, 46.8385]]]]}}, {"type": "Feature", "properties": {"name": "St. Vin. and Gren.", "iso3": "VCT", "label": [-61.1902, 13.2498]}, "geometry": {"type": "MultiPolygon", "coordinates": [[[[-61.1745, 13.1581], [-61.2039, 13.1423], [-61.2773, 13.2096], [-61.2685, 13.2877], [-61.1821, 13.356], [-61.139, 13.3587], [-61.1345, 13.2029], [-61.1745, 13.1581]]], [[[-61.2262, 12.9946], [-61.277, 12.9899], [-61.2012, 13.0525], [-61.2081, 13.0247], [-61.2262, 12.9946]]], [[[-61.3344, 12.6952], [-61.3199, 12.7354], [-61.3288, 12.7011], [-61.3344, 12.6952]]]]}}, {"type": "Feature", "properties": {"name": "Trinidad and Tobago", "iso3": "TTO", "label": [-61.3246, 10.4579]}, "geometry": {"type": "MultiPolygon", "coordinates": [[[[-60.7563, 11.1785], [-60.8106, 11.1686], [-60.8043, 11.2084], [-60.7089, 11.2772], [-60.5255, 11.3254], [-60.5465, 11.2637], [-60.7563, 11.1785]]], [[[-61.0121, 10.1343], [-61.1743, 10.078], [-61.9061, 10.0691], [-61.6615, 10.1917], [-61.6327, 10.2434], [-61.4993, 10.2686], [-61.4783, 10.6034], [-61.6512, 10.7181], [-61.37, 10.7968], [-60.9176, 10.8402], [-61.0337, 10.6699], [-61.0375, 10.4823], [-60.9685, 10.3234], [-61.0041, 10.1678], [-61.0121, 10.1343]]]]}}, {"type": "Feature", "properties": {"name": "Turks and Caicos Is.", "iso3": "TCA", "label": [-71.7222, 21.7977]}, "geometry": {"type": "MultiPolygon", "coordinates": [[[[-71.6614, 21.7652], [-71.8304, 21.7906], [-71.8477, 21.8435], [-71.6684, 21.8334], [-71.6369, 21.7875], [-71.6614, 21.7652]]], [[[-71.8799, 21.8404], [-71.9555, 21.8644], [-72.019, 21.9183], [-72.0106, 21.9504], [-71.9315, 21.9519], [-71.8996, 21.8625], [-71.8799, 21.8404]]], [[[-72.3328, 21.8514], [-72.1443, 21.7927], [-72.3009, 21.7552], [-72.3354, 21.758], [-72.3424, 21.7953], [-72.3328, 21.8514]]]]}}, {"type": "Feature", "properties": {"name": "U.S. Virgin Is.", "iso3": "VIR", "label": [-64.7505, 17.7527]}, "geometry": {"type": "MultiPolygon", "coordinates": [[[[-64.845, 18.3301], [-64.92, 18.3213], [-65.0236, 18.3676], [-64.8891, 18.3742], [-64.845, 18.3301]]], [[[-64.6598, 18.3543], [-64.7877, 18.3411], [-64.7524, 18.372], [-64.6598, 18.3543]]], [[[-64.7656, 17.7943], [-64.6818, 17.7502], [-64.5805, 17.7502], [-64.6863, 17.7061], [-64.8891, 17.7017], [-64.8847, 17.7723], [-64.7656, 17.7943]]]]}}, {"type": "Feature", "properties": {"name": "United States of America", "iso3": "USA", "label": [-90.2647, 37.9661]}, "geometry": {"type": "MultiPolygon", "coordinates": [[[[-132.7469, 56.5257], [-132.8847, 56.5125], [-132.948, 56.5672], [-132.8425, 56.7948], [-132.6559, 56.6847], [-132.568, 56.5758], [-132.7145, 56.5425], [-132.7469, 56.5257]]], [[[-132.7799, 56.2473], [-132.8915, 56.2594], [-133.035, 56.3409], [-132.9355, 56.4418], [-132.6434, 56.4352], [-132.6694, 56.2873], [-132.7799, 56.2473]]], [[[-134.3127, 58.2289], [-134.3199, 58.2041], [-134.4563, 58.2065], [-134.6616, 58.2909], [-134.52, 58.3325], [-134.3989, 58.2872], [-134.3127, 58.2289]]], [[[-145.1185, 60.3371], [-145.1505, 60.3126], [-145.2843, 60.3368], [-145.1024, 60.3882], [-145.1185, 60.3371]]], [[[-144.5656, 59.8184], [-144.6136, 59.8126], [-144.4449, 59.9507], [-144.2357, 60.0152], [-144.4032, 59.9211], [-144.5656, 59.8184]]], [[[-148.0218, 60.0653], [-148.0742, 60.0347], [-148.2719, 60.0533], [-148.2307, 60.1135], [-148.0796, 60.1517], [-147.9142, 60.0923], [-148.0218, 60.0653]]], [[[-152.0208, 60.3617], [-152.069, 60.3581], [-151.9597, 60.5038], [-151.8873, 60.4727], [-151.9869, 60.374], [-152.0208, 60.3617]]], [[[-160.3293, 55.3377], [-160.3433, 55.2588], [-160.5175, 55.3338], [-160.3623, 55.357], [-160.3293, 55.3377]]], [[[-159.362, 54.9724], [-159.4213, 54.9781], [-159.4619, 55.0588], [-159.3632, 54.9995], [-159.362, 54.9724]]], [[[-159.5151, 55.1519], [-159.5204, 55.0722], [-159.6177, 55.0573], [-159.6396, 55.124], [-159.5979, 55.1257], [-159.5451, 55.226], [-159.5151, 55.1519]]], [[[-166.2098, 53.7233], [-166.2507, 53.7678], [-166.1137, 53.8431], [-166.1837, 53.7569], [-166.2098, 53.7233]]], [[[-176.009, 51.8124], [-176.0934, 51.7905], [-176.2044, 51.8348], [-176.1937, 51.8863], [-176.0716, 51.8433], [-176.009, 51.8124]]], [[[-166.1099, 66.2274], [-165.8222, 66.3281], [-165.9423, 66.2782], [-166.1099, 66.2274]]], [[[-171.463, 63.64], [-171.4479, 63.6157], [-171.0349, 63.5855], [-170.8746, 63.594], [-170.5519, 63.6885], [-170.2994, 63.6806], [-170.1218, 63.6175], [-170.0174, 63.4917], [-169.6241, 63.4306], [-169.5545, 63.3735], [-168.716, 63.3106], [-168.7613, 63.2138], [-168.8524, 63.1712], [-169.3647, 63.1711], [-169.6764, 62.9561], [-169.8186, 63.1224], [-170.1896, 63.1963], [-170.4242, 63.3493], [-170.8484, 63.4444], [-171.0612, 63.4459], [-171.4012, 63.3393], [-171.6318, 63.3512], [-171.8194, 63.4772], [-171.7464, 63.7031], [-171.6465, 63.727], [-171.463, 63.64]]], [[[-166.1354, 60.3835], [-166.0437, 60.3339], [-165.8409, 60.3462], [-165.7297, 60.3142], [-165.7124, 60.0693], [-165.6306, 60.0284], [-165.5918, 59.9131], [-165.9467, 59.89], [-166.0999, 59.8496], [-166.1487, 59.7641], [-166.2616, 59.8149], [-166.6276, 59.8646], [-167.1389, 60.0085], [-167.4364, 60.2066], [-167.2517, 60.2335], [-166.8363, 60.217], [-166.731, 60.3163], [-166.4757, 60.3828], [-166.3639, 60.3647], [-166.185, 60.3968], [-166.1354, 60.3835]]], [[[-152.898, 57.8239], [-152.8908, 57.769], [-152.616, 57.8489], [-152.4288, 57.8257], [-152.4826, 57.7033], [-152.4115, 57.6461], [-152.2365, 57.6149], [-152.2162, 57.577], [-152.4122, 57.4548], [-152.9408, 57.4981], [-152.9975, 57.4689], [-152.7813, 57.4534], [-152.6791, 57.3451], [-152.8791, 57.3208], [-153.0516, 57.2376], [-153.2744, 57.2264], [-153.5883, 57.0777], [-153.7326, 57.0523], [-153.6465, 57.0296], [-153.6433, 56.9607], [-153.7572, 56.8584], [-154.0273, 56.778], [-154.0709, 56.8207], [-153.7932, 56.9895], [-153.9994, 57.05], [-154.103, 57.0212], [-154.0351, 57.1218], [-154.2438, 57.143], [-154.3811, 57.0965], [-154.2392, 57.0869], [-154.1843, 57.0053], [-154.2609, 56.9118], [-154.339, 56.9209], [-154.4988, 57.0366], [-154.5693, 57.2059], [-154.706, 57.3354], [-154.6732, 57.4461], [-154.5353, 57.5594], [-154.2814, 57.6381], [-154.1162, 57.6512], [-154.0298, 57.6307], [-153.8054, 57.3582], [-153.6877, 57.3051], [-153.7978, 57.4433], [-153.8381, 57.6358], [-153.6901, 57.6407], [-153.6932, 57.6634], [-153.8794, 57.7572], [-153.9044, 57.8199], [-153.8058, 57.8751], [-153.6956, 57.8712], [-153.4879, 57.731], [-153.3904, 57.7984], [-153.2175, 57.7958], [-153.1688, 57.9106], [-153.2259, 57.9576], [-153.1604, 57.972], [-152.8504, 57.8968], [-152.898, 57.8239]]], [[[-130.0251, 55.8882], [-130.1465, 55.6545], [-130.0366, 55.2979], [-130.2141, 55.0259], [-130.5753, 54.7697], [-130.8496, 54.8076], [-131.0459, 55.1796], [-130.9839, 55.2439], [-130.7482, 55.318], [-130.856, 55.3551], [-130.9186, 55.736], [-131.1277, 55.9602], [-131.0328, 56.0881], [-131.7842, 55.8766], [-131.945, 55.5541], [-131.9834, 55.535], [-132.119, 55.5698], [-132.2075, 55.7534], [-131.8438, 56.1601], [-131.5514, 56.2068], [-131.8879, 56.2416], [-132.0219, 56.3801], [-132.182, 56.4207], [-132.3577, 56.6259], [-132.4759, 56.6497], [-132.4871, 56.7664], [-132.6395, 56.7964], [-132.8022, 56.8952], [-132.8246, 57.0558], [-132.9134, 57.0475], [-133.4659, 57.1722], [-133.4367, 57.3369], [-133.539, 57.5541], [-133.6487, 57.6423], [-133.5542, 57.6951], [-133.117, 57.5662], [-133.5155, 57.7751], [-133.5352, 57.833], [-133.5111, 57.8801], [-133.1943, 57.8777], [-133.5594, 57.9245], [-133.6573, 57.841], [-133.7223, 57.8442], [-134.0311, 58.0722], [-134.0453, 58.2893], [-133.8768, 58.5182], [-134.2088, 58.233], [-134.4854, 58.3672], [-134.6636, 58.3847], [-134.7761, 58.4539], [-134.9861, 58.7656], [-135.1318, 58.8429], [-135.3637, 59.4194], [-135.4127, 59.3185], [-135.4841, 59.3087], [-135.4001, 59.2079], [-135.5023, 59.2023], [-135.3861, 59.0875], [-135.062, 58.3409], [-135.0902, 58.2458], [-135.3025, 58.2559], [-135.45, 58.3761], [-135.5718, 58.4121], [-135.8976, 58.4002], [-135.8617, 58.5771], [-136.0431, 58.8216], [-135.8264, 58.8979], [-136.0166, 58.874], [-136.15, 59.0481], [-136.1242, 58.8196], [-136.2258, 58.7655], [-136.4512, 58.8463], [-136.5662, 58.9409], [-136.989, 59.0345], [-136.948, 58.9349], [-137.059, 58.8737], [-136.8791, 58.8815], [-136.6139, 58.8093], [-136.4101, 58.7006], [-136.4837, 58.6177], [-136.2246, 58.6022], [-136.0615, 58.4527], [-136.0813, 58.3642], [-136.4624, 58.328], [-136.6074, 58.244], [-137.544, 58.5812], [-138.0269, 58.9415], [-138.3525, 59.0873], [-138.5372, 59.1151], [-138.5149, 59.1659], [-138.8843, 59.2369], [-139.7733, 59.5273], [-139.7991, 59.5462], [-139.6116, 59.6103], [-139.513, 59.6981], [-139.5822, 59.8483], [-139.5123, 59.9536], [-139.4469, 59.9568], [-139.331, 59.877], [-139.2867, 59.6109], [-139.2208, 59.8199], [-138.9881, 59.835], [-139.2425, 59.8928], [-139.4314, 60.0123], [-139.5189, 60.0171], [-139.9169, 59.8057], [-140.2167, 59.7267], [-140.4198, 59.7107], [-140.8432, 59.7489], [-141.4083, 59.9028], [-141.2899, 60.0042], [-141.4087, 60.1177], [-141.4471, 60.0194], [-141.6702, 59.9699], [-142.5486, 60.086], [-142.9457, 60.097], [-143.8051, 60.0129], [-144.1472, 60.0164], [-144.0885, 60.0843], [-144.1855, 60.1507], [-144.643, 60.2247], [-144.9013, 60.3352], [-144.8244, 60.5336], [-144.6911, 60.6691], [-145.2483, 60.3801], [-145.8989, 60.4782], [-145.6749, 60.6511], [-146.149, 60.6607], [-146.1823, 60.7348], [-146.251, 60.7491], [-146.503, 60.7008], [-146.5705, 60.7291], [-146.392, 60.8108], [-146.6036, 60.8709], [-146.636, 60.9925], [-146.5991, 61.0535], [-146.2849, 61.1126], [-146.3844, 61.1358], [-146.5827, 61.1278], [-146.9802, 60.9778], [-147.195, 60.9968], [-147.3614, 60.9145], [-147.5673, 60.9949], [-147.6557, 60.9095], [-147.8076, 60.8854], [-147.8911, 60.8899], [-148.0051, 60.9686], [-147.7519, 61.2189], [-148.0494, 61.0827], [-148.3419, 61.0604], [-148.3958, 61.0071], [-148.2087, 61.0299], [-148.3444, 60.8536], [-148.5562, 60.827], [-148.5574, 60.8029], [-148.2679, 60.6997], [-148.2842, 60.6093], [-148.3384, 60.5698], [-148.5096, 60.5652], [-148.6401, 60.4895], [-148.1192, 60.5751], [-148.0507, 60.5672], [-147.9641, 60.4849], [-148.1817, 60.3931], [-148.1976, 60.1678], [-148.3331, 60.122], [-148.4307, 59.9891], [-148.7509, 59.9478], [-149.0042, 59.98], [-149.1216, 60.0335], [-149.2666, 59.9983], [-149.3953, 60.1058], [-149.598, 59.7705], [-149.7139, 59.9196], [-149.7948, 59.8558], [-149.7825, 59.7503], [-150.0053, 59.7844], [-149.9665, 59.69], [-150.198, 59.5666], [-150.3381, 59.5813], [-150.4854, 59.5353], [-150.6074, 59.5634], [-150.6774, 59.427], [-150.8528, 59.3418], [-150.9345, 59.2491], [-151.1828, 59.3008], [-151.1707, 59.2369], [-151.3664, 59.2456], [-151.7382, 59.1885], [-151.9495, 59.2651], [-151.8846, 59.3863], [-151.6926, 59.4622], [-151.3996, 59.5163], [-151.0465, 59.7718], [-151.0895, 59.7894], [-151.4501, 59.6504], [-151.7638, 59.7], [-151.8532, 59.7821], [-151.7345, 59.9883], [-151.396, 60.2745], [-151.3127, 60.4665], [-151.3564, 60.7229], [-150.4413, 61.0236], [-150.3491, 61.0227], [-150.113, 60.9328], [-149.6325, 60.952], [-149.0751, 60.8764], [-149.1422, 60.9357], [-149.5925, 60.9938], [-150.0533, 61.1711], [-149.8953, 61.2317], [-149.7369, 61.3633], [-149.3291, 61.4974], [-149.4335, 61.5008], [-149.6953, 61.4707], [-149.9757, 61.2793], [-150.4718, 61.26], [-150.5672, 61.3068], [-150.9455, 61.1982], [-151.1501, 61.0858], [-151.5935, 60.9796], [-151.734, 60.9107], [-151.7844, 60.8332], [-151.7505, 60.7549], [-151.9962, 60.6822], [-152.2707, 60.5281], [-152.2603, 60.4094], [-152.3688, 60.3363], [-152.654, 60.2384], [-153.025, 60.2957], [-152.6647, 60.1253], [-152.6601, 59.9972], [-152.7595, 59.9209], [-153.2112, 59.8427], [-153.0246, 59.794], [-153.0936, 59.7091], [-153.364, 59.6599], [-153.4144, 59.7401], [-153.6525, 59.647], [-153.6094, 59.615], [-153.7526, 59.5099], [-154.0883, 59.3633], [-154.1783, 59.1556], [-154.1298, 59.1199], [-153.6564, 59.0387], [-153.4183, 58.96], [-153.3271, 58.8843], [-153.4376, 58.7548], [-153.6173, 58.6547], [-153.862, 58.5878], [-154.0199, 58.493], [-154.0859, 58.3658], [-154.289, 58.3043], [-154.2081, 58.2888], [-154.247, 58.1594], [-154.5706, 58.1181], [-154.5849, 58.0557], [-155.0069, 58.0161], [-155.1474, 57.8818], [-155.5902, 57.7336], [-155.778, 57.5682], [-156.0002, 57.545], [-156.0554, 57.4476], [-156.2422, 57.4492], [-156.4359, 57.36], [-156.4784, 57.3279], [-156.4005, 57.2048], [-156.629, 57.01], [-156.7799, 57.0056], [-157.1392, 56.8266], [-157.4406, 56.7903], [-157.5784, 56.6345], [-157.8691, 56.6452], [-158.0279, 56.5921], [-158.0783, 56.5521], [-157.93, 56.5205], [-158.4144, 56.4358], [-158.5521, 56.3127], [-158.3861, 56.3016], [-158.2756, 56.1962], [-158.4761, 56.0755], [-158.5233, 56.0725], [-158.5912, 56.1845], [-158.7898, 55.9869], [-159.5232, 55.81], [-159.6597, 55.6259], [-159.6785, 55.8247], [-159.7714, 55.8411], [-160.3732, 55.6351], [-160.4993, 55.5373], [-160.6252, 55.5524], [-160.7708, 55.4835], [-160.8967, 55.5136], [-161.178, 55.3889], [-161.4639, 55.3825], [-161.4133, 55.5361], [-161.2021, 55.5436], [-161.3575, 55.6122], [-161.5169, 55.6184], [-161.6543, 55.5634], [-161.7416, 55.3912], [-162.074, 55.1393], [-162.1666, 55.1437], [-162.3864, 55.0523], [-162.4575, 55.0777], [-162.4125, 55.1069], [-162.4953, 55.2084], [-162.6304, 55.2467], [-162.6189, 55.0384], [-162.6744, 54.9966], [-162.865, 54.9545], [-162.9959, 55.0465], [-163.1196, 55.0647], [-163.1311, 54.9166], [-163.3353, 54.8392], [-163.2788, 55.1218], [-163.1145, 55.1939], [-162.9066, 55.1956], [-162.1571, 55.7194], [-161.6973, 55.9072], [-161.2156, 56.0214], [-161.1925, 55.9543], [-160.8986, 55.9937], [-160.9024, 55.9413], [-161.0054, 55.8872], [-160.8028, 55.7544], [-160.7063, 55.8705], [-160.2917, 55.8051], [-160.3085, 55.8645], [-160.4799, 55.9354], [-160.5391, 56.0063], [-160.3021, 56.3141], [-159.7851, 56.5616], [-159.2831, 56.6886], [-158.918, 56.8822], [-158.8949, 56.8164], [-158.6751, 56.7949], [-158.6608, 57.0394], [-158.3209, 57.2979], [-157.8458, 57.5281], [-157.7372, 57.5481], [-157.5353, 57.4834], [-157.4619, 57.5062], [-157.5716, 57.5407], [-157.6972, 57.6794], [-157.6109, 58.0508], [-157.555, 58.1399], [-157.1937, 58.1942], [-157.4884, 58.2537], [-157.5236, 58.4213], [-157.2289, 58.6409], [-156.9747, 58.7363], [-157.0405, 58.7726], [-156.8089, 59.1343], [-157.142, 58.8776], [-158.1909, 58.6143], [-158.3026, 58.6418], [-158.5032, 58.8503], [-158.4256, 58.9993], [-158.0805, 58.9774], [-158.4228, 59.0898], [-158.5144, 59.0729], [-158.6783, 58.9294], [-158.8095, 58.9739], [-158.7755, 58.9025], [-158.8614, 58.7188], [-158.7886, 58.441], [-158.9507, 58.4045], [-159.6703, 58.9111], [-159.9202, 58.8199], [-160.1526, 58.9059], [-160.3631, 59.0512], [-160.8171, 58.8717], [-161.2468, 58.7995], [-161.3613, 58.6695], [-161.7555, 58.612], [-162.1449, 58.6442], [-161.8565, 58.7171], [-161.7244, 58.7943], [-161.7887, 59.0164], [-161.6444, 59.1097], [-161.8908, 59.0761], [-161.9811, 59.1461], [-162.0233, 59.284], [-161.8722, 59.4283], [-161.8287, 59.5886], [-162.2425, 60.1783], [-162.4213, 60.284], [-162.1389, 60.6144], [-161.962, 60.6954], [-162.138, 60.6855], [-162.4687, 60.3947], [-162.685, 60.2689], [-162.527, 60.1991], [-162.5005, 60.1266], [-162.5708, 59.9897], [-162.7326, 59.9937], [-162.8778, 59.9228], [-163.2194, 59.8456], [-163.6804, 59.8015], [-163.9069, 59.8068], [-164.1428, 59.8968], [-164.1315, 59.9942], [-164.4705, 60.1493], [-164.6623, 60.3038], [-164.8, 60.3072], [-165.0611, 60.4125], [-165.0265, 60.5006], [-165.3538, 60.5412], [-165.016, 60.74], [-164.8998, 60.8731], [-164.8052, 60.892], [-164.3185, 60.7713], [-164.2657, 60.7247], [-164.3724, 60.5918], [-163.9996, 60.7661], [-163.8949, 60.7452], [-163.73, 60.59], [-163.5287, 60.6646], [-163.4209, 60.7574], [-163.623, 60.8222], [-163.9065, 60.8538], [-163.5869, 60.903], [-163.749, 60.9697], [-163.9946, 60.8647], [-164.4416, 60.87], [-164.754, 60.9313], [-165.1148, 60.9328], [-165.1755, 60.9657], [-164.869, 61.1118], [-165.0771, 61.0942], [-165.1278, 61.1924], [-165.2038, 61.1528], [-165.2798, 61.1696], [-165.3449, 61.1977], [-165.2736, 61.2749], [-165.392, 61.2123], [-165.3808, 61.1063], [-165.5659, 61.1023], [-165.6914, 61.2999], [-165.864, 61.3357], [-165.9063, 61.4038], [-165.7971, 61.4912], [-165.8453, 61.5362], [-165.9613, 61.5509], [-166.094, 61.5067], [-166.1527, 61.5459], [-166.1681, 61.6508], [-165.8089, 61.6961], [-166.0199, 61.7483], [-166.0788, 61.8031], [-165.6128, 61.8693], [-165.7252, 61.9594], [-165.7073, 62.1004], [-165.1945, 62.4735], [-164.9997, 62.5338], [-164.7579, 62.4967], [-164.8444, 62.5811], [-164.688, 62.6083], [-164.5895, 62.7094], [-164.7927, 62.6232], [-164.8454, 62.801], [-164.7997, 62.9181], [-164.6774, 63.0205], [-164.3842, 63.0305], [-164.5252, 63.1276], [-164.409, 63.215], [-164.1076, 63.2617], [-163.9429, 63.2472], [-163.6163, 63.1251], [-163.7378, 63.0164], [-163.5043, 63.1059], [-163.2878, 63.0464], [-162.9477, 63.115], [-162.6215, 63.2658], [-162.2828, 63.5292], [-162.1125, 63.5342], [-161.974, 63.4529], [-161.5054, 63.4682], [-161.266, 63.497], [-161.0997, 63.5579], [-160.8265, 63.7293], [-160.7786, 63.8189], [-160.9875, 64.2513], [-161.2201, 64.3966], [-161.4907, 64.4338], [-161.4146, 64.5264], [-161.1931, 64.5164], [-160.9319, 64.5791], [-160.836, 64.6819], [-160.8559, 64.7556], [-161.1302, 64.9254], [-161.4664, 64.7949], [-161.7594, 64.8163], [-161.8683, 64.7427], [-162.3346, 64.6128], [-162.7111, 64.3775], [-162.807, 64.3742], [-162.8764, 64.5164], [-163.2039, 64.652], [-163.3028, 64.6059], [-163.1741, 64.533], [-163.0518, 64.5197], [-163.1443, 64.4238], [-163.4862, 64.5498], [-163.7131, 64.5882], [-164.304, 64.5839], [-164.6918, 64.5074], [-164.7649, 64.5296], [-164.9788, 64.4537], [-166.1428, 64.5828], [-166.3251, 64.6257], [-166.4814, 64.7281], [-166.4152, 64.9265], [-166.5509, 64.953], [-166.9284, 65.1571], [-166.7625, 65.1349], [-166.531, 65.1547], [-166.4517, 65.2473], [-166.1215, 65.2607], [-166.157, 65.2858], [-167.404, 65.4221], [-167.9873, 65.5678], [-168.0884, 65.6578], [-167.9306, 65.7481], [-167.9144, 65.6812], [-167.58, 65.7583], [-167.4053, 65.8593], [-167.0742, 65.8771], [-166.7477, 66.0519], [-166.3987, 66.1444], [-166.2146, 66.1703], [-166.0089, 66.1213], [-165.6299, 66.1312], [-165.5602, 66.1671], [-165.8402, 66.2451], [-165.7762, 66.319], [-165.4494, 66.4099], [-165.064, 66.4378], [-164.4605, 66.5884], [-163.7277, 66.6165], [-163.6382, 66.5747], [-163.8939, 66.5759], [-163.7755, 66.5311], [-163.9029, 66.3784], [-163.8939, 66.2869], [-164.0337, 66.2155], [-163.6954, 66.0838], [-162.8865, 66.0992], [-162.5869, 66.0508], [-162.2143, 66.071], [-161.9337, 66.0429], [-161.8163, 66.0537], [-161.5568, 66.2505], [-161.4554, 66.2814], [-161.2011, 66.2194], [-161.1092, 66.2395], [-161.0343, 66.1888], [-161.1203, 66.3343], [-161.5444, 66.407], [-161.8282, 66.3709], [-161.9169, 66.4118], [-161.8876, 66.4931], [-162.1912, 66.6931], [-162.3177, 66.7337], [-162.4674, 66.7356], [-162.5437, 66.8051], [-162.6074, 66.8944], [-162.3616, 66.9473], [-162.2536, 66.9187], [-162.1314, 66.8014], [-162.0176, 66.7841], [-162.0507, 66.6673], [-161.9096, 66.5596], [-161.591, 66.4595], [-161.1558, 66.4953], [-160.6505, 66.3731], [-160.2317, 66.4203], [-160.2273, 66.5085], [-160.3609, 66.6125], [-160.6438, 66.605], [-160.864, 66.6709], [-161.0515, 66.6528], [-161.398, 66.5519], [-161.5717, 66.5916], [-161.8567, 66.7003], [-161.8788, 66.804], [-161.6222, 66.9793], [-161.7199, 67.0206], [-161.9654, 67.0496], [-162.3916, 67.0199], [-162.4094, 67.104], [-162.5831, 67.0185], [-163.0017, 67.0273], [-163.5318, 67.1026], [-163.7206, 67.1956], [-163.9427, 67.4776], [-164.1252, 67.6067], [-165.386, 68.0456], [-165.9596, 68.1559], [-166.2359, 68.2779], [-166.7863, 68.3596], [-166.5459, 68.4244], [-166.6479, 68.3738], [-166.5704, 68.3611], [-166.3805, 68.4251], [-166.182, 68.7972], [-166.2091, 68.8854], [-165.0439, 68.8825], [-164.1502, 68.9612], [-163.5357, 69.1701], [-163.1615, 69.3879], [-163.0936, 69.6107], [-162.9521, 69.7581], [-161.881, 70.3317], [-161.7611, 70.2577], [-162.0739, 70.162], [-160.9963, 70.3046], [-160.1171, 70.5912], [-159.9631, 70.5682], [-160.1064, 70.4726], [-160.0056, 70.4476], [-160.0951, 70.3333], [-159.9076, 70.3314], [-159.8657, 70.2789], [-159.815, 70.4971], [-159.6833, 70.4771], [-159.3868, 70.5245], [-159.7462, 70.5305], [-159.9618, 70.6341], [-160.0816, 70.6349], [-159.6809, 70.7868], [-159.3145, 70.8785], [-159.1917, 70.8597], [-159.1832, 70.8319], [-159.3398, 70.7812], [-159.2512, 70.7484], [-158.9963, 70.8016], [-158.6209, 70.799], [-158.4844, 70.8411], [-157.9094, 70.8601], [-157.3248, 71.0396], [-156.7833, 71.3189], [-156.4702, 71.4077], [-156.3953, 71.3967], [-156.5672, 71.3416], [-156.47, 71.2916], [-155.6456, 71.1828], [-155.5794, 71.1211], [-155.8043, 70.9954], [-156.1466, 70.9278], [-155.9735, 70.842], [-155.8722, 70.8347], [-155.5794, 70.8943], [-155.1668, 71.0992], [-154.9438, 71.0831], [-154.6737, 70.9871], [-154.7852, 70.8943], [-154.1952, 70.8011], [-153.9182, 70.8773], [-153.2329, 70.9326], [-152.3004, 70.8468], [-152.2329, 70.8104], [-152.4373, 70.7333], [-152.4706, 70.6536], [-152.2697, 70.6147], [-152.2534, 70.5683], [-152.1729, 70.5566], [-151.769, 70.5602], [-151.9447, 70.4521], [-151.2248, 70.4188], [-150.6626, 70.5099], [-150.2736, 70.4343], [-149.8701, 70.5097], [-149.2694, 70.5008], [-148.6884, 70.4163], [-148.4792, 70.3179], [-148.1427, 70.3555], [-147.8695, 70.3033], [-147.7054, 70.2172], [-147.0629, 70.1704], [-146.7449, 70.1917], [-145.8231, 70.1601], [-145.1974, 70.0087], [-144.6192, 69.9821], [-144.4169, 70.039], [-143.2183, 70.1163], [-142.7079, 70.0338], [-142.297, 69.8699], [-141.6992, 69.7704], [-141.4079, 69.6534], [-141.0021, 69.6508], [-141.0021, 60.3002], [-140.5254, 60.2184], [-140.4528, 60.2997], [-139.9733, 60.1832], [-139.6763, 60.3283], [-139.0792, 60.3437], [-139.1852, 60.0836], [-139.0435, 59.9933], [-138.7055, 59.9013], [-138.6323, 59.7783], [-137.5933, 59.2263], [-137.4842, 58.9912], [-137.5209, 58.9154], [-137.4386, 58.9031], [-136.8133, 59.15], [-136.5788, 59.1522], [-136.4667, 59.2799], [-136.4664, 59.4591], [-136.3479, 59.4561], [-136.2471, 59.5329], [-136.3218, 59.6048], [-135.9347, 59.6626], [-135.4759, 59.7933], [-135.051, 59.5787], [-135.0713, 59.4415], [-134.9437, 59.2883], [-134.4408, 59.0854], [-134.297, 58.8985], [-133.8208, 58.705], [-133.4011, 58.4109], [-133.4226, 58.3371], [-132.2322, 57.1985], [-132.338, 57.0794], [-132.0315, 57.0266], [-132.1043, 56.8568], [-131.8662, 56.7928], [-131.8243, 56.59], [-131.5751, 56.5988], [-131.0829, 56.4048], [-130.7417, 56.3408], [-130.6491, 56.2637], [-130.4771, 56.2306], [-130.4131, 56.1225], [-130.2147, 56.0828], [-130.0979, 56.1093], [-130.0141, 55.9505], [-130.0251, 55.8882]]], [[[-163.476, 54.9807], [-163.379, 54.8155], [-163.1351, 54.7233], [-163.0833, 54.669], [-163.3581, 54.7357], [-163.583, 54.6257], [-164.1713, 54.603], [-164.4635, 54.4273], [-164.5908, 54.4043], [-164.8234, 54.4191], [-164.904, 54.5448], [-164.8876, 54.6078], [-164.7062, 54.692], [-164.4786, 54.9068], [-164.2737, 54.9], [-163.8071, 55.0491], [-163.6075, 55.0508], [-163.5109, 55.0143], [-163.476, 54.9807]]], [[[-133.3051, 55.5438], [-133.2817, 55.4979], [-133.6502, 55.2693], [-133.635, 55.4133], [-133.7371, 55.4969], [-133.6342, 55.5393], [-133.4548, 55.5223], [-133.3456, 55.5591], [-133.3051, 55.5438]]], [[[-131.3397, 55.0798], [-131.232, 54.9038], [-131.3295, 54.8877], [-131.4457, 54.9093], [-131.4313, 54.9965], [-131.4817, 55.0353], [-131.5922, 55.0257], [-131.5654, 55.2641], [-131.4046, 55.2133], [-131.3397, 55.0798]]], [[[-132.1124, 56.1094], [-132.133, 55.9433], [-132.3686, 55.9397], [-132.4512, 56.0563], [-132.6599, 56.0782], [-132.699, 56.1982], [-132.5987, 56.2416], [-132.3798, 56.4988], [-132.3165, 56.4875], [-132.0669, 56.2442], [-132.1124, 56.1094]]], [[[-130.9792, 55.4892], [-131.0828, 55.2668], [-131.1879, 55.2063], [-131.3163, 55.2685], [-131.4207, 55.2759], [-131.4476, 55.4088], [-131.6413, 55.2989], [-131.7625, 55.1658], [-131.8461, 55.4163], [-131.6476, 55.5855], [-131.625, 55.8317], [-131.2362, 55.949], [-130.9978, 55.7276], [-130.965, 55.568], [-130.9792, 55.4892]]], [[[-133.3662, 57.0035], [-133.2997, 56.9722], [-133.196, 57.0035], [-132.9962, 56.9304], [-132.9592, 56.6771], [-133.0349, 56.6208], [-133.329, 56.8301], [-133.1566, 56.6111], [-133.1582, 56.4952], [-133.2126, 56.4646], [-133.4842, 56.4518], [-133.6313, 56.484], [-133.681, 56.7975], [-133.9794, 57.0096], [-133.866, 57.0687], [-133.7077, 57.0628], [-133.3662, 57.0035]]], [[[-132.8623, 54.8944], [-132.7723, 54.9261], [-132.6172, 54.8924], [-132.7058, 54.6842], [-132.8073, 54.7091], [-133.0089, 54.8548], [-133.2512, 55.1751], [-133.418, 55.2107], [-133.4291, 55.3038], [-133.2966, 55.3257], [-133.0974, 55.2137], [-132.946, 55.0026], [-132.8623, 54.8944]]], [[[-146.3939, 60.4497], [-146.3717, 60.4222], [-146.1022, 60.4112], [-146.5953, 60.2685], [-146.7025, 60.4085], [-146.5603, 60.4806], [-146.3939, 60.4497]]], [[[-147.7359, 59.8132], [-147.8463, 59.7988], [-147.8725, 59.8284], [-147.7681, 59.9438], [-147.4658, 60.097], [-147.1809, 60.3583], [-147.12, 60.3631], [-146.9579, 60.2889], [-146.9867, 60.2543], [-147.3185, 60.0753], [-147.4993, 59.8902], [-147.6687, 59.8315], [-147.7359, 59.8132]]], [[[-147.6583, 60.4505], [-147.66, 60.3525], [-147.7878, 60.1779], [-147.8915, 60.2994], [-147.7945, 60.4599], [-147.7602, 60.4388], [-147.6886, 60.4914], [-147.6583, 60.4505]]], [[[-147.9307, 60.8262], [-148.1238, 60.8443], [-148.1017, 60.9161], [-148.0377, 60.9241], [-147.9431, 60.8754], [-147.9307, 60.8262]]], [[[-153.0071, 57.1249], [-153.1568, 57.0939], [-153.2954, 57.0004], [-153.3746, 57.0519], [-153.2852, 57.1851], [-152.9354, 57.1673], [-152.9334, 57.1292], [-153.0071, 57.1249]]], [[[-152.4861, 58.485], [-152.6366, 58.5417], [-152.6049, 58.5664], [-152.3955, 58.6194], [-152.3928, 58.5409], [-152.4861, 58.485]]], [[[-153.2406, 57.8501], [-153.295, 57.8295], [-153.5201, 57.9558], [-153.4811, 57.971], [-153.29, 57.8979], [-153.2406, 57.8501]]], [[[-155.566, 55.8212], [-155.6806, 55.7918], [-155.7374, 55.8298], [-155.5939, 55.9243], [-155.5639, 55.8867], [-155.566, 55.8212]]], [[[-154.6828, 56.4358], [-154.7739, 56.4203], [-154.7293, 56.5021], [-154.4634, 56.5982], [-154.5112, 56.5214], [-154.6828, 56.4358]]], [[[-154.2086, 56.5149], [-154.3321, 56.539], [-154.2167, 56.6087], [-154.1104, 56.6029], [-154.1498, 56.5296], [-154.2086, 56.5149]]], [[[-160.6849, 55.3148], [-160.5528, 55.3808], [-160.5832, 55.3076], [-160.4875, 55.1849], [-160.7951, 55.1452], [-160.8396, 55.3354], [-160.7239, 55.4046], [-160.6664, 55.3594], [-160.6849, 55.3148]]], [[[-162.2981, 54.847], [-162.3908, 54.873], [-162.4339, 54.9315], [-162.2646, 54.9835], [-162.2726, 54.8672], [-162.2981, 54.847]]], [[[-162.5544, 54.4014], [-162.6411, 54.3795], [-162.7331, 54.4023], [-162.8206, 54.4945], [-162.608, 54.4466], [-162.5544, 54.4014]]], [[[-159.873, 55.1288], [-160.2271, 54.9227], [-160.1536, 55.0383], [-160.1721, 55.123], [-159.8874, 55.273], [-159.8541, 55.1447], [-159.873, 55.1288]]], [[[-165.8416, 54.0707], [-166.0566, 54.0543], [-166.0877, 54.1691], [-165.8929, 54.207], [-165.7042, 54.1199], [-165.7379, 54.0811], [-165.8416, 54.0707]]], [[[-165.5611, 54.1367], [-165.6154, 54.1396], [-165.6541, 54.2533], [-165.5506, 54.2845], [-165.4079, 54.1968], [-165.4676, 54.1809], [-165.5611, 54.1367]]], [[[-160.919, 58.5771], [-161.0703, 58.5691], [-161.1315, 58.6682], [-160.9862, 58.7364], [-160.7151, 58.7952], [-160.919, 58.5771]]], [[[-172.7422, 60.4574], [-172.5261, 60.3917], [-172.3875, 60.3985], [-172.2321, 60.2991], [-172.6357, 60.3289], [-173.074, 60.4932], [-173.0477, 60.5683], [-172.9239, 60.6068], [-172.8602, 60.5057], [-172.7422, 60.4574]]], [[[-170.1605, 57.1839], [-170.264, 57.1368], [-170.358, 57.1542], [-170.3866, 57.203], [-170.1162, 57.2418], [-170.1605, 57.1839]]], [[[-169.6919, 52.8474], [-169.7228, 52.7923], [-169.9806, 52.806], [-169.9826, 52.851], [-169.8207, 52.8834], [-169.711, 52.8667], [-169.6919, 52.8474]]], [[[-170.7334, 52.5815], [-170.7974, 52.5498], [-170.8271, 52.6007], [-170.6821, 52.6976], [-170.6081, 52.6851], [-170.614, 52.6096], [-170.6923, 52.593], [-170.7334, 52.5815]]], [[[-172.4648, 52.2723], [-172.6198, 52.2729], [-172.4704, 52.388], [-172.3136, 52.3296], [-172.4648, 52.2723]]], [[[-169.7552, 56.6351], [-169.5505, 56.6281], [-169.4743, 56.594], [-169.5869, 56.5424], [-169.7662, 56.608], [-169.7552, 56.6351]]], [[[-176.2867, 51.792], [-176.3497, 51.7333], [-176.4137, 51.8406], [-176.3786, 51.8611], [-176.2802, 51.8028], [-176.2867, 51.792]]], [[[-176.0215, 52.0024], [-176.0451, 51.973], [-176.1429, 52.0043], [-176.1845, 52.0561], [-176.1557, 52.0994], [-176.0312, 52.0823], [-175.9753, 52.029], [-176.0215, 52.0024]]], [[[-177.1482, 51.7167], [-177.6549, 51.6766], [-177.6702, 51.7011], [-177.2573, 51.8049], [-177.1315, 51.9298], [-177.063, 51.9019], [-177.1351, 51.8069], [-177.1482, 51.7167]]], [[[178.5755, 51.9163], [178.5118, 51.8991], [178.475, 51.9677], [178.5094, 51.9947], [178.6073, 51.953], [178.5755, 51.9163]]], [[[179.4516, 51.3726], [179.2781, 51.3722], [178.6479, 51.6439], [178.908, 51.6156], [179.2943, 51.4209], [179.4155, 51.4009], [179.4516, 51.3726]]], [[[173.7228, 52.3596], [173.4023, 52.4048], [173.4245, 52.4376], [173.6576, 52.5041], [173.7761, 52.4951], [173.7447, 52.4466], [173.7228, 52.3596]]], [[[-134.9698, 57.3514], [-134.8232, 57.1565], [-134.6207, 56.7183], [-134.63, 56.3024], [-134.6819, 56.2162], [-134.8064, 56.2812], [-134.9806, 56.5189], [-134.8834, 56.6791], [-135.0178, 56.6602], [-135.159, 56.7254], [-135.1631, 56.8241], [-135.2848, 56.8003], [-135.3306, 56.8219], [-135.3151, 56.9318], [-135.1996, 57.0273], [-135.3414, 57.0816], [-135.4549, 57.2494], [-135.502, 57.2438], [-135.6619, 57.0337], [-135.8123, 57.0095], [-135.7677, 57.1004], [-135.8228, 57.2804], [-135.6245, 57.3544], [-135.4873, 57.5165], [-135.3463, 57.5331], [-135.0652, 57.4167], [-134.9698, 57.3514]]], [[[-134.6803, 58.1617], [-134.2401, 58.144], [-133.9655, 57.8738], [-133.8228, 57.6287], [-133.925, 57.6708], [-134.1803, 58.0111], [-134.2923, 58.0447], [-134.2671, 57.8845], [-133.937, 57.5816], [-133.9209, 57.492], [-133.9737, 57.4514], [-133.9111, 57.3525], [-134.1, 57.3001], [-134.2602, 57.1468], [-134.516, 57.0426], [-134.5915, 57.092], [-134.6195, 57.1955], [-134.4868, 57.482], [-134.6599, 57.6381], [-134.7815, 58.0778], [-134.9235, 58.3546], [-134.7332, 58.225], [-134.6803, 58.1617]]], [[[-135.7304, 58.2442], [-135.5875, 58.1468], [-135.6154, 58.0575], [-135.6931, 58.0385], [-135.6132, 57.9918], [-135.3466, 58.1241], [-135.1628, 58.0958], [-134.9547, 58.0153], [-134.9707, 57.8172], [-135.1026, 57.7937], [-135.2312, 57.8158], [-135.3385, 57.7687], [-135.2496, 57.7326], [-134.9789, 57.7244], [-134.8731, 57.5892], [-134.9315, 57.4812], [-135.5642, 57.6664], [-135.6085, 57.6507], [-135.6178, 57.4804], [-135.6919, 57.4199], [-135.9108, 57.4466], [-136.0766, 57.6746], [-136.4599, 57.8731], [-136.5686, 57.9722], [-136.5123, 58.096], [-136.3695, 58.1431], [-136.322, 58.2189], [-136.1438, 58.0985], [-136.0944, 58.1981], [-135.9474, 58.2058], [-135.7871, 58.2685], [-135.7304, 58.2442]]], [[[-133.5661, 56.3392], [-133.203, 56.3198], [-133.0817, 56.1942], [-133.0966, 56.09], [-132.7576, 55.995], [-132.5976, 55.895], [-132.4302, 55.687], [-132.1727, 55.4806], [-132.5113, 55.5939], [-132.6313, 55.4732], [-132.4179, 55.4829], [-132.1603, 55.323], [-132.2067, 55.2244], [-131.9764, 55.2086], [-132.0217, 54.7263], [-132.1893, 54.7349], [-132.3413, 54.9072], [-132.5494, 54.9526], [-132.6222, 55.1359], [-132.7018, 55.1305], [-132.7041, 55.0301], [-132.7823, 55.0485], [-133.1186, 55.3276], [-133.103, 55.3603], [-132.9589, 55.3956], [-133.0825, 55.5041], [-133.0334, 55.5897], [-133.2982, 55.6069], [-133.369, 55.689], [-133.5533, 55.6912], [-133.6802, 55.7852], [-133.5841, 55.8365], [-133.4117, 55.7983], [-133.2415, 55.9208], [-133.2892, 56.0187], [-133.3712, 56.0359], [-133.6842, 55.9428], [-133.7425, 55.9648], [-133.7552, 55.9995], [-133.5309, 56.1457], [-133.5986, 56.3163], [-133.5661, 56.3392]]], [[[-133.9896, 56.845], [-133.9248, 56.7757], [-133.8309, 56.7813], [-133.7384, 56.6504], [-133.7673, 56.6001], [-133.8553, 56.5822], [-133.9497, 56.1277], [-133.994, 56.1011], [-134.0675, 56.133], [-134.1224, 56.0774], [-134.1896, 56.077], [-134.2451, 56.2033], [-134.1955, 56.4135], [-134.0844, 56.4563], [-134.2902, 56.58], [-134.3844, 56.724], [-134.3737, 56.8387], [-134.2744, 56.9182], [-134.1433, 56.9323], [-134.0006, 56.8692], [-133.9896, 56.845]]], [[[-152.4169, 58.3602], [-152.3163, 58.4135], [-152.1979, 58.3631], [-152.1252, 58.3743], [-152.0785, 58.3124], [-151.9744, 58.3099], [-152.0689, 58.1779], [-152.1865, 58.1847], [-152.2684, 58.2517], [-152.3344, 58.2081], [-152.3092, 58.1339], [-152.5376, 58.101], [-152.5982, 58.1626], [-152.6831, 58.0633], [-152.9284, 57.9937], [-153.3813, 58.0872], [-152.9761, 58.297], [-152.7719, 58.2786], [-152.8411, 58.4164], [-152.6747, 58.4506], [-152.4785, 58.3997], [-152.4169, 58.3602]]], [[[-167.9644, 53.3451], [-168.2707, 53.238], [-168.5056, 53.0432], [-169.0889, 52.832], [-168.7959, 53.0449], [-168.7778, 53.1488], [-168.6898, 53.2272], [-168.3804, 53.2834], [-168.3964, 53.4088], [-168.2877, 53.5001], [-167.9857, 53.5582], [-167.8047, 53.485], [-167.8651, 53.3873], [-167.9644, 53.3451]]], [[[-166.6153, 53.9009], [-166.5722, 53.8535], [-166.3723, 53.999], [-166.2309, 53.9326], [-166.5456, 53.7265], [-166.5492, 53.701], [-166.3388, 53.7177], [-166.3095, 53.6975], [-166.3545, 53.6735], [-166.7022, 53.5367], [-166.7704, 53.476], [-167.1537, 53.4079], [-167.5225, 53.2762], [-167.6694, 53.26], [-167.7809, 53.3002], [-167.8088, 53.3238], [-167.7101, 53.3709], [-167.5302, 53.3937], [-167.1361, 53.5265], [-167.0157, 53.6984], [-166.8941, 53.6971], [-166.809, 53.6461], [-166.7413, 53.7129], [-167.0715, 53.7834], [-167.1182, 53.8726], [-166.9781, 53.9629], [-166.6274, 53.9957], [-166.6153, 53.9009]]], [[[-173.5533, 52.1363], [-173.0229, 52.0791], [-173.461, 52.0416], [-173.8358, 52.0482], [-173.9896, 52.1036], [-173.9389, 52.1313], [-173.7941, 52.1043], [-173.6568, 52.1437], [-173.5533, 52.1363]]], [[[-174.6774, 52.035], [-175.2139, 51.9939], [-175.2956, 52.0222], [-174.3062, 52.2162], [-174.2588, 52.269], [-174.4355, 52.3172], [-174.1689, 52.4202], [-174.0456, 52.3672], [-174.0301, 52.2898], [-174.0549, 52.246], [-174.1794, 52.2003], [-174.1207, 52.1352], [-174.3436, 52.0778], [-174.6774, 52.035]]], [[[-176.5933, 51.8667], [-176.5879, 51.8332], [-176.4375, 51.8201], [-176.4523, 51.7357], [-176.511, 51.7456], [-176.7709, 51.6299], [-176.8371, 51.6759], [-176.9616, 51.6037], [-176.8744, 51.7905], [-176.7364, 51.8399], [-176.6983, 51.986], [-176.5968, 51.9818], [-176.5516, 51.9196], [-176.5933, 51.8667]]], [[[-177.8791, 51.6497], [-177.9253, 51.6174], [-178.0589, 51.6726], [-177.9864, 51.7643], [-178.1535, 51.8482], [-178.1683, 51.903], [-177.9538, 51.9185], [-177.7996, 51.84], [-177.6445, 51.8263], [-177.7707, 51.7779], [-177.827, 51.6859], [-177.8791, 51.6497]]], [[[179.7277, 51.9054], [179.5496, 51.894], [179.5039, 51.9796], [179.6271, 52.0304], [179.78, 51.9668], [179.7277, 51.9054]]], [[[177.4154, 51.8828], [177.3285, 51.8411], [177.2503, 51.9029], [177.5205, 52.0182], [177.5638, 52.1105], [177.6365, 52.1138], [177.6696, 52.103], [177.5941, 51.9476], [177.4154, 51.8828]]], [[[172.8118, 53.013], [172.984, 52.9803], [173.1021, 52.9956], [173.436, 52.8521], [173.0803, 52.8145], [172.9352, 52.7521], [172.7756, 52.7969], [172.7218, 52.8855], [172.4948, 52.9379], [172.6779, 53.0076], [172.8118, 53.013]]], [[[-155.5813, 19.012], [-155.6256, 18.9639], [-155.6808, 18.9677], [-155.8813, 19.0705], [-155.9056, 19.1258], [-155.8907, 19.3825], [-156.0487, 19.75], [-155.8203, 20.0142], [-155.8928, 20.1674], [-155.8743, 20.2598], [-155.8316, 20.2758], [-155.1988, 19.9944], [-155.0861, 19.8756], [-155.0659, 19.7482], [-154.989, 19.732], [-154.9526, 19.6446], [-154.8042, 19.5245], [-154.8503, 19.4541], [-155.0535, 19.3192], [-155.3096, 19.2602], [-155.5353, 19.1091], [-155.5813, 19.012]]], [[[-157.2136, 21.2154], [-156.7122, 21.1551], [-156.7479, 21.1036], [-156.8599, 21.0563], [-157.0209, 21.0978], [-157.2903, 21.1126], [-157.25, 21.2298], [-157.2136, 21.2154]]], [[[-156.4868, 20.9326], [-156.4608, 20.9147], [-156.2775, 20.9513], [-155.9898, 20.7571], [-156.1071, 20.6448], [-156.31, 20.5988], [-156.4382, 20.6179], [-156.4801, 20.8012], [-156.5438, 20.79], [-156.6154, 20.8218], [-156.6897, 20.9014], [-156.6569, 21.0245], [-156.5854, 21.0343], [-156.5323, 20.9927], [-156.4868, 20.9326]]], [[[-157.7994, 21.4566], [-157.7209, 21.4577], [-157.7055, 21.3781], [-157.6354, 21.3076], [-157.7988, 21.2686], [-157.9018, 21.3406], [-157.9584, 21.3269], [-157.9784, 21.3785], [-158.0173, 21.3677], [-157.981, 21.3161], [-158.1104, 21.3186], [-158.2731, 21.5853], [-158.1231, 21.6002], [-158.0204, 21.6918], [-157.9625, 21.7014], [-157.8515, 21.5534], [-157.8296, 21.4714], [-157.7994, 21.4566]]], [[[-159.3728, 21.9324], [-159.4607, 21.8761], [-159.6088, 21.9095], [-159.7892, 22.0418], [-159.7266, 22.1402], [-159.5792, 22.2231], [-159.3521, 22.2196], [-159.3007, 22.1053], [-159.3438, 21.9736], [-159.3728, 21.9324]]], [[[-160.18, 21.8411], [-160.2002, 21.7969], [-160.2347, 21.8037], [-160.2209, 21.8973], [-160.1006, 22.0152], [-160.0487, 22.0046], [-160.08, 21.9074], [-160.1534, 21.8788], [-160.18, 21.8411]]], [[[-156.8496, 20.7727], [-156.9089, 20.7445], [-156.9734, 20.7575], [-157.0506, 20.9125], [-156.9418, 20.93], [-156.8094, 20.8312], [-156.8496, 20.7727]]], [[[-74.7089, 45.0039], [-71.5175, 45.0076], [-71.419, 45.2003], [-71.3273, 45.2901], [-71.1347, 45.2628], [-70.9999, 45.3373], [-70.898, 45.2625], [-70.865, 45.2707], [-70.7992, 45.4048], [-70.6898, 45.4283], [-70.7022, 45.5514], [-70.4211, 45.7382], [-70.4079, 45.8019], [-70.2962, 45.9061], [-70.3045, 46.0574], [-70.2483, 46.2509], [-70.0672, 46.4411], [-70.0077, 46.7089], [-69.2429, 47.463], [-69.0502, 47.4266], [-69.0486, 47.2736], [-68.9372, 47.2112], [-68.8287, 47.2033], [-68.3769, 47.3162], [-68.358, 47.3445], [-68.2355, 47.3459], [-67.8068, 47.0828], [-67.767, 45.927], [-67.8022, 45.7275], [-67.5958, 45.6208], [-67.4327, 45.6031], [-67.4244, 45.5304], [-67.4937, 45.4741], [-67.4279, 45.3779], [-67.4726, 45.2759], [-67.3153, 45.1538], [-67.2496, 45.2008], [-67.1249, 45.1694], [-67.0805, 44.9892], [-67.1067, 44.8851], [-67.014, 44.8678], [-66.987, 44.8277], [-67.1913, 44.6756], [-67.3641, 44.6969], [-67.556, 44.6448], [-67.5991, 44.5768], [-67.653, 44.5624], [-67.8391, 44.5763], [-67.907, 44.4536], [-67.9627, 44.4643], [-68.0566, 44.3843], [-68.1521, 44.502], [-68.2774, 44.5074], [-68.3737, 44.4451], [-68.4506, 44.5076], [-68.5214, 44.3802], [-68.5325, 44.2586], [-68.612, 44.3105], [-68.8119, 44.3394], [-68.7101, 44.4426], [-68.7949, 44.4545], [-68.7627, 44.5708], [-68.8474, 44.4851], [-68.9615, 44.4338], [-68.9562, 44.3481], [-69.0636, 44.1724], [-69.0684, 44.0976], [-69.1373, 44.0378], [-69.2261, 43.9865], [-69.3445, 44.0009], [-69.5208, 43.8974], [-69.5567, 43.9828], [-69.59, 43.8866], [-69.6239, 43.8806], [-69.6529, 43.9939], [-69.7298, 43.852], [-69.7953, 43.9106], [-69.8084, 43.7723], [-69.8725, 43.8195], [-69.9743, 43.7879], [-69.9652, 43.8551], [-70.0624, 43.8346], [-70.2692, 43.6719], [-70.2026, 43.6261], [-70.5207, 43.3488], [-70.6423, 43.1344], [-70.7331, 43.07], [-70.8291, 42.8253], [-70.7357, 42.6693], [-70.624, 42.6718], [-70.6129, 42.6232], [-70.8312, 42.5526], [-71.0462, 42.3311], [-70.7383, 42.2289], [-70.6177, 42.0404], [-70.6562, 41.9871], [-70.5489, 41.9386], [-70.5147, 41.8033], [-70.4267, 41.7573], [-70.2955, 41.729], [-70.0014, 41.8262], [-70.1103, 42.0301], [-70.1726, 42.0628], [-70.1962, 42.0351], [-70.2411, 42.0912], [-70.1089, 42.0783], [-69.9779, 41.9613], [-69.9486, 41.6771], [-70.4047, 41.6269], [-70.6571, 41.5342], [-70.6665, 41.7101], [-70.7011, 41.7148], [-70.9742, 41.5485], [-71.0798, 41.5381], [-71.1686, 41.4894], [-71.2043, 41.6411], [-71.1487, 41.7457], [-71.2711, 41.6812], [-71.3901, 41.7953], [-71.3637, 41.7027], [-71.4266, 41.6333], [-71.4438, 41.4537], [-71.5229, 41.379], [-72.2653, 41.2916], [-72.371, 41.3122], [-72.4794, 41.2758], [-72.9247, 41.2852], [-73.0237, 41.2165], [-73.583, 41.0219], [-73.9871, 40.7514], [-73.872, 41.0552], [-73.8822, 41.1706], [-73.9699, 41.2497], [-73.9177, 41.1358], [-73.9272, 40.9143], [-74.0255, 40.7564], [-74.1872, 40.648], [-74.2642, 40.5286], [-74.2415, 40.4562], [-74.0499, 40.4298], [-73.9984, 40.4521], [-73.9723, 40.4003], [-73.9576, 40.3284], [-74.0799, 39.7881], [-74.0646, 39.9931], [-74.2565, 39.6139], [-74.3306, 39.5359], [-74.407, 39.5488], [-74.3898, 39.4868], [-74.4288, 39.3872], [-74.603, 39.2926], [-74.7945, 39.0019], [-74.9543, 38.95], [-74.897, 39.1455], [-75.0502, 39.2108], [-75.1361, 39.2079], [-75.5242, 39.4902], [-75.5235, 39.6019], [-75.4219, 39.7897], [-75.1538, 39.8705], [-75.0742, 39.9835], [-75.1729, 39.8948], [-75.4006, 39.8316], [-75.5876, 39.6408], [-75.5739, 39.477], [-75.4126, 39.2814], [-75.3922, 39.0928], [-75.1851, 38.8194], [-75.0887, 38.7775], [-75.1285, 38.6324], [-75.1871, 38.5911], [-75.0729, 38.5787], [-75.0388, 38.4264], [-75.0744, 38.3657], [-75.0734, 38.41], [-75.1167, 38.4062], [-75.16, 38.2551], [-75.2254, 38.2423], [-75.3535, 38.065], [-75.5964, 37.6312], [-75.5871, 37.5587], [-75.8121, 37.4252], [-75.9344, 37.1519], [-75.9974, 37.2638], [-75.975, 37.3984], [-75.8881, 37.6191], [-75.7193, 37.8214], [-75.6593, 37.954], [-75.8508, 37.9716], [-75.7953, 38.0867], [-75.9281, 38.1692], [-75.8639, 38.2612], [-75.8587, 38.3621], [-75.9674, 38.2914], [-75.9857, 38.3319], [-76.0512, 38.2795], [-76.2117, 38.3613], [-76.2646, 38.4364], [-76.2949, 38.4946], [-76.2642, 38.6], [-76.0009, 38.6017], [-76.0169, 38.6251], [-76.0569, 38.6212], [-76.213, 38.7583], [-76.2783, 38.7725], [-76.3412, 38.7097], [-76.3003, 38.8182], [-76.1682, 38.8527], [-76.2408, 38.9431], [-76.3307, 38.9086], [-76.3127, 39.0094], [-76.1857, 38.9907], [-76.1352, 39.0821], [-76.133, 39.1229], [-76.2168, 39.0636], [-76.2357, 39.1916], [-76.0744, 39.3688], [-75.876, 39.376], [-76.0031, 39.4108], [-75.8729, 39.5109], [-75.9704, 39.5046], [-75.9589, 39.5851], [-76.063, 39.5611], [-76.0973, 39.4331], [-76.2158, 39.3799], [-76.2477, 39.4386], [-76.2764, 39.3228], [-76.3308, 39.4039], [-76.4209, 39.225], [-76.5704, 39.2693], [-76.4276, 39.126], [-76.4201, 39.0739], [-76.4731, 39.0306], [-76.5585, 39.0652], [-76.4938, 38.9452], [-76.5369, 38.7426], [-76.5013, 38.5322], [-76.3941, 38.369], [-76.4388, 38.3615], [-76.5724, 38.4358], [-76.6773, 38.612], [-76.6686, 38.5375], [-76.642, 38.4543], [-76.4088, 38.2683], [-76.3329, 38.1408], [-76.3412, 38.087], [-76.4544, 38.1735], [-76.7691, 38.2629], [-76.8681, 38.3903], [-76.8897, 38.2921], [-77.0012, 38.4453], [-77.1559, 38.3971], [-77.2325, 38.4077], [-77.2209, 38.541], [-77.0182, 38.7777], [-77.0304, 38.8893], [-77.0456, 38.7758], [-77.2604, 38.6], [-77.3137, 38.3966], [-77.2732, 38.3518], [-77.0468, 38.3567], [-76.9063, 38.1971], [-76.5495, 38.0945], [-76.4718, 38.0112], [-76.2643, 37.8936], [-76.3441, 37.6757], [-76.4925, 37.6822], [-76.8286, 37.9615], [-76.94, 38.0955], [-77.1111, 38.1657], [-76.9251, 38.033], [-76.5495, 37.6691], [-76.3056, 37.5715], [-76.3676, 37.5303], [-76.2686, 37.4952], [-76.2635, 37.357], [-76.401, 37.3861], [-76.3932, 37.3], [-76.4539, 37.2735], [-76.5384, 37.3094], [-76.7577, 37.5054], [-76.6109, 37.3226], [-76.327, 37.1493], [-76.2833, 37.0527], [-76.4009, 36.9913], [-76.6023, 37.1429], [-76.6309, 37.2217], [-76.7035, 37.2177], [-77.007, 37.3177], [-77.2509, 37.3292], [-76.6719, 37.1729], [-76.6339, 37.0474], [-76.5046, 36.961], [-76.4878, 36.897], [-76.3996, 36.8898], [-76.2442, 36.9526], [-75.9994, 36.9126], [-75.7579, 36.2292], [-75.5342, 35.8191], [-75.7282, 36.1037], [-75.9465, 36.6591], [-75.9928, 36.4738], [-75.8666, 36.2679], [-75.8201, 36.1128], [-75.883, 36.1757], [-76.1479, 36.2793], [-76.15, 36.1458], [-76.2706, 36.1899], [-76.2274, 36.116], [-76.3837, 36.1335], [-76.4788, 36.0282], [-76.5594, 36.0153], [-76.6789, 36.0753], [-76.7336, 36.2291], [-76.7262, 35.9576], [-76.3583, 35.9529], [-76.2065, 35.9912], [-76.0698, 35.9703], [-76.0836, 35.6905], [-76.0012, 35.7222], [-75.9789, 35.8959], [-75.8539, 35.9602], [-75.812, 35.9558], [-75.7588, 35.8433], [-75.7739, 35.647], [-76.1738, 35.3541], [-76.4895, 35.397], [-76.5325, 35.5084], [-76.5772, 35.5323], [-76.611, 35.5297], [-76.6341, 35.4532], [-76.7414, 35.4315], [-77.04, 35.5274], [-76.9745, 35.4584], [-76.5955, 35.3297], [-76.5129, 35.2704], [-76.628, 35.0733], [-76.7792, 34.9903], [-76.861, 35.005], [-77.0703, 35.1546], [-76.975, 35.0252], [-76.8986, 34.9703], [-76.745, 34.941], [-76.4567, 34.9894], [-76.3622, 34.9365], [-76.4398, 34.8429], [-76.5169, 34.7772], [-76.7071, 34.7521], [-76.7332, 34.707], [-77.1339, 34.7079], [-77.2962, 34.6029], [-77.3584, 34.6203], [-77.4123, 34.7308], [-77.3798, 34.5266], [-77.7507, 34.285], [-77.8608, 34.1492], [-77.9278, 33.9397], [-77.9533, 34.169], [-78.0133, 33.9118], [-78.4059, 33.9176], [-78.5777, 33.8732], [-78.8415, 33.7241], [-79.1382, 33.4059], [-79.1938, 33.2441], [-79.2384, 33.3122], [-79.2265, 33.4049], [-79.2813, 33.3154], [-79.2292, 33.1852], [-79.276, 33.1354], [-79.4199, 33.0425], [-79.5871, 33.0009], [-79.6149, 32.9093], [-79.805, 32.7874], [-79.9331, 32.8101], [-79.8937, 32.7287], [-79.9407, 32.6671], [-80.0218, 32.6199], [-80.2297, 32.5765], [-80.3628, 32.5007], [-80.5722, 32.5337], [-80.6342, 32.5117], [-80.4743, 32.4228], [-80.4857, 32.3518], [-80.5793, 32.2873], [-80.6472, 32.3959], [-80.7093, 32.3371], [-80.8025, 32.448], [-80.7979, 32.3634], [-80.6942, 32.2157], [-80.758, 32.1422], [-80.8492, 32.1139], [-80.9234, 31.9449], [-81.1133, 31.8786], [-81.0661, 31.788], [-81.1979, 31.7042], [-81.1699, 31.6103], [-81.2594, 31.5389], [-81.1754, 31.5313], [-81.295, 31.3712], [-81.381, 31.3533], [-81.2885, 31.2639], [-81.3649, 31.1719], [-81.4417, 31.1997], [-81.4604, 31.1271], [-81.5162, 30.8018], [-81.2495, 29.7938], [-80.9, 29.0499], [-80.5241, 28.4861], [-80.5678, 28.4265], [-80.585, 28.2716], [-80.4569, 27.9007], [-80.61, 28.1776], [-80.6069, 28.5229], [-80.6935, 28.345], [-80.7317, 28.4629], [-80.6885, 28.5785], [-80.7659, 28.6328], [-80.771, 28.7325], [-80.8382, 28.7577], [-80.7486, 28.381], [-80.2261, 27.207], [-80.1258, 27.083], [-80.05, 26.8077], [-80.0413, 26.5686], [-80.1264, 25.8335], [-80.1589, 25.8783], [-80.3008, 25.6186], [-80.3669, 25.3313], [-80.4847, 25.2298], [-80.5576, 25.2324], [-80.7365, 25.1563], [-80.8622, 25.1762], [-81.1105, 25.138], [-81.1674, 25.2285], [-81.136, 25.3097], [-81.0977, 25.3191], [-80.9654, 25.2243], [-80.9404, 25.2642], [-81.1133, 25.3672], [-81.3451, 25.7318], [-81.3649, 25.8311], [-81.5683, 25.8916], [-81.7155, 25.9832], [-81.8115, 26.1461], [-81.8666, 26.435], [-81.9589, 26.4899], [-81.8287, 26.6871], [-81.9206, 26.6314], [-81.9702, 26.5521], [-82.0396, 26.5521], [-82.0779, 26.7043], [-82.0669, 26.8916], [-82.0133, 26.9616], [-82.1811, 26.9368], [-82.1807, 26.8401], [-82.29, 26.8708], [-82.7146, 27.4996], [-82.6358, 27.5246], [-82.4305, 27.7711], [-82.4058, 27.8629], [-82.4457, 27.9028], [-82.5206, 27.8779], [-82.6359, 27.9812], [-82.6752, 27.9638], [-82.5966, 27.8732], [-82.611, 27.7772], [-82.6609, 27.7184], [-82.7153, 27.7331], [-82.7429, 27.7094], [-82.8435, 27.846], [-82.6606, 28.4858], [-82.6515, 28.8875], [-82.7693, 29.0516], [-83.2905, 29.4519], [-83.6944, 29.926], [-84.0442, 30.1038], [-84.3097, 30.0647], [-84.3556, 30.029], [-84.3828, 29.9074], [-84.55, 29.8979], [-84.8005, 29.773], [-85.3189, 29.6802], [-85.3764, 29.6952], [-85.4138, 29.7676], [-85.4138, 29.8425], [-85.3364, 29.7401], [-85.3149, 29.7581], [-85.3536, 29.8757], [-85.6758, 30.1219], [-85.6235, 30.1171], [-85.6103, 30.1484], [-85.6634, 30.1895], [-85.6035, 30.2868], [-85.7408, 30.2444], [-85.7558, 30.167], [-86.1751, 30.3325], [-86.4544, 30.3991], [-86.2401, 30.4291], [-86.1238, 30.4058], [-86.1657, 30.4643], [-86.2574, 30.493], [-86.4479, 30.4956], [-86.6796, 30.4029], [-87.2012, 30.3393], [-87.1238, 30.3967], [-86.9858, 30.4309], [-86.9651, 30.5019], [-86.9976, 30.5703], [-87.072, 30.5004], [-87.1706, 30.5388], [-87.1847, 30.4537], [-87.2811, 30.3393], [-87.4758, 30.2943], [-87.5007, 30.3093], [-87.4483, 30.3941], [-87.6223, 30.2647], [-88.006, 30.2309], [-87.7903, 30.2918], [-87.8571, 30.4074], [-87.9243, 30.4497], [-87.923, 30.5615], [-88.0113, 30.6942], [-88.1354, 30.3666], [-88.6921, 30.3554], [-88.9052, 30.4151], [-89.2236, 30.3324], [-89.3206, 30.3453], [-89.4435, 30.2231], [-89.5885, 30.166], [-89.9542, 30.2688], [-90.0452, 30.3514], [-90.126, 30.3691], [-90.2253, 30.3793], [-90.332, 30.2776], [-90.413, 30.1403], [-90.1753, 30.0291], [-89.9942, 30.0593], [-89.7375, 30.172], [-89.665, 30.117], [-89.8152, 30.0073], [-89.7438, 29.9298], [-89.6317, 29.9038], [-89.5895, 29.915], [-89.5634, 30.0021], [-89.4944, 30.0582], [-89.4007, 30.046], [-89.3544, 29.8202], [-89.5307, 29.7722], [-89.5909, 29.7253], [-89.5593, 29.698], [-89.683, 29.6749], [-89.7209, 29.6193], [-89.6748, 29.5387], [-89.5137, 29.4201], [-89.1808, 29.3357], [-89.1168, 29.2482], [-89.0157, 29.2029], [-89.0214, 29.1427], [-89.1095, 29.0987], [-89.1555, 29.0166], [-89.2361, 29.0811], [-89.3761, 28.9813], [-89.3535, 29.0702], [-89.4432, 29.1941], [-89.6203, 29.3024], [-89.7924, 29.3332], [-89.8183, 29.4161], [-89.8772, 29.458], [-90.1591, 29.5372], [-90.1413, 29.4797], [-90.0523, 29.4314], [-90.0528, 29.3368], [-90.1014, 29.1818], [-90.2128, 29.1049], [-90.3016, 29.2558], [-90.3792, 29.2951], [-90.5862, 29.2715], [-90.6775, 29.1506], [-90.751, 29.1309], [-91.2901, 29.289], [-91.2375, 29.331], [-91.1508, 29.3179], [-91.244, 29.4573], [-91.2488, 29.5642], [-91.331, 29.5136], [-91.5142, 29.5554], [-91.6725, 29.7461], [-91.8244, 29.7507], [-91.8932, 29.836], [-92.0173, 29.8003], [-92.1355, 29.6995], [-92.0589, 29.6172], [-92.084, 29.5928], [-92.2608, 29.5568], [-92.6713, 29.5971], [-93.1757, 29.779], [-93.6948, 29.7699], [-93.8265, 29.7251], [-93.8839, 29.81], [-93.8088, 29.8508], [-93.769, 29.9523], [-93.8415, 29.9797], [-93.9463, 29.815], [-93.8905, 29.6894], [-94.0997, 29.6704], [-94.7596, 29.3843], [-94.7501, 29.418], [-94.5263, 29.5479], [-94.7783, 29.5479], [-94.7244, 29.6553], [-94.7419, 29.75], [-94.8323, 29.7526], [-94.8899, 29.677], [-95.0229, 29.7023], [-94.9928, 29.531], [-94.8883, 29.3706], [-95.1391, 29.1678], [-95.1521, 29.0792], [-95.2735, 28.9639], [-95.8534, 28.6403], [-96.2345, 28.489], [-96.011, 28.6319], [-96.3734, 28.657], [-96.4487, 28.5945], [-96.5757, 28.7157], [-96.64, 28.7088], [-96.5247, 28.4887], [-96.4211, 28.4573], [-96.5617, 28.3671], [-96.6764, 28.3413], [-96.7735, 28.4216], [-96.8395, 28.1944], [-96.8916, 28.1576], [-96.9333, 28.2243], [-97.0155, 28.1635], [-97.1565, 28.1443], [-97.1413, 28.0607], [-97.0343, 28.0938], [-97.0731, 27.9861], [-97.1714, 27.8796], [-97.2516, 27.8544], [-97.3741, 27.87], [-97.4315, 27.8372], [-97.2887, 27.6706], [-97.4391, 27.3283], [-97.5239, 27.314], [-97.7685, 27.4575], [-97.6924, 27.2872], [-97.4851, 27.2374], [-97.4757, 27.1179], [-97.5547, 26.9673], [-97.4351, 26.4858], [-97.2139, 26.0679], [-97.1504, 26.0653], [-97.1402, 26.0297], [-97.1462, 25.9615], [-97.2818, 25.9416], [-97.3582, 25.8705], [-97.5873, 25.9842], [-97.8014, 26.042], [-98.275, 26.1112], [-98.3781, 26.1824], [-98.6914, 26.2765], [-98.7652, 26.3404], [-99.1078, 26.4469], [-99.2299, 26.7619], [-99.4565, 27.0567], [-99.4402, 27.1701], [-99.5101, 27.3403], [-99.5053, 27.5483], [-99.7542, 27.7299], [-100.112, 28.1729], [-100.296, 28.3277], [-100.3317, 28.5025], [-100.7546, 29.1825], [-101.0163, 29.4007], [-101.0386, 29.4603], [-101.3035, 29.6341], [-101.3804, 29.7426], [-101.5446, 29.7835], [-101.5464, 29.8081], [-101.9909, 29.7957], [-102.2689, 29.8712], [-102.3431, 29.865], [-102.3856, 29.8066], [-102.4763, 29.7691], [-102.6149, 29.7523], [-102.7342, 29.6439], [-102.892, 29.2164], [-103.0229, 29.1322], [-103.09, 29.0419], [-103.1683, 28.9982], [-103.2577, 29.0011], [-103.8529, 29.2911], [-103.9897, 29.3231], [-104.4006, 29.5737], [-104.6222, 29.8543], [-104.6813, 29.9905], [-104.6813, 30.1344], [-104.9179, 30.5833], [-105.514, 30.9808], [-106.0241, 31.3978], [-106.148, 31.4509], [-106.4454, 31.7684], [-108.2118, 31.7793], [-108.2145, 31.3294], [-111.042, 31.3242], [-114.8359, 32.5083], [-114.7248, 32.7153], [-117.1283, 32.5333], [-117.1374, 32.6492], [-117.1837, 32.6879], [-117.2435, 32.664], [-117.263, 32.9389], [-117.3188, 33.1], [-117.4674, 33.2955], [-118.0805, 33.7222], [-118.2644, 33.7586], [-118.2942, 33.7123], [-118.4104, 33.7439], [-118.393, 33.8583], [-118.5062, 34.0174], [-118.832, 34.0245], [-119.1437, 34.112], [-119.2358, 34.1641], [-119.2677, 34.2574], [-119.6061, 34.418], [-119.7132, 34.3997], [-120.053, 34.4693], [-120.4812, 34.4716], [-120.6447, 34.58], [-120.6249, 34.812], [-120.6591, 35.1224], [-120.8574, 35.2097], [-120.8849, 35.275], [-120.8603, 35.3654], [-120.8996, 35.4251], [-121.0229, 35.4808], [-121.1379, 35.6071], [-121.2838, 35.6763], [-121.3438, 35.7922], [-121.6644, 36.1541], [-121.8774, 36.3311], [-121.9187, 36.5724], [-121.79, 36.7323], [-121.8074, 36.8512], [-121.8807, 36.9389], [-122.1642, 36.991], [-122.3949, 37.2075], [-122.4084, 37.3731], [-122.4992, 37.5426], [-122.5142, 37.772], [-122.4456, 37.798], [-122.3841, 37.7885], [-122.3697, 37.6559], [-122.2976, 37.5918], [-122.166, 37.5017], [-122.0705, 37.4783], [-122.3854, 37.9606], [-122.3143, 38.0073], [-122.0867, 38.0496], [-121.5253, 38.0559], [-121.6257, 38.0839], [-121.8808, 38.075], [-122.0315, 38.1235], [-122.1538, 38.0655], [-122.3934, 38.1448], [-122.4839, 38.1088], [-122.4669, 37.8382], [-122.5213, 37.8264], [-122.932, 38.0555], [-122.9988, 37.9886], [-122.9776, 38.2273], [-122.8768, 38.1233], [-122.9082, 38.1966], [-123.0462, 38.3051], [-123.1211, 38.4493], [-123.2897, 38.5358], [-123.7011, 38.9073], [-123.7195, 39.111], [-123.8203, 39.3684], [-123.7778, 39.5149], [-123.8329, 39.7755], [-124.1085, 40.0945], [-124.324, 40.252], [-124.3717, 40.4912], [-124.2837, 40.7105], [-124.2539, 40.7403], [-124.22, 40.6965], [-124.1902, 40.7717], [-124.2225, 40.775], [-124.1331, 40.9698], [-124.14, 41.1559], [-124.0719, 41.4595], [-124.1632, 41.719], [-124.2446, 41.7879], [-124.2117, 41.9846], [-124.3553, 42.1229], [-124.4205, 42.381], [-124.4062, 42.5837], [-124.5396, 42.8129], [-124.3466, 43.3417], [-124.1969, 43.4233], [-124.288, 43.4097], [-124.1487, 43.6917], [-124.0992, 44.3338], [-124.0475, 44.4255], [-124.0592, 44.7777], [-123.9293, 45.577], [-123.9471, 46.1406], [-123.9893, 46.2194], [-123.9117, 46.1822], [-123.6736, 46.1826], [-123.5216, 46.2227], [-123.4023, 46.155], [-123.2206, 46.1536], [-123.4648, 46.2711], [-123.6503, 46.2677], [-123.6884, 46.2999], [-123.8957, 46.2678], [-123.9598, 46.3007], [-124.0728, 46.2794], [-124.0443, 46.6051], [-123.9461, 46.4326], [-123.8892, 46.66], [-124.0717, 46.7448], [-124.1125, 46.8627], [-123.8429, 46.9632], [-124.1117, 47.0352], [-124.1393, 46.9547], [-124.376, 47.6586], [-124.6631, 47.9741], [-124.71, 48.3804], [-123.9758, 48.1685], [-123.2944, 48.1195], [-123.1619, 48.1545], [-122.9739, 48.0733], [-122.7786, 48.1376], [-122.6566, 47.8812], [-122.7784, 47.7384], [-122.8214, 47.7932], [-123.0506, 47.552], [-123.1391, 47.3861], [-123.1042, 47.3484], [-122.9222, 47.4077], [-123.0668, 47.3997], [-123.0486, 47.4793], [-122.6082, 47.8355], [-122.5857, 47.9279], [-122.5328, 47.9197], [-122.5239, 47.7693], [-122.6302, 47.6928], [-122.6136, 47.6156], [-122.6755, 47.6124], [-122.5574, 47.4632], [-122.5779, 47.2932], [-122.6486, 47.2814], [-122.7077, 47.3164], [-122.7678, 47.2184], [-122.8285, 47.3366], [-122.9195, 47.2896], [-123.0276, 47.1389], [-122.812, 47.146], [-122.702, 47.1109], [-122.6042, 47.167], [-122.5422, 47.2756], [-122.4201, 47.3121], [-122.3538, 47.3716], [-122.4018, 47.7843], [-122.242, 48.0107], [-122.4158, 48.1839], [-122.3948, 48.0841], [-122.517, 48.1597], [-122.5203, 48.2291], [-122.4034, 48.2692], [-122.4085, 48.2939], [-122.5417, 48.4109], [-122.669, 48.4652], [-122.628, 48.4979], [-122.4968, 48.5056], [-122.5127, 48.6694], [-122.562, 48.778], [-122.653, 48.7639], [-122.6859, 48.7943], [-122.7888, 48.993], [-95.1621, 48.9917], [-95.1553, 49.3697], [-94.9394, 49.3494], [-94.8543, 49.3046], [-94.8035, 49.0029], [-94.7051, 48.8085], [-94.6209, 48.7426], [-94.0552, 48.659], [-93.8516, 48.6073], [-93.8036, 48.5489], [-93.7077, 48.5254], [-93.4636, 48.5613], [-93.3779, 48.6166], [-92.9962, 48.6118], [-92.5006, 48.4354], [-92.4146, 48.2766], [-92.3484, 48.2766], [-92.2987, 48.3289], [-92.1718, 48.3384], [-92.0052, 48.3019], [-91.8584, 48.1976], [-91.5183, 48.0583], [-91.3872, 48.0585], [-91.0435, 48.1937], [-90.9161, 48.2091], [-90.8403, 48.2005], [-90.7444, 48.1046], [-90.0918, 48.1181], [-89.9937, 48.0153], [-89.901, 47.9955], [-89.4557, 47.9962], [-89.2732, 48.02], [-88.6118, 48.264], [-88.3782, 48.3031], [-84.876, 46.8999], [-84.7794, 46.6373], [-84.5618, 46.4574], [-84.4017, 46.5156], [-84.1495, 46.5428], [-84.0884, 46.2265], [-83.9778, 46.0849], [-83.616, 46.1168], [-83.4695, 45.9947], [-83.5927, 45.8171], [-82.5511, 45.3474], [-82.1378, 43.5709], [-82.4082, 43.0727], [-82.5453, 42.6247], [-82.8678, 42.3852], [-83.0731, 42.3003], [-83.1497, 42.1419], [-83.1419, 41.9759], [-83.03, 41.833], [-82.69, 41.6752], [-82.4391, 41.6749], [-81.2776, 42.2092], [-80.2476, 42.366], [-79.0367, 42.8023], [-78.9151, 42.9091], [-79.0262, 43.0173], [-79.0661, 43.1061], [-79.0592, 43.2781], [-79.1719, 43.4666], [-78.8456, 43.5834], [-78.7204, 43.625], [-78.4583, 43.6315], [-76.82, 43.6288], [-76.4646, 44.0576], [-76.1858, 44.2422], [-76.1512, 44.304], [-75.8759, 44.417], [-75.1794, 44.8994], [-74.8566, 45.0039], [-74.7625, 44.9991], [-74.7089, 45.0039]]], [[[-72.5098, 40.986], [-72.5809, 40.9213], [-72.5166, 40.9148], [-72.1839, 41.0468], [-72.1019, 41.015], [-71.9032, 41.0607], [-72.5556, 40.8258], [-73.1943, 40.6542], [-73.8996, 40.5705], [-73.8013, 40.6218], [-73.8227, 40.656], [-73.8752, 40.6516], [-73.929, 40.5988], [-74.0149, 40.5812], [-74.0034, 40.6832], [-73.8792, 40.7916], [-73.6952, 40.87], [-73.6522, 40.838], [-73.5738, 40.9196], [-72.6251, 40.9918], [-72.2741, 41.153], [-72.4274, 41.0385], [-72.5098, 40.986]]], [[[-68.1873, 44.3325], [-68.3093, 44.3215], [-68.3151, 44.2497], [-68.4117, 44.2943], [-68.4095, 44.3643], [-68.2994, 44.4565], [-68.238, 44.4384], [-68.1909, 44.3644], [-68.1873, 44.3325]]], [[[-74.1881, 40.5229], [-74.2359, 40.5187], [-74.1882, 40.6146], [-74.1005, 40.6584], [-74.0674, 40.6154], [-74.1385, 40.5418], [-74.1881, 40.5229]]], [[[-70.5099, 41.3763], [-70.7853, 41.3274], [-70.8292, 41.359], [-70.6737, 41.4485], [-70.616, 41.4572], [-70.5253, 41.4148], [-70.5099, 41.3763]]], [[[-71.2414, 41.4919], [-71.3462, 41.4694], [-71.232, 41.6543], [-71.2414, 41.4919]]], [[[-69.9779, 41.2656], [-70.0551, 41.2495], [-70.2331, 41.2863], [-70.0627, 41.3285], [-70.0412, 41.3975], [-69.9856, 41.2986], [-69.9779, 41.2656]]], [[[-75.6357, 35.8559], [-75.6508, 35.8356], [-75.7172, 35.9461], [-75.6367, 35.8807], [-75.6357, 35.8559]]], [[[-75.5441, 35.2401], [-75.6901, 35.2216], [-75.5364, 35.2786], [-75.4813, 35.5721], [-75.5035, 35.7691], [-75.4564, 35.5642], [-75.5093, 35.2803], [-75.5441, 35.2401]]], [[[-75.7819, 35.1902], [-75.9842, 35.1231], [-75.8649, 35.1741], [-75.7819, 35.1902]]], [[[-76.5037, 34.643], [-76.5286, 34.6315], [-76.437, 34.7563], [-76.2074, 34.9389], [-76.3577, 34.8037], [-76.5037, 34.643]]], [[[-82.0372, 26.4536], [-82.0729, 26.4275], [-82.145, 26.4467], [-82.2014, 26.548], [-82.1161, 26.4609], [-82.0372, 26.4536]]], [[[-82.0838, 26.5523], [-82.0852, 26.4936], [-82.1691, 26.7007], [-82.1211, 26.6655], [-82.0838, 26.5523]]], [[[-80.3818, 25.1423], [-80.5806, 24.9542], [-80.456, 25.1493], [-80.3549, 25.2336], [-80.3513, 25.297], [-80.2571, 25.3476], [-80.3818, 25.1423]]], [[[-91.7937, 29.5007], [-91.8309, 29.4865], [-91.9962, 29.5731], [-92.0066, 29.6103], [-91.8752, 29.641], [-91.7677, 29.5847], [-91.7619, 29.539], [-91.7937, 29.5007]]], [[[-97.0144, 27.9016], [-96.9787, 28.0139], [-96.8574, 28.1329], [-96.8397, 28.0888], [-96.9213, 28.016], [-97.0144, 27.9016]]], [[[-96.7644, 28.1526], [-96.8011, 28.1484], [-96.7556, 28.2024], [-96.4036, 28.3816], [-96.4133, 28.3378], [-96.5439, 28.2756], [-96.7644, 28.1526]]], [[[-97.3536, 27.3], [-97.3848, 27.2425], [-97.295, 27.5231], [-97.13, 27.7792], [-97.0605, 27.822], [-97.2509, 27.5412], [-97.3536, 27.3]]], [[[-95.0397, 29.1459], [-95.0896, 29.1363], [-94.826, 29.3413], [-94.7676, 29.3391], [-94.8649, 29.2529], [-95.0397, 29.1459]]], [[[-97.1707, 26.1594], [-97.1845, 26.1129], [-97.4021, 26.8205], [-97.386, 27.1965], [-97.3512, 26.8015], [-97.2022, 26.2998], [-97.1707, 26.1594]]], [[[-120.3066, 34.0249], [-120.4416, 34.0329], [-120.3533, 34.0606], [-120.3066, 34.0249]]], [[[-119.438, 33.2172], [-119.5437, 33.2246], [-119.5752, 33.2783], [-119.4788, 33.2746], [-119.442, 33.2324], [-119.438, 33.2172]]], [[[-118.3504, 32.8276], [-118.4732, 32.8389], [-118.5902, 33.0112], [-118.5571, 33.0327], [-118.3832, 32.8495], [-118.3504, 32.8276]]], [[[-120.0436, 33.9188], [-120.1671, 33.9181], [-120.2519, 34.0139], [-120.0718, 34.0265], [-119.9839, 33.9733], [-120.0436, 33.9188]]], [[[-119.8824, 34.0797], [-119.6789, 34.0285], [-119.5691, 34.053], [-119.5493, 34.0282], [-119.8096, 33.9678], [-119.8855, 33.9949], [-119.9181, 34.0678], [-119.8824, 34.0797]]], [[[-118.3479, 33.3857], [-118.2975, 33.3121], [-118.4463, 33.3171], [-118.492, 33.4128], [-118.5694, 33.4642], [-118.3917, 33.4151], [-118.3479, 33.3857]]], [[[-122.7821, 48.6727], [-122.7688, 48.651], [-122.8376, 48.6266], [-122.903, 48.6647], [-122.8925, 48.5945], [-123.0028, 48.6522], [-122.8977, 48.7104], [-122.7821, 48.6727]]], [[[-123.0131, 48.5009], [-122.9868, 48.468], [-123.1399, 48.508], [-123.1622, 48.6064], [-123.1142, 48.6133], [-123.0242, 48.5385], [-123.0131, 48.5009]]], [[[-122.5728, 48.1566], [-122.5238, 48.0254], [-122.5028, 48.0801], [-122.3667, 47.9854], [-122.3832, 47.9232], [-122.5575, 47.9925], [-122.6227, 48.1514], [-122.7415, 48.2253], [-122.6286, 48.3842], [-122.5424, 48.294], [-122.697, 48.2287], [-122.5976, 48.2004], [-122.5728, 48.1566]]], [[[-71.3653, 41.4853], [-71.3931, 41.4667], [-71.384, 41.5706], [-71.3545, 41.5423], [-71.3653, 41.4853]]], [[[-74.1332, 39.6808], [-74.2505, 39.5294], [-74.1067, 39.7464], [-74.1332, 39.6808]]], [[[-75.3331, 37.8883], [-75.3785, 37.8721], [-75.0979, 38.2981], [-75.2032, 38.0724], [-75.3331, 37.8883]]], [[[-76.5462, 34.6549], [-76.6739, 34.7001], [-76.6223, 34.6945], [-76.5462, 34.6549]]], [[[-81.3348, 24.6505], [-81.3791, 24.6363], [-81.4201, 24.75], [-81.3198, 24.6676], [-81.3348, 24.6505]]], [[[-80.8294, 24.8037], [-80.7994, 24.8463], [-80.7868, 24.821], [-80.8294, 24.8037]]], [[[-80.6383, 24.9032], [-80.6651, 24.8984], [-80.6146, 24.9379], [-80.6383, 24.9032]]], [[[-81.0442, 24.7168], [-81.09, 24.6931], [-81.1374, 24.7105], [-80.9305, 24.7595], [-80.9889, 24.7279], [-81.0442, 24.7168]]], [[[-81.419, 30.9714], [-81.4635, 30.7278], [-81.4846, 30.8979], [-81.4509, 30.9474], [-81.419, 30.9714]]], [[[-81.5667, 24.5999], [-81.6315, 24.59], [-81.5623, 24.6892], [-81.5322, 24.6142], [-81.5667, 24.5999]]], [[[-80.1868, 27.2784], [-80.1705, 27.2048], [-80.3761, 27.6434], [-80.4369, 27.8505], [-80.3555, 27.6786], [-80.1868, 27.2784]]], [[[-81.7838, 24.5446], [-81.8114, 24.5578], [-81.7387, 24.5754], [-81.7397, 24.5545], [-81.7838, 24.5446]]], [[[-88.8893, 29.7126], [-88.9436, 29.6603], [-88.8727, 29.753], [-88.8893, 29.7126]]], [[[-88.5581, 30.2159], [-88.7229, 30.2643], [-88.574, 30.2292], [-88.5581, 30.2159]]], [[[-88.0713, 30.2523], [-88.3163, 30.2404], [-88.1094, 30.2737], [-88.0713, 30.2523]]], [[[-89.224, 30.0841], [-89.2205, 30.0376], [-89.342, 30.0628], [-89.1847, 30.1687], [-89.2107, 30.1262], [-89.224, 30.0841]]], [[[-88.8274, 29.8077], [-88.8557, 29.7759], [-88.828, 29.9284], [-88.8669, 30.0567], [-88.8126, 29.9334], [-88.8274, 29.8077]]], [[[-84.9079, 29.6426], [-85.0083, 29.6066], [-85.1167, 29.6328], [-85.0005, 29.6272], [-84.7372, 29.7324], [-84.9079, 29.6426]]], [[[-122.8531, 47.2047], [-122.8768, 47.1861], [-122.908, 47.2261], [-122.8851, 47.2747], [-122.8492, 47.2163], [-122.8531, 47.2047]]], [[[-122.3941, 47.3953], [-122.4371, 47.3548], [-122.4686, 47.3902], [-122.5099, 47.358], [-122.4865, 47.4888], [-122.4421, 47.4461], [-122.3941, 47.3953]]], [[[-122.4973, 47.5946], [-122.5759, 47.6195], [-122.5601, 47.6978], [-122.5079, 47.6827], [-122.4973, 47.5946]]], [[[-122.8209, 48.4313], [-122.9216, 48.4569], [-122.8855, 48.5516], [-122.8146, 48.4523], [-122.8209, 48.4313]]], [[[-68.6232, 44.196], [-68.7017, 44.1827], [-68.6908, 44.2487], [-68.656, 44.2423], [-68.6232, 44.196]]]]}}]}